adult,backdrop_path,genre_ids,id,origin_country,original_language,original_name,overview,popularity,poster_path,first_air_date,softcore,name,vote_average,vote_count
False,/uc1p1PEbEMpdIHqnU9TESNC6Jhp.jpg,[18],275102,['KR'],ko,스캔들,"In Joseon, a secret proposal ignites hidden desires in a gifted noblewoman, a famed lover and an unsuspecting lady caught in their dangerous game.",3400.2893,/4TU0PcHBIl0wPW5B6aVRGExOnHE.jpg,2026-09-18,False,The Scandal,6.273,11
False,/pF0qkRsrHkdYadPWY9AMeFZfcwk.jpg,"[10759, 80]",108978,['US'],en,Reacher,"Jack Reacher, a veteran military police investigator, has just recently entered civilian life. Reacher is a drifter, carrying no phone and the barest of essentials as he travels the country and explores the nation he once served.",867.0873,/f1VCQIG2iCyOookdgOzwtUpwWC0.jpg,2022-02-03,False,Reacher,8.1,3383
False,/qFfWFwfaEHzDLWLuttWiYq7Poy2.jpg,[10767],2261,['US'],en,The Tonight Show Starring Johnny Carson,"The Tonight Show Starring Johnny Carson is a talk show hosted by Johnny Carson under The Tonight Show franchise from 1962 to 1992. It originally aired during late-night. For its first ten years, Carson's Tonight Show was based in New York City with occasional trips to Burbank, California; in May 1972, the show moved permanently to Burbank, California. In 2002, The Tonight Show Starring Johnny Carson was ranked #12 on TV Guide's 50 Greatest TV Shows of All Time.",809.6015,/uSvET5YUvHNDIeoCpErrbSmasFb.jpg,1962-10-01,False,The Tonight Show Starring Johnny Carson,7.536,96
False,/gMMnf8VRg3Z98WaFmOLr9Jk8pIs.jpg,"[35, 10767]",63770,['US'],en,The Late Show with Stephen Colbert,"Stephen Colbert brings his signature satire and comedy to The Late Show with Stephen Colbert, the #1 show in late night, where he talks with an eclectic mix of guests about what is new and relevant in the worlds of politics, entertainment, business, music, technology, and more. Featuring bandleader Jon Batiste with his band Stay Human, the Emmy Award-nominated show is broadcast from the historic Ed Sullivan Theater.",709.1087,/9jkThAGYj2yp8jsS6Nriy5mzKFT.jpg,2015-09-08,False,The Late Show with Stephen Colbert,6.082,364
False,/hINekSpbcBxjnjGqmIm6I4bz2ab.jpg,"[10767, 35]",22980,['US'],en,Watch What Happens Live with Andy Cohen,Bravo network executive Andy Cohen discusses pop culture topics with celebrities and reality show personalities.,676.0239,/onSD9UXfJwrMXWhq7UY7hGF2S1h.jpg,2009-07-16,False,Watch What Happens Live with Andy Cohen,4.969,96
False,/tc7canPSAn2X14hYi6Rl3gZm1o4.jpg,"[80, 18]",549,['US'],en,Law & Order,"In cases ripped from the headlines, police investigate serious and often deadly crimes, weighing the evidence and questioning the suspects until someone is taken into custody. The district attorney's office then builds a case to convict the perpetrator by proving the person guilty beyond a reasonable doubt. Working together, these expert teams navigate all sides of the complex criminal justice system to make New York a safer place.",565.5337,/haJ9eHytVO3H3JooMJG1DiWwDNm.jpg,1990-09-13,False,Law & Order,7.286,726
False,/mU7l9UaEItxHbg2YBNs0sHjoFVY.jpg,"[18, 10768]",113962,['US'],en,Lioness,"Cruz Manuelos, a rough-around-the-edges but passionate young Marine, is recruited to join the CIA's Lioness Engagement Team to help bring down a terrorist organization from within. Joe, the station chief of the Lioness program, is tasked with training, managing and leading her female undercover operatives.",568.1133,/rzpHPSEgPTpRs8EHbygwsOw7jC0.jpg,2023-07-23,False,Lioness,8.2,1592
False,/amtOltTVcK9vQtL1iQS6p3LBi05.jpg,[10767],62223,['US'],en,The Late Late Show with James Corden,"Once Craig Ferguson retires, James Corden will be taking over The Late Late Show. The show is a late night talk show that interviews celebrities and has its own bits. And of course, it's all hosted by James Corden.",465.2712,/qPmVoG8G9tc1nN8ZwGV2zYcknit.jpg,2015-03-23,False,The Late Late Show with James Corden,5.149,148
False,/i4OYRb5V13BrOnTPJGdyXWg4r0J.jpg,"[35, 10767]",59941,['US'],en,The Tonight Show Starring Jimmy Fallon,"After Jay Leno's second retirement from the program, Jimmy Fallon stepped in as his permanent replacement. After 42 years in Los Angeles the program was brought back to New York.",516.034,/1N4o5PmmqhlVDrcdJ2RlCFWbLGX.jpg,2014-02-17,False,The Tonight Show Starring Jimmy Fallon,5.756,389
False,/jWXrQstj7p3Wl5MfYWY6IHqRpDb.jpg,[10763],94722,['DE'],de,Tagesschau,"German daily news program, the oldest still existing program on German television.",461.7041,/7dFZJ2ZJJdcmkp05B9NWlqTJ5tq.jpg,1952-12-26,False,Tagesschau,6.768,256
False,/dyFTt1a9ZpFdKE96kPlE9fQvXOJ.jpg,"[10751, 35, 18]",91759,['HK'],cn,愛·回家之開心速遞,"Hung Sue Gan starting from the bottom, established his own logistics company, which is now running smoothly. His only concern now are his three daughters. His eldest daughter has immigrated overseas. His second daughter Hung Yeuk Shui has reached the marriageable age, but has no hopes for marriage anytime soon. She is constantly bickering with her younger sister Hung Sum Yue, who is an honour student, over trivial matters, causing their father to not know whether to laugh or cry. Hung Sue Yan, Hung Sue Gan's brother, moves in with the family, temporarily ending his life as a nomadic photographer. He joins Hung Yeuk Shui's company and encounters Ko Pak Fei, the director of an online shop. The two appear to be former lovers, making for lots of laughter. Since Hung Sue Yan moved in, a series of strange events have occurred in the family. Upon investigation, the source is traced to Lung Ging Fung, a promising young man who is the son of department store mogul Lung Gam Wai.",585.6953,/lgD4j9gUGmMckZpWWRJjorWqGVT.jpg,2017-02-20,False,Come Home Love: Lo and Behold,5.435,46
False,/rJFqKcmMSttdNP58l0dVzY2NcTA.jpg,"[80, 18, 9648]",5920,['US'],en,The Mentalist,"Patrick Jane, a former celebrity psychic medium, uses his razor sharp skills of observation and expertise at ""reading"" people to solve serious crimes with the California Bureau of Investigation.",429.2205,/acYXu4KaDj1NIkMgObnhe4C4a0T.jpg,2008-09-23,False,The Mentalist,8.407,4746
False,/obtdxPgmfykYwVnvuYXC5f2xKlQ.jpg,"[80, 18, 9648]",2734,['US'],en,Law & Order: Special Victims Unit,"In the criminal justice system, sexually-based offenses are considered especially heinous. In New York City, the dedicated detectives who investigate these vicious felonies are members of an elite squad known as the Special Victims Unit. These are their stories.",459.9573,/iofokHZoUB4Qhik4PflvJl8TT6a.jpg,1999-09-20,False,Law & Order: Special Victims Unit,7.959,4357
False,/dfX2UaHVE5c7kLBFbgmEZJuy4Ev.jpg,"[10767, 35]",61818,['US'],en,Late Night with Seth Meyers,"Seth Meyers, who is ""Saturday Night Live's"" longest serving anchor on the show's wildly popular ""Weekend Update,"" takes over as host of NBC's ""Late Night"" — home to A-list celebrity guests, memorable comedy and the best in musical talent. As the Emmy Award-winning head writer for ""SNL,"" Meyers has established a reputation for sharp wit and perfectly timed comedy, and has gained fame for his spot-on jokes and satire. Meyers takes his departure from ""SNL"" to his new post at ""Late Night,"" as Jimmy Fallon moves to ""The Tonight Show"".",394.2658,/u8VruEGv7mtyJihVn2CSA1u90pk.jpg,2014-02-25,False,Late Night with Seth Meyers,5.112,134
False,/iixxhk3ycXmFqBn616pAsC3lu53.jpg,"[16, 35]",1433,['US'],en,American Dad!,"The series focuses on an eccentric motley crew that is the Smith family and their three housemates: Father, husband, and breadwinner Stan Smith; his better half housewife, Francine Smith; their college-aged daughter, Hayley Smith; and their high-school-aged son, Steve Smith. Outside of the Smith family, there are three additional main characters, including Hayley's boyfriend turned husband, Jeff Fischer; the family's man-in-a-goldfish-body pet, Klaus; and most notably the family's zany alien, Roger, who is ""full of masquerades, brazenness, and shocking antics.""",413.133,/eb9sH2am9IUSQ8GhXTNAVoujk8W.jpg,2005-02-06,False,American Dad!,7.019,2451
False,/ncQ8D4j8GSuL9CzncLEXnhHDxHy.jpg,"[16, 35]",456,['US'],en,The Simpsons,"Set in Springfield, the average American town, the show focuses on the antics and everyday adventures of the Simpson family; Homer, Marge, Bart, Lisa and Maggie, as well as a virtual cast of thousands. Since the beginning, the series has been a pop culture icon, attracting hundreds of celebrities to guest star. The show has also made name for itself in its fearless satirical take on politics, media and American life in general.",411.3515,/uWpG7GqfKGQqX4YMAo3nv5OrglV.jpg,1989-12-17,False,The Simpsons,8.0,11024
False,/l7wShoIdIUwaDIbsHno9pO5MZXT.jpg,"[16, 35]",1434,['US'],en,Family Guy,"Sick, twisted, politically incorrect and Freakin' Sweet animated series featuring the adventures of the dysfunctional Griffin family. Bumbling Peter and long-suffering Lois have three kids. Stewie (a brilliant but sadistic baby bent on killing his mother and taking over the world), Meg (the oldest, and is the most unpopular girl in town) and Chris (the middle kid, he's not very bright but has a passion for movies). The final member of the family is Brian - a talking dog and much more than a pet, he keeps Stewie in check whilst sipping Martinis and sorting through his own life issues.",390.2893,/3PFsEuAiyLkWsP4GG6dIV37Q6gu.jpg,1999-01-31,False,Family Guy,7.411,5121
False,/kCd0rmnNwCd3sgupO9DqSi9aHa0.jpg,[10767],65270,['KR'],ko,라디오스타,"“Radio Star” is a South Korean music talk show where the guests and hosts talk openly and intimately about their lives, their pasts and their work. It is part of Munhwa Broadcasting Corporation's ""Golden Fishery"" programming block.",309.5015,/uRUZDsvUfIP3JUEgOC8ReBlQQUU.jpg,2007-05-30,False,Radio Star,5.5,6
False,/c1aBrG5s5xFa6Tbnihu2Hhj4t2q.jpg,"[80, 18, 10759]",4614,['US'],en,NCIS,"From murder and espionage to terrorism and stolen submarines, a team of special agents investigates any crime that has any connection to Navy and Marine Corps personnel, regardless of rank or position.",377.2471,/mBcu8d6x6zB1el3MPNl7cZQEQ31.jpg,2003-09-23,False,NCIS,7.6,2572
False,/a8a8z4aJr40zYgRMfmSESppX2eO.jpg,"[10764, 35]",70672,['KR'],ko,아는 형님,"Male celebs play make-believe as high schoolers, welcoming star transfer students every week and engaging in battles of witty humor and slapstick.",302.2832,/2jIi55JtYKJTL1km8qHMuUilOWo.jpg,2015-12-05,False,Men on a Mission,7.4,42
False,/usLRh1bcbL0Q9X8zf6rL4OV1qrA.jpg,"[10759, 10765, 18]",2661,['JP'],ja,仮面ライダー,"Takeshi Hongo is a promising young man with a passion for motorcycle racing. However, his dreams are suddenly ruined when he gets kidnapped by Shocker, the evil secret organization planning to dominate the world. After being remodeled into a cyborg, Takeshi escapes and swears to protect the world from the inhuman monsters.",308.3429,/2DIBDFHiKQawz4WPsYekl9DHwyA.jpg,1971-04-03,False,Kamen Rider,6.394,109
False,/jP0Rhj9OTPDAwQlHQwOLFDdeE8t.jpg,[18],1416,['US'],en,Grey's Anatomy,Follows the personal and professional lives of a group of doctors at Seattle's Grey Sloan Memorial Hospital.,353.2833,/hjJkrLXhWvGHpLeLBDFznpBTY1S.jpg,2005-03-27,False,Grey's Anatomy,8.2,11055
False,/qLMfcvdCcCGD2BNLH8b6ZCBuO7D.jpg,"[10763, 35]",2224,['US'],en,The Daily Show,"The World's Fakest News Team tackle the biggest stories in news, politics and pop culture.",321.3057,/ixcfyK7it6FjRM36Te4OdblAq4X.jpg,1996-07-22,False,The Daily Show,6.405,663
False,/bk7QdAIUqkGpZO5GUX4AMB2AZIB.jpg,[10767],82873,['US'],en,The Kelly Clarkson Show,"Kelly Clarkson presents the biggest newsmakers and names in film, television and music; as well as emerging new talent and everyday people who are beacons of hope in their communities.",337.7521,/sBix25bie9UQFzbarN51DpFO5ky.jpg,2019-09-09,False,The Kelly Clarkson Show,6.233,73
False,/kGxPVyra9Lvf5tPmTXnMEBpwOip.jpg,"[18, 10766]",45789,['DE'],de,Sturm der Liebe,"These are the stories of relationships taking place in the fictional five-star hotel Fürstenhof, located in Feldkirchen-Westerham near Rosenheim with the plot revolving around members of the family room area, the hotel owners, and employees.",283.6752,/jfFNydakwvbeACEwSd2Gh8UWtba.jpg,2005-09-26,False,Storm of Love,6.0,39
False,/ro0tlgnsco4SwbdAgmscLkSlMSL.jpg,"[18, 9648, 10765]",1622,['US'],en,Supernatural,"When they were boys, Sam and Dean Winchester lost their mother to a mysterious and demonic supernatural force. Subsequently, their father raised them to be soldiers. He taught them about the paranormal evil that lives in the dark corners and on the back roads of America ... and he taught them how to kill it. Now, the Winchester brothers crisscross the country in their '67 Chevy Impala, battling every kind of supernatural threat they encounter along the way. ",324.5377,/8iixmfGx5EIFPdpNvB2JvI3VIqX.jpg,2005-09-13,False,Supernatural,8.3,8694
False,Tidak tersedia,[10764],31472,['CL'],es,Pelotón,"Pelotón is a Chilean reality show on National Television of Chile in which the participants undergo an intense regime of military training. The winner receives 50 million pesos. The first season aired January 2 — May 5, 2007, and the second season ran from October 2, 2007 to March 11, 2008. The third season were premiere in July 2009 and the contestants were Chilean celebrities. The third and 4th season were shooting back to back, and like last season the majority of participants were celebrities.",240.8332,/2rTGn2CBavgioMVorVdZHgmdA2n.jpg,2007-01-02,False,Pelotón,9.0,1
False,/tUtXfyVy54BY7eJnRtI8Xnmr1ZL.jpg,"[80, 18, 9648]",4057,['US'],en,Criminal Minds,"An elite team of FBI profilers analyze the country's most twisted criminal minds, anticipating their next moves before they strike again. The Behavioral Analysis Unit's most experienced agent is David Rossi, a founding member of the BAU who returns to help the team solve new cases.",321.8468,/hWSb4UnIjlTvnvrP98NbFSO60HA.jpg,2005-09-22,False,Criminal Minds,8.295,4176
False,/6gqezQJ2mkm4jreWwLyOZy2Vf6i.jpg,"[18, 9648, 10765]",95350,['US'],en,Lanterns,"Two intergalactic cops, new recruit John Stewart and Lantern legend Hal Jordan, are drawn into a dark, Earth-based mystery as they investigate a murder in the American heartland.",306.4526,/gpC7h43xPMEV3goYMQShfJbTtLq.jpg,2026-08-16,False,Lanterns,8.267,401
False,/m0bV3qBiJBBlpFaaKjwHo13MVjm.jpg,"[35, 10767]",14981,['US'],en,The Late Late Show with Craig Ferguson,"The Late Late Show with Craig Ferguson is an American late-night talk show hosted by Scottish American comedian Craig Ferguson, who is the third regular host of the Late Late Show franchise. It follows Late Show with David Letterman in the CBS late-night lineup, airing weekdays in the US at 12:37 a.m. It is taped in front of a live studio audience from Monday to Friday at CBS Television City in Los Angeles, California, directly above the Bob Barker Studio. It is produced by David Letterman's production company Worldwide Pants Incorporated and CBS Television Studios.

Since becoming host on January 3, 2005, after Craig Kilborn and Tom Snyder, Ferguson has achieved the highest ratings since the show's inception in 1995. While the majority of the episodes focus on comedy, Ferguson has also addressed difficult subject matter, such as the deaths of his parents, and undertaken serious interviews, such as one with Desmond Tutu, which earned the show a 2009 Peabody Award.",307.5705,/gGC7zSDgG0FY0MbM1pjfhTCWQBI.jpg,2005-01-03,False,The Late Late Show with Craig Ferguson,6.852,122
False,/55tcKzl0gZ0lR1q7TrVJm0h9lkT.jpg,"[10764, 10751]",2912,['US'],en,Jeopardy!,"America's favorite quiz show where contestants are presented with general knowledge clues in the form of answers, and must phrase their responses in question form.",274.1586,/hfz0IgebqGENG6ZnuqKQKMFk2vy.jpg,1984-09-10,False,Jeopardy!,6.925,166
False,/gjRnFAQk4EVg1P1s5512FT1Lq9c.jpg,[10764],4656,['US'],en,Raw,"A regularly scheduled, live, year-round program featuring some of the biggest WWE Superstars.",269.3226,/fstEe6RsyNyPUnMwNcL20iNl0nE.jpg,1993-01-11,False,Raw,6.8,374
False,/c2oiRa7V3bQzof4wVGzLXtWJ5QU.jpg,"[10759, 16, 35, 10765, 10762, 10751]",65733,['JP'],ja,ドラえもん,"Robotic cat Doraemon is sent back in time from the 22nd century to protect 10-year-old Noby, a lazy and uncoordinated boy who is destined to have a tragic future. Doraemon can create secret gadgets from a pocket on his stomach, but they usually cause more bad than good because of Noby's propensity to misuse them.",246.1301,/9ZN1P32SHviL3SV51qLivxycvcx.jpg,2005-04-22,False,Doraemon,8.084,245
False,/s1dTt4M31q2HwD5Fkl1tf5tQzJg.jpg,[10766],206559,['ZA'],af,Binnelanders,"A South African Afrikaans soap opera. It is set in and around the fictional private hospital, Binneland Kliniek, in Pretoria, and the storyline follows the trials, trauma and tribulations of the staff and patients of the hospital.",251.6402,/3bzECfllho8PphdYujLUIuhncJD.jpg,2005-10-13,False,Binnelanders,5.5,112
False,/hHMWfDlqKisD5zVcZfz3KEw5U3v.jpg,"[18, 10751]",50821,['HU'],hu,Barátok közt,Miklós introduces viewers into the world of Money and Charm.,246.2181,/kBBbSgNchtMvsgD6z1oI1RRluHP.jpg,1998-10-26,False,Among Friends,3.775,20
False,/tNi2aJPdCKfielGYzIi3IKxStz9.jpg,"[10762, 35]",502,['US'],en,Sesame Street,"On a special inner city street, the inhabitants—human and muppet—teach preschoolers basic educational and social concepts using comedy, cartoons, games, and songs.",199.8953,/14k9BfZ2p4rQBMeJ5crKTfUZVwD.jpg,1969-11-10,False,Sesame Street,7.149,295
False,/tHZsAFdtNsKNxE58jopl9Eh4f7a.jpg,[10767],2221,['US'],en,The View,"ABC Daytime's morning chatfest, currently featuring Whoopi Goldberg, Joy Behar, Sunny Hostin, Sara Haines, Alyssa Farah Griffin, and Ana Navarro discussing the most exciting events of the day. Hot topics in the news, the best experts in their field, celebrity interviews and general entertainment are all part of The View.",242.4016,/pEUNIxCMh2jFjUj7u09f4O5CcR4.jpg,1997-08-11,False,The View,4.345,113
False,/cvlLBcQWpO9X21jDHhgPJnE2aVq.jpg,"[80, 18, 9648]",1431,['US'],en,CSI: Crime Scene Investigation,"A Las Vegas team of forensic investigators are trained to solve criminal cases by scouring the crime scene, collecting irrefutable evidence and finding the missing pieces that solve the mystery.",294.6825,/i5hmoRjHNWady4AtAGICTUXknKH.jpg,2000-10-06,False,CSI: Crime Scene Investigation,7.609,1436
False,/mLyW3UTgi2lsMdtueYODcfAB9Ku.jpg,[35],2316,['US'],en,The Office,"The everyday lives of office employees in the Scranton, Pennsylvania branch of the fictional Dunder Mifflin Paper Company.",252.7454,/7DJKHzAi83BmQrWLrYYOqcoKfhR.jpg,2005-03-24,False,The Office,8.582,5495
False,/7jEnft2CLNbILWAiBRIBrXNN7Qh.jpg,"[10767, 35]",498,['US'],en,Late Show with David Letterman,"David Letterman uses mature humor to appeal to his audience in this weeknight series, which gets its music from a house band led by Paul Shaffer. Among the show's most-famous segments are the Top Ten List and Stupid Pet Tricks, the latter of which subsequently led to an additional recurring segment called Stupid Human Tricks.",258.1663,/fTBC5EpsgKmli9VQcJMtqQ08Qj4.jpg,1993-08-30,False,Late Show with David Letterman,6.451,174
False,/nE94ejEbzNCU48bW1oju0dqBONz.jpg,"[18, 35]",97546,['US'],en,Ted Lasso,"Ted Lasso, an American football coach, moves to England when he's hired to manage a soccer team—despite having no experience. With cynical players and a doubtful town, will he get them to see the Ted Lasso Way?",241.2895,/uRHsiw1wLxPHFXkkv4Ix1s0O6f4.jpg,2020-08-14,False,Ted Lasso,8.4,2675
False,/wsHj4oHQJoe7DMYaqNFwVoyLiAh.jpg,"[35, 10764]",33238,['KR'],ko,런닝맨,"These days, as variety shows are gradually disappearing, this is one of Korea’s representative variety shows that has been responsible for Sunday evenings for over 10 years. This program features numerous stars and members going around various places, playing games, and completing missions. In particular, among the many fun elements of variety shows, this one focuses solely on laughter.

Open your eyes! Big fun is coming in!

Open your mouth! Big laughter is coming in!

Open your heart! Useful lessons are coming in!",265.6943,/2Wmmu1MkqxJ48J7aySET9EKEjXz.jpg,2010-07-11,False,Running Man,8.237,219
False,/6iNWfGVCEfASDdlNb05TP5nG0ll.jpg,"[80, 18, 35]",79744,['US'],en,The Rookie,"Starting over isn't easy, especially for small-town guy John Nolan who, after a life-altering incident, is pursuing his dream of being an LAPD officer. As the force's oldest rookie, he's met with skepticism from some higher-ups who see him as just a walking midlife crisis.",262.6404,/70kTz0OmjjZe7zHvIDrq2iKW7PJ.jpg,2018-10-16,False,The Rookie,8.54,3541
False,/h0OC7ouop8YLwbAVfS3UUE2Lw4T.jpg,"[80, 18]",247718,"['GB', 'US']",en,MobLand,Two mob families clash in a war that threatens to topple empires and lives.,248.4724,/5Xc7WpWsgflfgEMoBlf9TmWhfbH.jpg,2025-03-30,False,MobLand,8.4,875
False,/sztoil0XfQ0cSHy4PXmYW6uAdfQ.jpg,[10764],65282,['KR'],ko,나 혼자 산다,"It can be a badge of honor to be “single.” “I Live Alone” is a documentary-style South Korean reality series that follows the members of a self-formed club called Rainbow, which is comprised of  celebrities who are single and live alone.",227.1205,/1hqGagr94soBq70Lq7tPHvNmmxy.jpg,2013-03-22,False,Home Alone,7.5,18
False,/j9fRIimor0AMFJR9kjZubXcABzZ.jpg,"[10759, 16, 10765]",94664,['JP'],ja,無職転生 ～異世界行ったら本気だす～,"When a 34-year-old underachiever gets run over by a truck, his story doesn't end there. Reincarnated in a new world as an infant, Rudy will seize every opportunity to live the life he's always wanted. Armed with new friends, some freshly acquired magical abilities, and the courage to do the things he's always dreamed of, he's embarking on an epic adventure—with all of his past experience intact!",284.5913,/gLKOYIMyKlUHW0SVdskhgf9C0yy.jpg,2021-01-11,False,Mushoku Tensei: Jobless Reincarnation,8.413,1727
False,/aSye04zKzWtUP3U6Cl4bOXc5Ih9.jpg,"[80, 18]",1911,['US'],en,Bones,"Dr. Temperance Brennan and her colleagues at the Jeffersonian's Medico-Legal Lab assist Special Agent Seeley Booth with murder investigations when the remains are so badly decomposed, burned or destroyed that the standard identification methods are useless.",243.1621,/eyTu5c8LniVciRZIOSHTvvkkgJa.jpg,2005-09-13,False,Bones,8.176,3590
False,/s2qJb1FLwp1Mse9lY08JqgMp0kw.jpg,"[10764, 35]",5092,['KR'],ko,무한도전,"Infinite Challenge has been reported as the first ""Real-Variety"" show in Korean television history. The program is largely unscripted, and follows a similar format of challenge-based Reality Television programs, familiar to the audiences in the West, but the challenges are often silly, absurd, or impossible to achieve, so the program takes on the aspect of a satirical comedy variety show, rather than a more standard reality or contest program. In order to achieve its comedic purposes its 6 hosts and staff continuously proclaim, the elements of this show are the 3-Ds, Dirty, Dangerous, and Difficult.",222.5729,/3ZIPTvMnzI5ThmdGeEYQFxJV5Sg.jpg,2005-04-23,False,Infinite Challenge,7.7,20
False,/rWpPRmFRLWEpiP5pyeUqC8hS84N.jpg,"[35, 18, 10751]",54999,['FI'],fi,Uusi Päivä,"Set in the small town of Virtaus, the series follows the lives of the town’s residents—both young and old—through their joys and sorrows.",235.6315,/6S1Ic9YTc24azvC2XgIxSpcdEF2.jpg,2010-10-04,False,Uusi Päivä,5.3,3
False,Tidak tersedia,[10762],35007,['NL'],nl,De Fabeltjeskrant,"Fabeltjeskrant [ 'faːbəɫcəskrɑnt] is a Dutch children's television series featuring puppetry and stop motion. Created in 1968 by Leen Valkenier and produced by Thijs Chanowski and Loek de Levita, it ended in 1989 and was broadcast on the Dutch channels NOS, RTL 4 and RTL 8 and on Belgian channel VRT. From 1973 to 1975 it was broadcast also in the United Kingdom, on ITV, with the title The Daily Fable.",193.9426,/h2HFhwgU7xcIEpgDuuPHfh5NOVZ.jpg,1968-09-29,False,The Daily Fable,8.0,5
False,/tsRy63Mu5cu8etL1X7ZLyf7UP1M.jpg,"[18, 80]",1396,['US'],en,Breaking Bad,"Walter White, a New Mexico chemistry teacher, is diagnosed with Stage III cancer and given a prognosis of only two years left to live. He becomes filled with a sense of fearlessness and an unrelenting desire to secure his family's financial future at any cost as he enters the dangerous world of drugs and crime.",247.126,/anFx9aTOOYqgS3v7x3R84Kz67ly.jpg,2008-01-20,False,Breaking Bad,8.952,18674
False,/7Vpk75SxS86Ai7o2iilJUz5rx4x.jpg,"[10766, 35, 18]",14424,['BR'],pt,Malhação,"Malhação is a Brazilian television series for the teenage audience. The soap started in 1995, and was set in a fictional Gym Club called Malhação on Barra da Tijuca, Rio de Janeiro. Through the years the location varied slightly. Although the name of the soap remains the same, it is now set in the Múltipla Escolha High School.",242.1333,/bF24r2FxsjzgkJcrbBU8RC9JVoU.jpg,1995-04-24,False,Young Hearts,6.3,38
False,/o0NsbcIvsllg6CJX0FBFY8wWbsn.jpg,"[10759, 16, 10765]",30984,['JP'],ja,BLEACH,"For as long as he can remember, Ichigo Kurosaki has been able to see ghosts. But when he meets Rukia, a Soul Reaper who battles evil spirits known as Hollows, he finds his life is changed forever. Now, with a newfound wealth of spiritual energy, Ichigo discovers his true calling: to protect the living and the dead from evil.",216.7669,/2EewmxXe72ogD0EaWM8gqa0ccIw.jpg,2004-10-05,False,Bleach,8.3,2276
False,/cJYLon9ejKJV7ua03ab8Tj9u067.jpg,"[18, 10765]",18165,['US'],en,The Vampire Diaries,"The story of two vampire brothers obsessed with the same girl, who bears a striking resemblance to the beautiful but ruthless vampire they knew and loved in 1864.",192.6482,/b3vl6wV1W8PBezFfntKTrhrehCY.jpg,2009-09-10,False,The Vampire Diaries,8.3,9768
False,/sgE2evtpaP5b9tavrgYCy2nKYLT.jpg,[10764],52910,['KR'],ko,김병만의 정글의 법칙,"Law of the Jungle is a hybrid reality show combining elements of drama and documentary. The show is hosted by comedian Kim Byung Man, and each episode invites various celebrities from the various field. So far, many of idol stars and famous actors have appeared on the show. The show introduces viewers to exotic locations around the world where celebrities must work together in order to complete missions and survive. The cast celebrities travel to less habituated, natural places to survive on their own and experience life with local tribes and people. In each location, the guests are tasked to hunt and prepare their meals and also create shelter for the tribe. They sometimes confronted by many difficult challenges. Where will the tribe visit? And how will they survive on their own? Stay tuned to check out!",191.3527,/zgMOq3H27nYikqjykeXCIIFRbjK.jpg,2011-10-21,False,Law of the Jungle,5.7,10
False,/pNdUVPm6RwvG9Ycd2cuYpLbM7lk.jpg,"[35, 10764]",78648,['KR'],ko,놀라운 토요일,"A group of hungry celebrities listen to poppin’ tunes, from recent hits to all-time-favorites, to correctly dictate a part of the lyrics.

The songs may sound familiar, but the part they must dictate are unclear to the naked ear, as the lyrics are slurred, muffled by strong beats, etc.

If they get the lyrics right, they get to share exquisite regional dishes. But if they get them wrong, a professional eater gobbles it up instead.",177.0905,/nEwybsfZBSPjcZamPpKDTaTI5g.jpg,2018-04-07,False,Amazing Saturday,7.6,10
False,/fQGrzO0Iwo7CO4b2zVdJLkcnhwK.jpg,"[10765, 18]",125988,['US'],en,Silo,"In a ruined and toxic future, thousands live in a giant silo deep underground. After its sheriff breaks a cardinal rule and residents die mysteriously, engineer Juliette starts to uncover shocking secrets and the truth about the silo.",207.7989,/gMYZZvnkVNTqSVnVCphWbPXwWwb.jpg,2023-05-04,False,Silo,8.221,2708
False,/u4oCL0YEl2vGH7J42QyqLgzyuKR.jpg,[10766],6489,['PL'],pl,Klan,"Family is the most important thing, and the children of Władysław and Maria Lubicz from Warsaw can always count on each other, no matter what surprises life offers.",160.2602,/vuSKqHmKLrKG2AYFOyQ4Ci9wTAj.jpg,1997-09-22,False,Klan,5.455,11
False,/zZqpAXxVSBtxV9qPBcscfXBcL2w.jpg,"[10765, 18, 10759]",1399,['US'],en,Game of Thrones,"Seven noble families fight for control of the mythical land of Westeros. Friction between the houses leads to full-scale war. All while a very ancient evil awakens in the farthest north. Amidst the war, a neglected military order of misfits, the Night's Watch, is all that stands between the realms of men and icy horrors beyond.",214.3047,/1XS1oqL89opfnbLl8WnZY1O1uJx.jpg,2011-04-17,False,Game of Thrones,8.5,27796
False,/ksNrsIkIwFKpetIyiUA7kBSBKvC.jpg,[10766],11890,['NL'],nl,"Goede Tijden, Slechte Tijden","Goede tijden, slechte tijden, also known as GTST, is the longest-running Dutch soap opera,  revolving around the lives of the families Alberts, Sanders, De Jong, Van Houten and Bouwhuis. It all takes place in the fictional town of Meerdijk.",222.9697,/p1oXgtJ0q0wAcEp3tHA5DpiynxL.jpg,1990-10-01,False,"Goede Tijden, Slechte Tijden",5.3,21
False,/crn53sSGWRZ8wAtEGso52nepEkz.jpg,"[16, 18, 10759]",223911,['CN'],zh,仙逆,"It tells the story of Wang Lin, an ordinary young man in the countryside, who is moved by his heart and cultivates against immortality. His pursuit is not only for longevity, but also for getting rid of the ants behind it. He firmly believed in human beings and entered the path of cultivation with mediocre qualifications. After experiencing ups and downs, with his wise mind, he gradually reached the pinnacle and became famous in the cultivation world with his own strength.",191.9734,/mCt5qgkOYEvuHSiSwNByMv6LMoB.jpg,2023-09-25,False,Renegade Immortal,8.3,44
False,/sSAX59Kf01lBRkBW4UcIL4kIoIm.jpg,"[35, 10763]",1667,['US'],en,Saturday Night Live,"A late-night live television sketch comedy and variety show created by Lorne Michaels. The show's comedy sketches, which parody contemporary culture and politics, are performed by a large and varying cast of repertory and newer cast members. Each episode is hosted by a celebrity guest, who usually delivers an opening monologue and performs in sketches with the cast, and features performances by a musical guest.",223.4238,/s1cZBqbMwAF3w8S3Yo0j5nr2Yuo.jpg,1975-10-11,False,Saturday Night Live,6.91,528
False,/ottT2Yt0OfHiHp3PHJTLNVV8JPE.jpg,"[18, 10766]",13945,['DE'],de,"Gute Zeiten, schlechte Zeiten","Gute Zeiten, schlechte Zeiten is a long-running German television soap opera, first broadcast on RTL in 1992. The programme concerns the lives of a fictional neighborhood in Germany's capital city Berlin. Over the years the soap opera tends to have an overhaul of young people in their late teens and early twenties; targeting a young viewership.",200.6623,/qujVFLAlBnPU9mZElV4NZgL8iXT.jpg,1992-05-11,False,"Gute Zeiten, schlechte Zeiten",5.46,50
False,/1gZrOa2E9DOohEvSLLBJqus2zGu.jpg,"[10759, 80, 18, 9648]",15226,['IN'],hi,सीआईडी,"A team of dedicated men and women in the Crime Investigation Department will risk everything to solve Mumbai's toughest, most complicated crimes.",255.5144,/3UymnlLfLMKxG8OcFhSnAlnhQfZ.jpg,1998-01-21,False,C.I.D.,5.7,31
False,/2Ib8kvWa9gGhJrAfGlhIvbmtbWn.jpg,"[10767, 35, 10763]",32415,['US'],en,Conan,A late night television talk show hosted by  Conan O'Brien.,208.6766,/oQxrvUhP3ycwnlxIrIMQ9Z3kleq.jpg,2010-11-08,False,Conan,7.173,266
False,/zOnLMRD3PIhwO5KZmWMVEnLokMo.jpg,"[18, 80]",1419,['US'],en,Castle,"After a serial killer imitates the plots of his novels, successful mystery novelist Richard ""Rick"" Castle receives permission from the Mayor of New York City to tag along with an NYPD homicide investigation team for research purposes.",215.7814,/diXBeMzvfJb2iJg3G0kCUaMCzEc.jpg,2009-03-09,False,Castle,7.96,2153
False,/kuxGPrAiyvIRjysEK97Bzr9248j.jpg,"[10751, 35]",26663,['US'],en,What's My Line?,"Four panelists must determine guests' occupations - and, in the case of famous guests, while blindfolded, their identity - by asking only ""yes"" or ""no"" questions.",208.976,/A9T7xSQFnlxFgZkqC4lmHYPXhq4.jpg,1950-02-02,False,What's My Line?,7.0,29
False,/wW9TkEkmiDD6XAfiBQ07kL7KK8x.jpg,"[35, 10767]",10536,['US'],en,The Mike Douglas Show,"The Mike Douglas Show is an American daytime television talk show hosted by Mike Douglas that originally aired only in the Cleveland area during much of its first two years on the air. It then went into syndication in 1963 and remained on television until 1982. It was distributed by Westinghouse Broadcasting and for much of its run, originated from studios of two of the company's TV stations in Cleveland and Philadelphia.",218.7198,/qNk97cbF3dZyhkfIcJhjFDD64sM.jpg,1961-12-11,False,The Mike Douglas Show,5.818,11
False,/2eIlCirgcvEwmCSYh2wDfz5Sxvz.jpg,"[18, 80, 9648]",46952,['US'],en,The Blacklist,"Raymond ""Red"" Reddington, one of the FBI's most wanted fugitives, surrenders in person at FBI Headquarters in Washington, D.C. He claims that he and the FBI have the same interests: bringing down dangerous criminals and terrorists. In the last two decades, he's made a list of criminals and terrorists that matter the most but the FBI cannot find because it does not know they exist. Reddington calls this ""The Blacklist"". Reddington will co-operate, but insists that he will speak only to Elizabeth Keen, a rookie FBI profiler.",199.2436,/4HTfd1PhgFUenJxVuBDNdLmdr0c.jpg,2013-09-23,False,The Blacklist,7.634,3722
False,/kkyrixKwSU6fHCUOD9QJj6XKYmi.jpg,"[10766, 18]",2527,['GB'],en,Emmerdale,"The lives of several families in the Yorkshire Dales revolve around a farm and the nearby village. With murders, affairs, lies, deceit, laughter and tears, it's all there in the village.",144.9475,/4elMyMe6W782VxXr5R1BmWDoqSg.jpg,1972-10-16,False,Emmerdale,4.3,100
False,/nO7EzksrBzlNpAg5rgv8HzaBIkx.jpg,[35],1421,['US'],en,Modern Family,"The Pritchett-Dunphy-Tucker clan is a wonderfully large and blended family. They give us an honest and often hilarious look into the sometimes warm, sometimes twisted, embrace of the modern family.",193.3721,/k5Qg5rgPoKdh3yTJJrLtyoyYGwC.jpg,2009-09-23,False,Modern Family,7.91,3533
False,Tidak tersedia,[],221468,['US'],en,Hollywood Squares,"On September 14, 1998, a Hollywood Squares revival debuted with Tom Bergeron as its host. In addition to her production duties, Whoopi Goldberg served as the permanent center square, with series head writer Bruce Vilanch, Gilbert Gottfried, Martin Mull, and Caroline Rhea as regular panelists and Brad Garrett, Bobcat Goldthwait, Jeffrey Tambor, George Wallace, Kathy Griffin and various others as semi-regular panelists. Shadoe Stevens returned to announce, although he was not given a square on the panel as he had been when John Davidson was host.",188.4395,/vHwgcxGQH8KpgTL4KEV4eG2IAn8.jpg,1998-09-14,False,Hollywood Squares,7.571,7
False,/5APjn4LnV5wWk5DXq7ZewT6zzP1.jpg,[10766],291,['GB'],en,Coronation Street,"The residents of Coronation Street are ordinary, working-class people, and the show follows them through regular social and family interactions at home, in the workplace, and in their local pub, the Rovers Return Inn. Britain's longest-running soap.",183.4458,/5x1HXqYqPyYw7oc7Isu1lvVmwRP.jpg,1960-12-09,False,Coronation Street,5.4,118
False,/bhG1XJ1fubbZkLnoBAxNrzzGXOg.jpg,"[18, 9648, 80]",1620,['US'],en,CSI: Miami,"The show follows Crime Scene Investigators working for the Miami-Dade Police Department as they use physical evidence, similar to their Las Vegas counterparts, to solve grisly murders. The series mixes deduction, gritty subject matter, and character-driven drama in the same vein as the original series in the CSI franchise, except that the Miami CSIs are cops first, scientists second.",195.0775,/pNW64pjaHvf6purNaFhq4SHYRfl.jpg,2002-09-23,False,CSI: Miami,7.677,1750
False,/qLYumObEHeRHFMC6N3SfCrnBFjp.jpg,[18],4601,['US'],en,Law & Order: Criminal Intent,The third installment of the “Law & Order” franchise takes viewers deep into the minds of its criminals while following the intense psychological approaches the Major Case Squad uses to solve its crimes.,177.7542,/zwqeNcgITL8ixEVVhe1dCnMQksq.jpg,2001-09-30,False,Law & Order: Criminal Intent,7.6,389
False,/7NWAe3Bc7s3hYDKdarkwGuxT1GM.jpg,"[10762, 16, 10759, 10765, 35]",51817,['US'],en,Teenage Mutant Ninja Turtles,"The Teenage Mutant Ninja Turtles are back in an all-new animated series on Nickelodeon! Surfacing topside for the first time on their fifteenth birthday, the titular turtles, Leonardo, Michelangelo, Raphael and Donatello, find that life out of the sewers isn't exactly what they thought it would be. Now the turtles must work together as a team to take on new enemies that arise to take over New York City.",147.7025,/n0DN6kJf0kGeuNFUYLT6eZe5ERR.jpg,2012-09-28,False,Teenage Mutant Ninja Turtles,8.309,807
False,/5BDNWWHweQL0q1fmTv7gmRXfnl4.jpg,"[16, 35, 10765, 10759]",60625,['US'],en,Rick and Morty,Follows a sociopathic genius scientist who drags his inherently timid grandson on adventures across the universe.,178.9048,/owhkU6KRqdXoUQpjV8uyZGPtX58.jpg,2013-12-02,False,Rick and Morty,8.68,11412
False,/7leJka0INkfFgZ3RpAKfDShyCTq.jpg,"[80, 18]",256440,['TR'],tr,Alıkara,"A mysterious corpse draws Chief Inspector Deniz and Psychologist Işık into a grueling struggle. As the investigation deepens, long-hidden traumas from the past come to light, and the hunt for an anonymous killer begins…",152.6533,/3Vp8LSlyJY34q8jnGTNs0FHgnXP.jpg,2026-09-10,False,Alıkara,5.0,2
False,/5s9XHTB9SLPdg3mNU6BlSLnZ9Qq.jpg,"[18, 35]",34307,['US'],en,Shameless,"Chicagoan Frank Gallagher is the proud single dad of six smart, industrious, independent kids, who without him would be... perhaps better off. When Frank's not at the bar spending what little money they have, he's passed out on the floor. But the kids have found ways to grow up in spite of him. They may not be like any family you know, but they make no apologies for being exactly who they are.",179.6148,/ifo31fMWLmyOVpdak9K0kY4jldQ.jpg,2011-01-09,False,Shameless,8.163,3503
False,/qVmgq1KXBp6BF2EqYPPaUG9iUGy.jpg,"[80, 18, 9648]",764,['GB'],en,Midsomer Murders,"The peacefulness of the Midsomer community is shattered by violent crimes, suspects are placed under suspicion, and it is up to a veteran DCI and his young sergeant to calmly and diligently eliminate the innocent and ruthlessly pursue the guilty. ",187.4712,/pz7tsWxe0TTdfJnWPjZAEnrSl5M.jpg,1997-03-23,False,Midsomer Murders,7.479,375
False,/c6nAwZgiMobI3HrmZR78wpIjSnr.jpg,"[80, 18, 10766]",72879,['FR'],fr,Demain nous appartient,"The story revolves around the people of Sète, France. Their lives are punctuated by family rivalries, romance and scenes from daily life, but also by plots involving police investigations, secrets and betrayals.",161.9733,/n6LIjlzlTFbowOik0EghVJUTysA.jpg,2017-07-17,False,Tomorrow Is Ours,6.2,73
False,/wXwuFD00ygOaUemaCpdJb3AxrRY.jpg,[10768],1905,['US'],en,The Situation Room with Wolf Blitzer,"The command center for breaking news, politics and extraordinary reports from around the world. Patterned after the concept of the White House Situation Room, CNN's lead political anchor Wolf Blitzer hosts newsmakers and experts to discuss and analyze the stories that are driving today's news.",170.4352,/jfwQZxeyRo2CLUCoyPB4cyXmvy4.jpg,2005-08-08,False,The Situation Room with Wolf Blitzer,3.8,8
False,/gJOpHgHa37qnglH3dL9g63iztky.jpg,[18],269,['US'],en,One Tree Hill,"In Tree Hill, North Carolina two half brothers share a last name and nothing else. Brooding, blue-collar Lucas is a talented street-side basketball player, but his skills are appreciated only by his friends at the river court. Popular, affluent Nathan basks in the hero-worship of the town, as the star of his high school team. And both boys are the son of former college ball player Dan Scott whose long ago choice to abandon Lucas and his mother Karen, will haunt him long into his life with wife Deb and their son Nathan.",157.2439,/sOrelBaAhp7DZbPTivDwKEyPslC.jpg,2003-09-23,False,One Tree Hill,7.813,630
False,/gFkHcIh7iE5G0oVOgpmY8ONQjhl.jpg,"[18, 10765]",60735,['US'],en,The Flash,"After being struck by lightning, CSI investigator Barry Allen awakens from a nine-month coma to discover he has been  granted the gift of super speed.  Teaming up with S.T.A.R. Labs, Barry takes on the persona of The Flash, the Fastest  Man Alive, to protect his city.",186.6343,/yZevl2vHQgmosfwUdVNzviIfaWS.jpg,2014-10-07,False,The Flash,7.747,11779
False,/3MkrzqX1jog9ItFux72MvYyYfuT.jpg,"[18, 10768, 9648]",206693,['KR'],ko,연인,A love-story between a noblewoman and a mysterious man who shows up in her hometown set in the 1600s during the Qing invasion.,131.7053,/d00uWx8T84ZRsguQTqITl3HnFJO.jpg,2023-08-04,False,My Dearest,8.333,57
False,/tLccUh3uazZ9TkLhe53UwprJhI4.jpg,"[80, 18, 10759]",32798,['US'],en,Hawaii Five-0,"Steve McGarrett returns home to Oahu, in order to find his father's killer. The governor offers him the chance to run his own task force (Five-0). Steve's team is joined by Chin Ho Kelly, Danny ""Danno"" Williams, and Kono Kalakaua.",177.5152,/sIdCKlmM2nU4akIvFQaAIiU8YES.jpg,2010-09-20,False,Hawaii Five-0,7.733,1905
False,/xpv70S3BIrW0FHEpoWET4T6JxNJ.jpg,[10767],204746,['US'],en,The Jennifer Hudson Show,Talented entertainer and newly-minted EGOT Jennifer Hudson takes on the daytime talk show landscape.,167.2093,/6VBNeo8XG90sNKWYQ0yTEmVBXHJ.jpg,2022-09-12,False,The Jennifer Hudson Show,5.6,32
False,/rxnschfLZf3ZPRiIa6oBBMtY7hF.jpg,"[18, 10759, 80]",4376,['US'],en,JAG,"Harmon ""Harm"" Rabb Jr. is a former pilot turned lawyer working for the military's JAG (Judge Advocate General) division, the elite legal wing of officers that prosecutes and defends those accused of military-related crimes. He works closely with Lt. Col. Sarah Mackenzie, and together they do what needs to be done to find the truth.",175.9089,/zPyHpkJZ5O08lbgrQQIROXtb3xz.jpg,1995-09-23,False,JAG,7.249,409
False,/vgeDRVpSUa4Hvovg4C6dgm4dfUW.jpg,"[10766, 18]",112470,['FR'],fr,Ici tout commence,"This television drama series is centered around the prestigious culinary school of renowned chef Auguste Armand. The show follows the lives of students and staff as they navigate the challenges and pressures of the culinary world—delving into their personal and professional lives, revealing secrets, rivalries, and complex relationships.",159.8079,/v7nXPo2zdaIOfeIaERiOuTEt89N.jpg,2020-11-02,False,Ici tout commence,6.8,92
False,/14LzHqJrFcHk7ruMNCXpEkB0Thg.jpg,[18],44006,['US'],en,Chicago Fire,"An edge-of-your-seat view into the lives of everyday heroes committed to one of America's noblest professions. For the firefighters, rescue squad and paramedics of Chicago Firehouse 51, no occupation is more stressful or dangerous, yet so rewarding and exhilarating. These courageous men and women are among the elite who forge headfirst into danger when everyone else is running the other way and whose actions make the difference between life and death.",169.4498,/r915sk2JpthZSjHEgZKifWxgo6L.jpg,2012-10-10,False,Chicago Fire,8.41,2439
False,/bhF63Jd90gRYyTHd4y5GCGA2vX6.jpg,"[16, 35, 10759, 10765]",31132,['US'],en,Regular Show,The surreal misadventures of two best friends - a blue jay and a raccoon - as they seek to liven up their mundane jobs as groundskeepers at the local park.,163.742,/mS5SLxMYcKfUxA0utBSR5MOAWWr.jpg,2010-09-06,False,Regular Show,8.634,2317
False,/4wVq9ICc4MI2XcssrumpCOhKLpI.jpg,"[10765, 10759, 18]",4604,['US'],en,Smallville,The origins of the world’s greatest hero–from Krypton refugee Kal-el’s arrival on Earth through his tumultuous teen years to Clark Kent’s final steps toward embracing his destiny as the Man of Steel.,173.0005,/mHZSq8LA5Dt48JjaOZ5tcPXQRVN.jpg,2001-10-16,False,Smallville,8.188,4610
False,/l0qVZIpXtIo7km9u5Yqh0nKPOr5.jpg,[35],1668,['US'],en,Friends,"Six young people from New York City, on their own and struggling to survive in the real world, find the companionship, comfort and support they get from each other to be the perfect antidote to the pressures of life.",167.3765,/kuqCom4s0htI5POztRTxxYrswqt.jpg,1994-09-22,False,Friends,8.4,9419
False,/81FKp9UMwZZ7Xk2ksV6z8qjG6pU.jpg,[10764],85231,['ES'],es,GH Dúo,,139.3507,/sgPv3qMYHKwxz9KQxjyQokmPUHj.jpg,2019-01-08,False,GH Dúo,6.5,4
False,/5PlsqkObgR5br4jhoSzVqjPB44I.jpg,[10764],117217,['ES'],es,El conquistador,"You’re going to run, explore, fly, dive, strike, suffer, compete, celebrate, and live the adventure. A high-stakes adventure reality show hosted by Julian Iantzi.",158.1897,/ub1xH2lt0mnBII5GLWQmWsEAOPg.jpg,2005-01-03,False,The Conqueror,5.7,3
False,/lKMXthilOKYuSdnbaR2bAsOoyIi.jpg,"[18, 10766]",45115,['VE'],es,Válgame Dios,"¡Válgame Dios! is a Spanish-language Venezuelan telenovela written by Mónica Montañéz for Venevisión.

Sabrina Seara and Eduardo Orozco star as the main protagonists while Ricardo Alamo, Carlota Sosa and Raquel Yanez star as the main antagonists.",148.6914,/yuF3eu03BriObBdlXCH4vPwJWmc.jpg,2012-03-13,False,Válgame Dios,7.2,20
False,/uYOYLFQ4q7asuhdiKXCqGaeAQUH.jpg,"[18, 9648, 80]",273207,['US'],en,Neagley,"Frances Neagley is a private investigator in Chicago and former military colleague of Jack Reacher in the Army's 110th Special Investigations Unit. When she learns that a beloved friend from her past has been killed in a suspicious accident, she becomes hell-bent on justice.",163.2562,/tEPDFIa21VK0Q2YLuzhTt2xrw5W.jpg,2026-09-16,False,Neagley,7.961,103
False,/Ajku4m7jbMpCTEPr794Imv19mCA.jpg,"[10763, 35]",4385,['US'],en,The Colbert Report,"The Colbert Report is an American satirical late night television program. It stars political humorist Stephen Colbert, a former correspondent for The Daily Show with Jon Stewart. The Colbert Report is a spin-off from and counterpart to The Daily Show that comments on politics and the media in a similar way. The show focuses on a fictional anchorman character named Stephen Colbert, played by his real-life namesake. The character, described by Colbert as a ""well-intentioned, poorly informed, high-status idiot"", is a caricature of televised political pundits.",171.7697,/pn2CVXjOlR8kY5MgOTJjZ71IM0Q.jpg,2005-10-17,False,The Colbert Report,6.981,315
False,/A4iwF1mpDq8HScQ3MZMhMJuT93k.jpg,"[18, 80]",3034,"['DE', 'AT', 'CH']",de,Tatort,"Tatort is a long-running German/Austrian/Swiss crime television series set in various parts of these countries. The show is broadcast on the channels of ARD in Germany, ORF in Austria and SF1 in Switzerland.",160.4883,/yh43TKi9himQWhzrlWBxV8WjsFn.jpg,1970-11-29,False,Scene of the Crime,6.185,127
False,/8U2ndZrneigI2zkvGuTJtt1ZsxK.jpg,"[35, 18]",4586,['US'],en,Gilmore Girls,"Set in the charming town of Stars Hollow, Connecticut, the series follows the captivating lives of Lorelai and Rory Gilmore, a mother/daughter pair who have a relationship most people only dream of.",158.7801,/gwtzCwU2wdLLf8oejQu2TINiWfQ.jpg,2000-10-05,False,Gilmore Girls,7.884,1304
False,/taqVKvEmMlI2hs2g364fXWzv0ia.jpg,"[10767, 35]",1489,['US'],en,Jimmy Kimmel Live!,"Jimmy Kimmel Live! is an American late-night talk show, created and hosted by Jimmy Kimmel and broadcast on ABC.",159.2895,/bGB6bEbG4qL22C1SFupkdAxYC9i.jpg,2003-01-26,False,Jimmy Kimmel Live!,5.323,217
False,/wrMY8LMEnPiM9dokAUZCGGKLWrm.jpg,"[80, 18, 9648]",95480,['GB'],en,Slow Horses,"Follow a dysfunctional team of MI5 agents—and their obnoxious boss, the notorious Jackson Lamb—as they navigate the espionage world's smoke and mirrors to defend England from sinister forces.",158.4524,/AdYr4DjOgXvDUMwu6vEhZy1Rnxk.jpg,2022-04-01,False,Slow Horses,8.0,993
False,/rWZXt8MOLNF4zSj68rptePNzksX.jpg,[10763],64190,['DE'],de,Volle Kanne,,150.1679,Tidak tersedia,1999-08-30,False,Volle Kanne,4.429,7
False,/yYpQV25I7XB6S0POJOScPjxYWV5.jpg,"[16, 10759, 10765]",60572,['JP'],ja,ポケットモンスター,"Join Ash accompanied by his partner Pikachu, as he travels through many regions, meets new friends and faces new challenges on his quest to become a Pokémon Master.",160.0498,/lP4zwr0F7hWTbAFltfoFTc2AxRG.jpg,1997-04-01,False,Pokémon,7.987,2264
False,/4vw2auyqSnxlXRb0NP1Z3nZ59TP.jpg,"[10751, 18, 35]",203769,['IN'],hi,Pushpa Impossible,"Pushpa Impossible is the story about a feisty middle-aged woman having studied until grade 9 in a Gujarati medium school and going back to school at the age of 44! She is boisterous, uncouth, impulsive, hardworking and an endearingly loveable mother of three children. She is Pushpa Patel hailing from a small town Patan in Gujarat and now residing at Bapodra Chawl in Mumbai. The show is a peek into her day-to-day struggles, her small victories, her Juggad, her shortcomings, and her constant pursuit of living a good life while struggling as a full-time mother and part-time businesswoman. The show is an autobiography of a mother, who decides to go back to school and change her life by impacting many lives!",119.5435,/jInpgPiN2KnTFAu2mtIbFJtFp7A.jpg,2022-06-06,False,Pushpa Impossible,7.0,1
False,/rhp8vYG1sIFtqH3ETmHJuI5Z3Cb.jpg,"[80, 18]",58841,['US'],en,Chicago P.D.,"A riveting police drama about the men and women of the Chicago Police Department's District 21 who put it all on the line to serve and protect their community. District 21 is made up of two distinctly different groups: the uniformed cops who patrol the beat and go head-to-head with the city's street crimes and the Intelligence Unit that combats the city's major offenses - organized crime, drug trafficking, high profile murders and beyond.",162.5194,/bez40PgT36RUu4gstD2A6GSM0tP.jpg,2014-01-08,False,Chicago P.D.,8.42,2635
False,/6TSJRc77dDOesKzcNqkz0KeXdLz.jpg,"[18, 9648, 10765]",1413,['US'],en,American Horror Story,"An anthology horror drama series centering on different characters and locations, including a house with a murderous past, an asylum, a witch coven, a freak show, a hotel, a farmhouse in Roanoke, a cult, the apocalypse and a summer camp.",157.2845,/6znF7sratRw5dvVx6Sx5gslv7sN.jpg,2011-10-05,False,American Horror Story,8.072,6176
False,/5UNcEz7Lc3OGilpPn1Tb9cd1xsc.jpg,"[35, 10767]",1220,['GB'],en,The Graham Norton Show,Each week celebrity guests join Irish comedian Graham Norton to discuss what's being going on around the world that week. The guests poke fun and share their opinions on the main news stories. Graham is often joined by a band or artist to play the show out.,165.123,/vrbqaBXB8AALynQzpWz6JdCPEJS.jpg,2007-02-22,False,The Graham Norton Show,7.2,290
False,/5DFvscYGpcFaQMJljCic5gbzVe6.jpg,"[80, 10759, 18]",80748,['US'],en,FBI,"The New York office of the FBI brings to bear all their talents, intellect and technical expertise on major cases in order to keep their city and the country safe.",156.0622,/zfKS4WL0OZ9udpNoSYZw91VB3aH.jpg,2018-09-25,False,FBI,7.9,948
False,/vcFW09U4834DyFOeRZpsx9x1D3S.jpg,"[10759, 18, 10765]",57243,['GB'],en,Doctor Who,"The Doctor is a Time Lord: a 900 year old alien with 2 hearts, part of a gifted civilization who mastered time travel. The Doctor saves planets for a living—more of a hobby actually, and the Doctor's very, very good at it.",159.2178,/lHfmc6d8pOVFrD0eOKPiDbjeucG.jpg,2005-03-26,False,Doctor Who,7.624,3462
False,/wAFuDJfZJrnh6a1wf1Vt7PqYBvR.jpg,"[80, 18, 10759]",1412,['US'],en,Arrow,"Spoiled billionaire playboy Oliver Queen is missing and presumed dead when his yacht is lost at sea. He returns five years later a changed man, determined to clean up the city as a hooded vigilante armed with a bow.",143.8441,/u8ZHFj1jC384JEkTt3vNg1DfWEb.jpg,2012-10-10,False,Arrow,6.834,6485
False,/hvFCS0dMeC3ffiF4uYTKzUAkvYL.jpg,[35],65701,['US'],en,Good Mythical Morning,"Two ""Internetainers"" (Rhett & Link) go far out and do the weirdest things, giving you a daily dose of casual comedy every Monday-Friday.",153.7519,/jMpBQr2aNOFAI6wsC47zsOG6qOh.jpg,2012-01-09,False,Good Mythical Morning,6.9,94
False,/jWeEu0YRqYZNj0HpRWYnZU2MsHo.jpg,"[18, 80, 9648]",40663,['JP'],ja,相棒,"Detective Ukyo Sugishita confronts crime on the basis of his own convictions. He has a partner that works for him in the Special Task Unit. For the first 7 seasons, Ukyo’s first partner is Kaoru Kameyama. He is a good-natured, hot-tempered, straightforward and somewhat scattered detective. Beginning in Season 8, Takeru Kanbe replaces Kameyama. Contrary to his predecessor, Takeru is a lanky, cool, conceited and confident detective. From Season 11 to Season 13, Ukyo’s partner is a young detective Toru Kai. Toru is a son of Deputy Director-General of The National Police Agency. But he became a detective by his own effort. And starting with Season 14, Ukyo’s current partner is Wataru Kaburagi, an elite bureaucrat who came to the Metropolitan Police Department on temporary assignment. As the first partner without any career of a police officer, he will face challenging cases together with Ukyo.",142.9541,/8u8rCCeuBufMQ1VlGX0lruhDaPR.jpg,2002-10-09,False,AIBOU: Tokyo Detective Duo,7.5,24
False,/7j4ug9B6JXVeh5HhQjjPScrdj4Z.jpg,"[80, 10759, 18]",71790,['US'],en,S.W.A.T.,"A Los Angeles S.W.A.T. sergeant is assigned to lead a highly skilled unit in the community where he grew up. Torn between loyalty to the streets, where the cops are sometimes the enemy, and allegiance to his brothers in blue, he strategically straddles the two worlds.",154.6369,/1l7vsAIkqOzrqiPwjO27Cb5QdfJ.jpg,2017-11-02,False,S.W.A.T.,8.03,1607
False,Tidak tersedia,"[10767, 10763]",62992,['DE'],de,DAS!,"Every evening at 6:45 p.m. sharp, a prominent guest takes a seat on the red sofa—and DAS! provides daily updates on what's hot in the north.",146.263,/yMg0l6hxCnR94Fcl1F1IEkmG26V.jpg,1991-01-02,False,DAS!,4.7,6
False,/hW9NOFs8xUevb90KQYHhbifp9Po.jpg,"[9648, 18, 35]",693,['US'],en,Desperate Housewives,"Looking down on her friends and family isn't a way of life for Mary Alice Young... it's a way of death. One day, in her perfect house, in the loveliest of suburbs, Mary Alice ended it all. Now she's taking us into the lives of her family, friends and neighbors, commenting from her elevated P.O.V.",157.039,/4qeI51jDzH81PpUUNaJCBrfm7f6.jpg,2004-10-03,False,Desperate Housewives,7.891,2139
False,/4kQiFnWtwndtCyKMszVJNPEE1kY.jpg,"[16, 18]",70998,['JP'],ja,僧侶と交わる色欲の夜に…,"At a high school reunion, Mio Fukatani reunites with a classmate she has not seen in years—Takahide Kujou. She had always wanted to know more about the kind-hearted boy in high school, but once she realizes that Kujou has become a monk, she believes that any chance of getting to know him romantically is slim. Deciding to drink away her sorrows, she ends up walking home drunk, and surprisingly, running into Kujou who helps her get home.

However, once inside, Kujou's lust for Mio becomes apparent and the two share an erotic night of passion. As this steamy romance blossoms between these two unlikely lovers, Mio and Kujou will undoubtedly spend many nights together in utter ecstasy.",144.7949,/ueI9EeoRdMVa7hWEm21nQEU8Zv3.jpg,2017-04-03,False,Souryo to Majiwaru Shikiyoku no Yoru ni...,5.5,15
False,/xV0JOheZzmemwdpq1fahTnfAUoU.jpg,"[35, 10767]",66465,['IN'],hi,The Kapil Sharma Show,"Kapil Sharma is back with his gang - Bindu, Chandan and 'mohalle ki dhoban' Gudiya. In tow is a new character, Maski, along with Goli, Roopmati and more! Enjoy guaranteed laughter with Kapil and his antics as different celebrities join in.",141.2162,/fBPNBNFmcwhYXUpkW2Kb6jbeJOR.jpg,2016-04-23,False,The Kapil Sharma Show,7.038,40
False,/gaew60NXUxok3Vmls7gkAT7lYW0.jpg,"[18, 80]",299939,['US'],en,Monster: The Lizzie Borden Story,"Trapped in a cruel Victorian-era household, Lizzie Borden kills her parents in a gory ax murder that shocks the nation.",147.455,/57XScX1aYtKi1LvHYFQLPUxVhTG.jpg,2026-09-17,False,Monster: The Lizzie Borden Story,7.129,66
False,/pvOI0jUuBVigqNTXClGGhIK2dSk.jpg,[10764],154770,['CN'],zh,你好，星期六,"""Hello, Saturday"" is the rebranding of the popular Chinese show ""Happy Camp"", hosted by He Jiong and with a fixed group of regular celebrity members.

The program showcases the talent of various stars as well as social topics through creative and diverse content and games. It aims to spread positive energy while keeping up with the current trends and leading youth culture.",130.473,/wsTjWy6NE2s3h0neChr0D92ddwI.jpg,2022-01-01,False,Hello Saturday,6.455,11
False,/3UviYOlhn8EgXMBuiT6MnUuo1w9.jpg,"[16, 35]",2190,['US'],en,South Park,"Follow the misadventures of four irreverent grade-schoolers in the quiet, dysfunctional town of South Park, Colorado.",146.9213,/k7n2EVge7G77eMr3brztRGG1fFU.jpg,1997-08-13,False,South Park,8.332,5157
False,/goDtZCB5pFIuuSfYDvApe6iXTID.jpg,"[80, 18]",32692,['US'],en,Blue Bloods,"A drama about a multi-generational family of cops dedicated to New York City law enforcement. Frank Reagan is the New York Police Commissioner and heads both the police force and the Reagan brood. He runs his department as diplomatically as he runs his family, even when dealing with the politics that plagued his unapologetically bold father, Henry, during his stint as Chief.",152.1251,/q1WlrxnCvNhBjJ4N7V0JQXjnIBN.jpg,2010-09-24,False,Blue Bloods,7.79,1028
False,/nS5ZSmrX92lu1GYAlXZye1mkDfd.jpg,"[80, 18, 9648]",1405,['US'],en,Dexter,"Dexter Morgan, a blood spatter pattern analyst for the Miami Metro Police also leads a secret life as a serial killer, hunting down criminals who have slipped through the cracks of justice.",154.9723,/q8dWfc4JwQuv3HayIZeO84jAXED.jpg,2006-10-01,False,Dexter,8.242,5862
False,/eNjzPQsNNPd8zluKTpv7Axhk8p4.jpg,[10767],1900,['US'],en,LIVE with Kelly and Mark,"A morning talk show with A-list celebrity guests, top-notch performances and one-of-a-kind segments that are unrivaled on daytime television, plus spontaneous, hilarious and unpredictable talk.",149.6061,/8eXDNLIhOGSoKCaIw9JJFNbnZ5x.jpg,1988-09-05,False,LIVE with Kelly and Mark,5.598,51
False,/yG1wltFmkX5c5ocACKfpX0tp3SY.jpg,"[35, 18, 80]",236235,['GB'],en,The Gentlemen,"When aristocratic Eddie inherits the family estate, he discovers that it's home to an enormous weed empire — and its proprietors aren't going anywhere.",138.5971,/tw3tzfXaSpmUZIB8ZNqNEGzMBCy.jpg,2024-03-07,False,The Gentlemen,7.877,941
False,/d7cH4zt3xoqRQnLqYXMPOrUz5k3.jpg,"[80, 18, 9648]",873,['US'],en,Columbo,"Columbo is a friendly, verbose, disheveled-looking police detective who is consistently underestimated by his suspects. Despite his unprepossessing appearance and apparent absentmindedness, he shrewdly solves all of his cases and secures all evidence needed for indictment. His formidable eye for detail and meticulously dedicated approach often become clear to the killer only late in the storyline.",155.8046,/2JCD8vab3fircOU8cM2HJCxfv4I.jpg,1971-09-15,False,Columbo,8.062,859
False,/xLdw1xdHocKYFFvx7w41NchXMfJ.jpg,"[9648, 18, 10765]",124364,['US'],en,FROM,"Unravel the mystery of a nightmarish town in middle America that traps all those who enter. As the unwilling residents fight to keep a sense of normalcy and search for a way out, they must also survive the threats of the surrounding forest – including the terrifying creatures that come out when the sun goes down.",141.184,/pRtJagIxpfODzzb0T0NAvZSzErC.jpg,2022-02-20,False,FROM,8.49,4277
False,/6HBi1vfb70PfeTx78BKv2md42mm.jpg,"[18, 35]",18495,['KR'],ko,논스톱,"Nonstop is a South Korean slice-of-life sitcom that broadcast its first season in 2000 on MBC. It continued with 5 more seasons. The series was popular for its cast of teen idols, many who debuted through the show..",124.9558,/elXJzhz1dM0lO7fK2BfO2pVtC7l.jpg,2000-05-15,False,Nonstop,5.333,6
False,/8NIvQY34tNPc4txNeym2zEYk9ek.jpg,"[16, 10759, 18]",106449,['CN'],zh,凡人修仙传,"A poor and ordinary boy from a village joins a minor sect in Jiang Hu and becomes an Unofficial Disciple by chance. How will Han Li, a commoner by birth, establish a foothold for himself in his sect? With his mediocre aptitude, he must successfully traverse the treacherous path of cultivation and avoid the notice of those who may do him harm. This is a story of an ordinary mortal who, against all odds, clashes with devilish demons and ancient celestials in order to find his own path towards immortality.",122.3142,/rXX12X3Lx7jmlvfUc3glIwJVLCH.jpg,2020-07-25,False,A Record of a Mortal's Journey to Immortality,8.425,87
False,/h050XJoiIobaH6bhj3MAhgilkpJ.jpg,"[18, 80, 10759]",75219,['US'],en,9-1-1,"Explore the high-pressure experiences of police officers, paramedics and firefighters who are thrust into the most frightening, shocking and heart-stopping situations. These emergency responders must try to balance saving those who are at their most vulnerable with solving the problems in their own lives.",146.6255,/6njUqsd3By2mJsdZm1P0moPLzs3.jpg,2018-01-03,False,9-1-1,8.2,2858
False,/rAOjnEFTuNysY7bot8zonhImGMh.jpg,"[10759, 18, 10765]",1402,['US'],en,The Walking Dead,Sheriff's deputy Rick Grimes awakens from a coma to find a post-apocalyptic world dominated by flesh-eating zombies. He sets out to find his family and encounters many other survivors along the way.,139.3328,/ng3cMtxYKt1OSQYqFlnKWnVsqNO.jpg,2010-10-31,False,The Walking Dead,8.08,18201
False,/dAepkmD4vdfhS82r2OIqF1nwGR5.jpg,"[10759, 18, 80, 9648]",17610,['US'],en,NCIS: Los Angeles,"The exploits of the Los Angeles–based Office of Special Projects (OSP), an elite division of the Naval Criminal Investigative Service that specializes in undercover assignments.",149.058,/TIIgcznwNfNr3KOZvxn26eKV99.jpg,2009-09-22,False,NCIS: Los Angeles,7.53,1266
False,/coHpOy9OJyFiHWeH36cSHMpLUHC.jpg,[35],2691,['US'],en,Two and a Half Men,A hedonistic jingle writer's free-wheeling life comes to an abrupt halt when his brother and 10-year-old nephew move into his beach-front house.,146.69,/xgfjxyV3g1S68opzuvG6G87muDp.jpg,2003-09-22,False,Two and a Half Men,7.4,3786
False,/lNpkvX2s8LGB0mjGODMT4o6Up7j.jpg,"[80, 18]",1398,['US'],en,The Sopranos,"The story of New Jersey-based Italian-American mobster Tony Soprano and the difficulties he faces as he tries to balance the conflicting requirements of his home life and the criminal organization he heads. Those difficulties are often highlighted through his ongoing professional relationship with psychiatrist Jennifer Melfi. The show features Tony's family members and Mafia associates in prominent roles and story arcs, most notably his wife Carmela and his cousin and protégé Christopher Moltisanti.",141.5809,/rTc7ZXdroqjkKivFPvCPX0Ru7uw.jpg,1999-01-10,False,The Sopranos,8.672,3685
False,/tMRdEsMg9MyXAkcufK9YJEeIaNW.jpg,[35],1400,['US'],en,Seinfeld,A stand-up comedian and his three offbeat friends weather the pitfalls and payoffs of life in New York City in the '90s. It's a show about nothing.,147.7474,/aCw8ONfyz3AhngVQa1E2Ss4KSUQ.jpg,1989-07-05,False,Seinfeld,8.248,2453
False,/32iRX9xqNH3ErJN6FowxdtgYmiY.jpg,"[35, 10764]",30801,['KR'],ko,1박 2일,"2 Days & 1 Night is a South Korean reality-variety show with the motto ""real wild road variety."" Its main concept is to recommend various places of interest that viewers can visit in South Korea.",122.6357,/qezeCEkIKHQM5iwyVeYBuXmYA2h.jpg,2007-08-05,False,2 Days and 1 Night,6.667,30
False,/dMY7XUfEAK0Rl8hsgc8ufEOaiZ2.jpg,"[18, 35, 80, 9648]",1695,['US'],en,Monk,"Adrian Monk was once a rising star with the San Francisco Police Department, legendary for using unconventional means to solve the department's most baffling cases. But after the tragic (and still unsolved) murder of his wife Trudy, he developed an extreme case of obsessive-compulsive disorder. Now working as a private consultant, Monk continues to investigate cases in the most unconventional ways.",141.0623,/3axGMbUecXXOPSeG47v2i9wK5y5.jpg,2002-07-12,False,Monk,7.94,1315
False,/lH22EnM0ofC7GsVGU8dAA2RXV1c.jpg,"[10759, 16, 10762]",65334,['FR'],fr,"Miraculous, les aventures de Ladybug et Chat Noir","Marinette and Adrien, two Parisian teenagers, are entrusted with powerful jewels in order to transform into superheroes Ladybug and Cat Noir. But neither hero knows the other's true identity — or that they're classmates!",138.1273,/acrtAy8gmxcsEvrDP09MpMSCeDZ.jpg,2015-10-19,False,Miraculous: Tales of Ladybug & Cat Noir,8.1,4672
False,/l7BDJsD2zRYHvu3G7qV1v7q5hoF.jpg,"[18, 10759, 10768]",69557,['IL'],he,פאודה,"A top Israeli agent comes out of retirement to hunt for a Palestinian militant he thought he'd killed, setting a chaotic chain of events into motion.",128.4669,/bc6XIKP1TrnugYMzIIUz9YCL8VM.jpg,2015-02-15,False,Fauda,7.372,278
False,Tidak tersedia,"[10763, 10767]",265167,['DE'],de,ZIBB,,136.6346,Tidak tersedia,2003-11-10,False,ZIBB,7.0,1
False,/gWTJDV0iRWkkiwlL5uXHQvRPbkk.jpg,[10767],39429,['KR'],ko,유희열의 스케치북,"You Hee-yeol's Sketchbook is a Korean pop music program that is both a talk show and live music show. The host of this program is You Hee-yeol, also known as Toy, a one-man project band. This program has aired since April 24, 2009.",132.7947,/5zsoaVX483aJG90rJhlAup1VAXI.jpg,2009-04-24,False,You Hee-yeol's Sketchbook,6.3,9
False,/n3Brk7roueE9HOwVmYlJx5j462g.jpg,"[10759, 80, 18]",2288,['US'],en,Prison Break,"Due to a political conspiracy, an innocent man is sent to death row and his only hope is his brother, who makes it his mission to deliberately get himself sent to the same prison in order to break the both of them out, from the inside out.",132.1045,/wnmNPaLvhnMeOqnWlhNkYCZxtda.jpg,2005-08-29,False,Prison Break,8.063,6161
False,/vB3dlgQtkTMRIWcirsFMrrASSvt.jpg,[10764],213810,['GR'],el,Survivor,,125.0835,/4Bn7In0Hc2B7w1CFBrw4Z8lqq1O.jpg,2003-09-18,False,Survivor,3.5,4
False,/3wztM15Bq7TX3Kc8IzApqsOQQjK.jpg,"[16, 35, 10759]",45857,['JP'],ja,家庭教師ヒットマン REBORN!,"Tsuna, a timid junior high student, is a failure at school, sports, and social life. But everything around Tsuna has been completely changed when a baby called Reborn, who claims to be an Italian hit man from Vongola family shows up! Reborn was sent to groom Tsuna for his future life as a mafia boss of the family!",99.8833,/ewYjHmmyxIaM3heRO0eZaOA6xo2.jpg,2006-10-07,False,REBORN!,8.1,198
False,/4YnAZ1KO9goeS4c06VO7HXiO3oO.jpg,"[10765, 18, 9648]",47640,['US'],en,The Strain,"A high concept thriller that tells the story of Dr. Ephraim Goodweather, the head of the Center for Disease Control Canary Team in New York City. He and his team are called upon to investigate a mysterious viral outbreak with hallmarks of an ancient and evil strain of vampirism. As the strain spreads, Eph, his team, and an assembly of everyday New Yorkers, wage war for the fate of humanity itself.",119.9832,/2BWErT9QcADpf2G4BZ769eSnFTP.jpg,2014-07-13,False,The Strain,7.5,2060
False,/nSJvwZziYaGMbftSDQqQ5GIb47a.jpg,"[18, 10765]",39272,['US'],en,Once Upon a Time,"There is a town in Maine where every story book character you've ever known is trapped between two worlds, victims of a powerful curse. Only one knows the truth and only one can break the spell.",131.0398,/u95scYysMZvBoekSLmMNJjeqXcY.jpg,2011-10-23,False,Once Upon a Time,7.396,2549
False,/3vTvRwMtwOzB0QLbOLIOArpQP0F.jpg,[18],288024,['IN'],bn,Pherari Mon,Gender bias and betrayal force Tulsi to infiltrate Agni's life. Will she win her battle?,122.8217,/wdft7FxBdrIMAmPsobNInZ5mYoQ.jpg,2022-11-07,False,Pherari Mon,0.0,0
False,Tidak tersedia,[10767],27213,['US'],en,The Late Late Show with Craig Kilborn,"Craig Kilborn hosted this zany talk show, which followed David Letterman's show, from 1999 until 2004. Kilborn left The Daily Show in 1999 to be this show's host after Tom Synder retired. The segment ""5 Questions"" was carried over from when he was on The Daily Show. Kilborn was frequently beaten in the ratings by his NBC timeslot rival, Conan O'Brien. Kilborn left The Late Late Show to pursue new opportunities.",129.9498,/2fABKyKKX6r4FUuCjd7qKmgNOID.jpg,1999-03-30,False,The Late Late Show with Craig Kilborn,5.265,17
False,/4CSdS9p0AhLhxCo1hGuQINiE2Sa.jpg,"[16, 35, 10751]",2122,['US'],en,King of the Hill,"Set in Texas, this animated series follows the life of propane salesman Hank Hill, who lives with his overly confident substitute Spanish teacher wife Peggy, wannabe comedian son Bobby, and naive niece Luanne. Hank has conservative views about God, family, and country, but his values and ethics are often challenged by the situations he, his family, and his beer-drinking neighbors/buddies find themselves in.",127.5512,/e2xyMapmYgv4AuSoSDv9Y4pQlD6.jpg,1997-01-12,False,King of the Hill,7.4,700
False,/4FqKFhF4BrNsrK3EdRpVJofVqCp.jpg,"[35, 10751]",3452,['US'],en,Frasier,"After many years spent at the “Cheers” bar, Frasier moves back home to Seattle to work as a radio psychiatrist after his policeman father gets shot in the hip on duty.",135.9512,/gYAb6GCVEFsU9hzMCG5rxaxoIv3.jpg,1993-09-16,False,Frasier,7.7,939
False,/eBoBenOIiQA9i9pkoZ25poBgCg9.jpg,"[80, 18]",37971,['DE'],de,Der Alte,"A police department, lead by an older, experienced detective solve crimes together.",136.7729,/mdgVarlF8LQgFFQMpUXTyb0EM9T.jpg,1977-04-11,False,The Old Fox,6.3,20
False,/bIHCUqaapZdRjd2kzSDiwzYyrpC.jpg,"[16, 10759, 35, 10751, 10765]",45140,['US'],en,Teen Titans Go!,"Robin, Starfire, Raven, Beast Boy and Cyborg return in all-new, comedic adventures. They may be super heroes who save the world every day ... but somebody still has to do the laundry!",125.0742,/kPKAigYUlWRpnfo4Ptiwlz4FWXU.jpg,2013-04-23,False,Teen Titans Go!,6.4,734
False,/or0E36KfzJYZwqXeiCfm1JgepKF.jpg,[18],37680,['US'],en,Suits,"While running from a drug deal gone bad, Mike Ross, a brilliant young college-dropout, slips into a job interview with one of New York City's best legal closers, Harvey Specter. Tired of cookie-cutter law school grads, Harvey takes a gamble by hiring Mike on the spot after he recognizes his raw talent and photographic memory.",132.4269,/vQiryp6LioFxQThywxbC6TuoDjy.jpg,2011-06-23,False,Suits,8.221,5917
False,/w00lfexrsOeR25dO4hsWhbcUnmD.jpg,"[9648, 10765, 80]",4087,['US'],en,The X-Files,"The exploits of FBI Special Agents Fox Mulder and Dana Scully who investigate X-Files: marginalized, unsolved cases involving paranormal phenomena. Mulder believes in the existence of aliens and the paranormal while Scully, a skeptic, is assigned to make scientific analyses of Mulder's discoveries that debunk Mulder's work and thus return him to mainstream cases.",134.7001,/rcBx0p8h51LHceyhquYMxbspJQu.jpg,1993-09-10,False,The X-Files,8.369,3720
False,/cakRVxJh1MI8Sj3aJ1f75uvUSze.jpg,"[80, 9648, 10764]",74561,['CN'],zh,明星大侦探,"The cast is introduced to the settings and suspects of a murder case for the new episode. The cast then chooses their role in the episode, as a particular suspect or the detective.",117.4611,/dmWr4vJgvGMH8m60fuTh0wzYGde.jpg,2016-03-27,False,Who's the Murderer,8.563,16
False,/lqDlYLNA0RdMXDiz70lU8Ib1nwW.jpg,"[18, 35, 80]",8590,['FR'],fr,Plus belle la vie,"The daily lives of the inhabitants of ""le Mistral"", an imaginary neighbourhood in the Mediterranean port city of Marseille, where wealthy families cross paths with the less than rich.",129.6577,/jmU8HlTDn87xmRqXagcL2swDr8I.jpg,2004-08-30,False,Plus belle la vie,4.4,38
False,/cchlQWYrnMPyl1EbjZWCzeAz8l5.jpg,"[18, 35, 10751, 10766]",36361,['CZ'],cs,Ulice,"Ulice is a Czech soap opera produced and broadcast by Nova. In the Czech language Ulice means street.

The show describes the lives of the Farský, Jordán, Boháč, Nikl, and Liška families and many other people that live in Prague. Their daily battle against real problems of living in a modern world like divorce, love, betrayal and illness or disease. Ulice often shows crime.",123.345,/zBEHcmVe87YjfI8SmIYkiDtX35I.jpg,2005-09-05,False,Ulice,4.892,37
False,/3G6Vdl588eIKkVGJiMaeYag83Fc.jpg,"[35, 18, 10751]",121513,['CN'],cn,外来媳妇本地郎,"Kang's Family; Migrant Wives, Local Husbands (Chinese: 外来媳妇本地郎 is a Cantonese sitcom produced by Guangdong Radio and Television. Filming began on April 18, 2000, and has been broadcast on GRT Pearl River Channel since November 4, 2000, with two episodes on Saturdays and Sundays at 19:00. It is the longest-running and most frequently aired sitcom in Chinese television history. As of May 15, 2021, the show has aired more than 4,000 episodes.",117.8634,/yubXCrUPIc83Nk53gYARF49rOYV.jpg,2000-11-04,False,Kang's Family,10.0,3
False,/oBUwRT7TbhTeFFTguY1s8RmmJpW.jpg,[10764],10160,['US'],en,Big Brother,"American version of the reality game show which follows a group of HouseGuests living together 24 hours a day in the ""Big Brother"" house, isolated from the outside world but under constant surveillance with no privacy for three months.",130.0452,/kvuNuOJSiPSBY1FDQHFGz1PIWUe.jpg,2000-07-05,False,Big Brother,4.839,273
False,/qpin8cASXEVtwhzNsprHYFiOAGk.jpg,"[16, 10765, 10759]",95479,['JP'],ja,呪術廻戦,"Yuji Itadori is a boy with tremendous physical strength, though he lives a completely ordinary high school life. One day, to save a classmate who has been attacked by curses, he eats the finger of Ryomen Sukuna, taking the curse into his own soul. From then on, he shares one body with Ryomen Sukuna. Guided by the most powerful of sorcerers, Satoru Gojo, Itadori is admitted to Tokyo Jujutsu High School, an organization that fights the curses... and thus begins the heroic tale of a boy who became a curse to exorcise a curse, a life from which he could never turn back.",128.0374,/6qQzMJG27XOJsyAEEIisoJB45j2.jpg,2020-10-03,False,JUJUTSU KAISEN,8.579,4665
False,/be6mDIMv7cg8duWkcYVnTB8rphO.jpg,"[10759, 18, 80]",1973,['US'],en,24,"Counterterrorism agent Jack Bauer fights the bad guys of the world, a day at a time. With each week's episode unfolding in real-time, ""24"" covers a single day in the life of Bauer each season.",152.7008,/iq6yrZ5LEDXf1ArCOYLq8PIUBpV.jpg,2001-11-06,False,24,7.778,1888
False,/z3BkMbCy5ajZPMyKEUwsPHuz2cV.jpg,[18],250307,['US'],en,The Pitt,The staff of Pittsburgh's Trauma Medical Center work around the clock to save lives in an overcrowded and underfunded emergency department.,125.0901,/kvFSpESyBZMjaeOJDx7RS3P1jey.jpg,2025-01-09,False,The Pitt,8.737,976
False,/2ykLpdtlZSnNeYHSGP5PtRqgSfU.jpg,"[18, 35]",120454,"['DE', 'US']",de,Spotlight,"The students at the Berlin School of Arts share a dream: success on the big stage—whether as dancers, singers, musicians, actors, or comedians. At the BSA, they inch closer to that goal every day. Yet, at the same time, they are just ordinary teenagers. They discover that success doesn't simply fall into one's lap; instead, every day demands hard work. On top of that, the school must contend with adversaries like Manuel Kanz and Mysterius. The series also addresses typical teenage issues—parents, friendships, puberty, rejection, and loneliness—as well as the fundamental question: ""Who am I, and who do I want to be?""",108.1117,/w06r2rsRi8HcyQQhI2WafkTlFof.jpg,2016-09-26,False,Spotlight,6.2,2
False,/2o0cVL6fOa06aXd5xogZhD1h4ce.jpg,"[10766, 18]",14686,['DE'],de,Alles was zählt,"Alles was zählt is a German television soap opera first broadcast on RTL on September 4, 2006. The original plot revolved around Diana Sommer's dream to become a world class ice skater. She fell in love with Julian Herzog, who signed her at the prestigious Steinkamp Sport and Wellness Center, run by the unscrupulous Steinkamp dynasty. Diana and Julian eventually became a couple, but in November 2007, Julian suffered a brain hemorrhage and died during their wedding. Diana remained in Essen until January 2009, when she left to join a skating centre in Halle. The story continues to revolve around the Steinkamp Sport and Wellness Centre and its quest to become a sporting powerhouse, as well as the lives of the characters who work at and around the Centre.",111.2614,/2qup6w78HhDiSii7v8vYgfEsz6E.jpg,2006-09-04,False,Alles was zählt,4.875,8
False,/f3cin9kOz4nOrlYEMxGFQhv4bdN.jpg,[18],71712,['US'],en,The Good Doctor,"Shaun Murphy, a young surgeon with autism and savant syndrome, relocates from a quiet country life to join a prestigious hospital's surgical unit. Unable to personally connect with those around him, Shaun uses his extraordinary medical gifts to save lives and challenge the skepticism of his colleagues.",129.2397,/luhKkdD80qe62fwop6sdrXK9jUT.jpg,2017-09-25,False,The Good Doctor,8.452,12939
False,/577eXC8wFQT0eUrJcgznSiFPRmk.jpg,"[10765, 18, 10759]",94997,['US'],en,House of the Dragon,"The Targaryen dynasty is at the absolute apex of its power, with more than 15 dragons under their yoke. Most empires crumble from such heights. In the case of the Targaryens, their slow fall begins when King Viserys breaks with a century of tradition by naming his daughter Rhaenyra heir to the Iron Throne. But when Viserys later fathers a son, the court is shocked when Rhaenyra retains her status as his heir, and seeds of division sow friction across the realm.",124.5466,/7V0Ebks0GgpKvQ7QbLAIdX5dos4.jpg,2022-08-21,False,House of the Dragon,8.382,7141
False,/ojyo33io8HGxNCRg21Z1o87YEZX.jpg,"[10759, 18, 10768]",71789,['US'],en,SEAL Team,"Military drama following the professional and personal lives of the most elite unit of Navy SEALs as they train, plan and execute the most dangerous, high stakes missions our country can ask of them.",122.8957,/6iSnec83UEMgLOXAtGYwaVNHLjR.jpg,2017-09-27,False,SEAL Team,8.036,1678
False,/3iwDkSURu4dhPUOpdB91QsV16OJ.jpg,[10767],71633,['PT'],pt,Alta Definição,"In Alta Definição, Daniel Oliveira interviews one guest every week with an intimate approach.",118.3282,/mIX6TfwLWV7P3Sv86xrqVADrqWE.jpg,2009-09-12,False,Alta Definição,7.2,4
False,/13kblIK8DnxMurcRDkeyy2sGR7v.jpg,"[10759, 18, 10768]",44217,['CA'],en,Vikings,"The adventures of Ragnar Lothbrok, the greatest hero of his age. The series tells the sagas of Ragnar's band of Viking brothers and his family, as he rises to become King of the Viking tribes. As well as being a fearless warrior, Ragnar embodies the Norse traditions of devotion to the gods. Legend has it that he was a direct descendant of Odin, the god of war and warriors.",127.6358,/bQLrHIRNEkE3PdIWQrZHynQZazu.jpg,2013-03-03,False,Vikings,8.101,7897
False,/2jzrUm0vGW2TqJPds1PfZVRYrh7.jpg,"[10766, 18, 80]",1871,['GB'],en,EastEnders,"The everyday lives of working-class residents of Albert Square, a traditional Victorian square of terrace houses surrounding a park in the East End of London's Walford borough.",125.9783,/ETFWCToRFx45vNAsNexh31ufSE.jpg,1985-02-19,False,EastEnders,4.2,229
False,/q9unI9oHyLUNK97RQPYAGjFs4Xu.jpg,"[35, 10767]",4573,['US'],en,Late Night with Conan O'Brien,"Stepping into the late-late slot vacated by David Letterman, Conan O'Brien stars in a show that far outdoes its competition in sheer strangeness. Along with the celebrity interviews and musical numbers typical of late-night talk shows, this program make frequent use of odd walk-on characters and frequent ""visits"" from celebrity guests.",122.9272,/gJZ1rhLLFpatuAeylJoUI82DKC7.jpg,1993-09-13,False,Late Night with Conan O'Brien,7.32,167
False,/x2jNLrYw1s9i6kihEJqsBQgs9nR.jpg,[18],62650,['US'],en,Chicago Med,"An emotional thrill ride through the day-to-day chaos of the city's most explosive hospital and the courageous team of doctors who hold it together. They will tackle unique new cases inspired by topical events, forging fiery relationships in the pulse-pounding pandemonium of the emergency room.",126.5462,/9eym662FRJJb9wdgCiDKPDciZzf.jpg,2015-11-17,False,Chicago Med,8.257,1278
False,/bq28ajZaoMyzEIm6REelqyqtEDZ.jpg,"[10765, 10759]",76479,['US'],en,The Boys,A group of vigilantes known informally as “The Boys” set out to take down corrupt superheroes with no more than blue-collar grit and a willingness to fight dirty.,126.7382,/in1R2dDc421JxsoRWaIIAqVI2KE.jpg,2019-07-25,False,The Boys,8.432,13449
False,/1UkDX6CK8hJ0oUtUycDTp5Vh9wO.jpg,"[10759, 80, 10765]",1411,['US'],en,Person of Interest,"John Reese, former CIA paramilitary operative, is presumed dead and teams up with reclusive billionaire Finch to prevent violent crimes in New York City by initiating their own type of justice. With the special training that Reese has had in Covert Operations and Finch's genius software inventing mind, the two are a perfect match for the job that they have to complete. With the help of surveillance equipment, they work ""outside the law"" and get the right criminal behind bars. ",127.5709,/f8aIvYk5h7Z8EP3dinCmVgQFYow.jpg,2011-09-22,False,Person of Interest,8.097,2165
False,/jR4GKwQADfOQ2twiUtTmWpsUJVi.jpg,[10764],40605,['DE'],de,Die Harald Schmidt Show,"The Harald Schmidt Show is a German late night talk show hosted on Sky Deutschland by comedian Harald Schmidt. The show first aired from 5 December 1995 to 23 December 2003 on Sat.1. Schmidt then moved his show to Das Erste as Harald Schmidt and Schmidt & Pocher, but he returned to Sat.1 on 13 September 2011. After cancellation on Sat.1, the show continued on Sky Deutschland in September 2012.",120.8484,/lQcE1AzjDP5zJRUW76PMRn7ai9W.jpg,1995-12-05,False,Die Harald Schmidt Show,7.405,21
False,/z67lpMtm8YGykJO4p89meuNMvj8.jpg,"[16, 80, 9648, 35]",30983,['JP'],ja,名探偵コナン,"The son of a world famous mystery writer, Jimmy Kudo, has achieved his own notoriety by assisting the local police as a student detective. He has always been able to solve the most difficult of criminal cases using his wits and power of reason.",118.4096,/iHfA63x7rFaWbP2C832uCe2r0zy.jpg,1996-01-08,False,Detective Conan,8.01,788
False,/7OrV2aAH5Yp7hA9zCCvUloLvZtl.jpg,"[16, 10762]",57532,['US'],en,PAW Patrol,"Marshall, Rocky, Rubble, Zuma and Skye are doing their best to protect the people of their town. Led by Ryder, a tech-savvy 10-year-old boy, each of them is equipped with special equipment and together they help anyone who finds themselves in trouble. No task is too big for them and no puppy is too small.",106.4683,/8HXkgUBO5OF8ZK9XbY69RM4S5rv.jpg,2013-08-12,False,PAW Patrol,7.0,820
False,/yUOFocKDW7MCC5isx4FK8A68QFp.jpg,"[9648, 10759, 18]",4607,['US'],en,Lost,"Stripped of everything, the survivors of a horrific plane crash must work together to stay alive. But the island holds many secrets.",123.7593,/og6S0aTZU6YUJAbqxeKjCa3kY1E.jpg,2004-09-22,False,Lost,7.961,5344
False,/9daf0KXr3xUkMt2NCI0ZhDIZJEa.jpg,[10766],12415,['ZA'],af,Egoli: Place of Gold,"A South African television soap opera created by Franz Marx which revolves around the daily ups, downs, trials and tribulations of a handful of families in and around Johannesburg (which is often referred to as eGoli - the City of Gold)",117.8617,/l8ivo9sEkKrLYRsNeyaVmAbH0eg.jpg,1992-04-06,False,Egoli: Place of Gold,7.2,5
False,/3f8aW6vcYRP6mTZdgXm83BiuB9t.jpg,[35],1100,['US'],en,How I Met Your Mother,A father recounts to his children - through a series of flashbacks - the journey he and his four best friends took leading up to him meeting their mother.,122.4063,/b34jPzmB0wZy7EjUZoleXOl2RRI.jpg,2005-09-19,False,How I Met Your Mother,8.118,5961
False,/yOyzlRw54oYaGvhUBdPr7TFwtrX.jpg,"[10765, 10759]",4629,"['US', 'CA']",en,Stargate SG-1,"The story of Stargate SG-1 begins about a year after the events of the feature film, when the United States government learns that an ancient alien device called the Stargate can access a network of such devices on a multitude of planets. SG-1 is an elite Air Force special operations team, one of more than two dozen teams from Earth who explore the galaxy and defend against alien threats such as the Goa'uld, Replicators, and the Ori.",124.0792,/dQjmI7XxI47v8IM2MUysHG0LuU2.jpg,1997-07-27,False,Stargate SG-1,8.267,1903
False,/3oZgE4220UrqaaiZXxz5MtNCVxJ.jpg,[10764],12513,['ES'],es,Operación triunfo,"Reality-show talent contest aimed to find the country's next solo singing sensation, putting a selection of hopefuls through their paces by getting them to sing a variety of cover versions of popular songs, with tutoring from various professionals.",92.0528,/8Qfq22zP5PeUKJfN5bFPFJtJz5i.jpg,2001-10-22,False,Operación triunfo,6.667,24
False,/ynSOcgDLZfdLCZfRSYZGiTgYJVo.jpg,"[37, 18]",73586,['US'],en,Yellowstone,"Follow the violent world of the Dutton family, who controls the largest contiguous ranch in the United States. Led by their patriarch John Dutton, the family defends their property against constant attack by land developers, an Indian reservation, and America’s first National Park.",116.2397,/peNC0eyc3TQJa6x4TdKcBPNP4t0.jpg,2018-06-20,False,Yellowstone,8.271,3341
False,/2mx486cRnUIm8PfV3D2CuVv5Z4L.jpg,"[10751, 10759, 10765]",25406,"['US', 'TR']",en,Jason and the Argonauts,"At a young age, Jason witnesses the brutal deposement and murder of his father at the hands of his uncle Pelias. Twenty years later, Jason returns home to claim his rightful place as king, but Pelias orders him to be executed, and in order to save himself Jason is forced to go on a dangerous quest to find the legendary Golden Fleece. So Jason gathers a motley crew of men and sets sail on the Argos.",106.3282,/pYXkdXyqnmKFf01Yi6MkbfMczhv.jpg,2000-05-07,False,Jason and the Argonauts,6.494,77
False,/6VR8b4e2XsPeIz4HWCLafi8PNAW.jpg,"[10766, 18]",1028,['GB'],en,Holby City,"Drama series about life on the wards of Holby City Hospital, following the highs and lows of the staff and patients.",115.7163,/rDlIwW4NEUDNyrlaxrJeO63VrRO.jpg,1999-01-12,False,Holby City,5.8,48
False,/ueZFcwAUvkjyAB9beaiqJyg0M8H.jpg,"[35, 18, 9648, 10765]",1981,['US'],en,Charmed,"Three sisters (Prue, Piper and Phoebe) reunite and unlock their powers to become the Charmed Ones, the most powerful good witches of all time, whose prophesied destiny is to protect innocent lives from evil beings such as demons and warlocks. Each sister possesses unique magical powers that grow and evolve, while they attempt to maintain normal lives in modern day San Francisco. ",124.8229,/z4bPJ1BWU2EtV69NII2GVvsugQ2.jpg,1998-10-07,False,Charmed,8.16,2585
False,/9PBVvl5o88WyKoynCYsws9jkGAl.jpg,"[80, 9648, 10759, 18]",2593,['US'],en,Without a Trace,The series follows the ventures of a Missing Persons Unit of the FBI in New York City.,127.1594,/iNhE283iY7xtS8zCjhSxpTfOzn0.jpg,2002-09-26,False,Without a Trace,7.226,283
False,/5F0HVEgkgP99fEWDjPyikGt9jQi.jpg,"[16, 10759, 10765]",46260,['JP'],ja,ナルト,"Naruto Uzumaki, a mischievous adolescent ninja, struggles as he searches for recognition and dreams of becoming the Hokage, the village's leader and strongest ninja.",117.744,/xppeysfvDKVx775MFuH8Z9BlpMk.jpg,2002-10-03,False,Naruto,8.362,6123
False,/vrLDuQ5L45f7vFWpMT17WopdWx0.jpg,"[10764, 10767]",72896,['KR'],ko,미운 우리 새끼,"How much do you know about your grown up son? In Mom’s Diary, the daily lives of the grown up celebrity sons are closely observed by their mothers. Do you know why your son drinks so much these days? How much do you know about your son’s philosophy in his life style? Heart-warming moments of observational communication between a mother and a son can be seen on Mom’s Diary.",107.7271,/fgeWRIiigNHLxy3qEzM0HqNcFHT.jpg,2016-08-26,False,My Little Old Boy,7.0,10
False,Tidak tersedia,[35],209992,['CO'],es,N.N.,"Colombian Sitcom focused on the adventures and misadventures of Nerón Navarrete,(A.K.A. ""NN"") a nice and playful gambler with huge desire to overcome, which comes from the countryside to the city. His clumsiness, because of many contradictions, only equal to the tenderness of her character, always polite, which makes engaging in all sorts of crazy situations in their quest to conquer the world.",80.0464,Tidak tersedia,1990-08-11,False,N.N.,7.0,1
False,/u2K2hyUSds4KzOegsC8Eon9oNf2.jpg,[35],2710,['US'],en,It's Always Sunny in Philadelphia,"Four egocentric friends run a neighborhood Irish pub in Philadelphia and try to find their way through the adult world of work and relationships. Unfortunately, their warped views and precarious judgments often lead them to trouble, creating a myriad of uncomfortable situations that usually only get worse before they get better.",115.6046,/o0tMMK33JqmtpcWw0H41cEr9xQB.jpg,2005-08-04,False,It's Always Sunny in Philadelphia,8.262,1411
False,/eWYsiQpa6WkW0cJWRdb6hIjfAoM.jpg,"[10763, 10767]",49497,['TR'],tr,Siyaset Meydanı,,100.2899,/5OMGxnxXUqptJaCzeOBkRJWkKlK.jpg,1994-02-06,False,Siyaset Meydanı,4.5,2
False,/fmFsm4dq02k2Xxs7M887unPAiXd.jpg,"[18, 10765, 10766]",2883,['US'],en,Dark Shadows,"Dark Shadows is an American gothic soap opera that originally aired weekdays on the ABC television network, from June 27, 1966, to April 2, 1971. The show was created by Dan Curtis. The story bible, which was written by Art Wallace, does not mention any supernatural elements. It was unprecedented in daytime television when ghosts were introduced about six months after it began.

The series became hugely popular when vampire Barnabas Collins appeared a year into its run. Dark Shadows also featured werewolves, zombies, man-made monsters, witches, warlocks, time travel, and a parallel universe. A small company of actors each played many roles; indeed, as actors came and went, some characters were played by more than one actor. Major writers besides Art Wallace included Malcolm Marmorstein, Sam Hall, Gordon Russell, and Violet Welles.",114.3948,/eRtnI7qTJIiPUmlY3J8TTM3jlT7.jpg,1966-06-27,False,Dark Shadows,7.321,95
False,/vuajwjep1FxphPhMEWKv4bfrCnf.jpg,"[16, 35]",57775,['JP'],ja,ちびまる子ちゃん,"Meet Maruko, a sweet schoolgirl with a hefty dose of curiosity (and occasional laziness!). She sails through life in a cozy town alongside her loving parents, grandparents, and sister. Maruko has a band of loyal friends, including her closest pal, Tama-chan, but her playful and doting grandpa is at the heart of it all. Life is never dull in this charming series.",122.8627,/bfn54AAMuh47IFqeoco0jgeVH1a.jpg,1990-01-07,False,Chibi Maruko-chan,7.8,24
False,/cXdgnKWFwhEreRW9k6tZhyIVEqq.jpg,"[35, 18, 10751]",84791,['HK'],cn,愛·回家,"MA FU, a retired employee of the HK Correctional Services Department, moved back to live with his son after retirement. MA FU treats and disciplines everyone in his family as if they were the offenders he works with in his job. His youngest son MA CHONG feels like he's in jail when he gets home, and his father is even often involved with his job as a paralegal. The father and son get into disputes daily and his elder brother MA KEUNG and his wife LO LAI SEUNG are often stuck in between and have to settle the disputes. The couple also holds the heavy responsibility of raising their kids. Three generations in the MA family all live together and encounter different situations, experiences and system of values.",91.3804,/nQwKCmgbpjb3wIf816t4WNgxzcR.jpg,2012-05-14,False,Come Home Love,8.0,1
False,/nlDBlCtorM7nx130wYnfR5ZmyLX.jpg,"[35, 10751, 18]",71728,['US'],en,Young Sheldon,"The early life of child genius Sheldon Cooper, later seen in The Big Bang Theory.",114.3268,/kidkbZRBGbsEIrX7pODRSKi9ipl.jpg,2017-09-25,False,Young Sheldon,8.026,3100
False,/o82rmThq339zBdO8Bd3gUyBic0o.jpg,[10764],80736,['KR'],ko,전지적 참견 시점,"We will get involved in every little detail of the stars’ lives. The managers who work closely with the stars reveal their mundane lives. Once the information is all revealed, the professional meddlers from various different fields are invited to make comments regarding even the smallest details. Lee Yeong Ja, Jun Hyun Moo, Song Eun I, Kim Saeng Min, Yang Se Hyeong and Yoo Byung Jae participate as the life meddlers along with the professionals.",92.6715,/jASfIetUKhrbqEEKBnjRjjgfuGK.jpg,2018-03-10,False,The Manager,5.5,6
False,/q8fmM50In8xGVW0iYoENPa71kAA.jpg,[10764],1636,['GB'],en,Top of the Pops,"The biggest stars, the most iconic performances, the most outrageous outfits – it’s Britain’s number one pop show.",111.682,/zRbkCnOYmz6dogqEaAN3COSovll.jpg,1964-01-01,False,Top of the Pops,6.6,44
False,Tidak tersedia,"[35, 10767]",243510,['RU'],ru,Comedy Баттл,"Humor is born on the stage, which, it seems, decides for itself who is worthy to stand on it. If the performance is not successful for the participant, the floor under his feet leans forward. At first, a little, but then another joke didn't work, and the corner becomes steeper, and after another failure, the head is occupied with completely unfunny thoughts - to hold on. And this is not the only technical surprise that awaits the contenders for victory: for bad jokes, participants receive a special mechanical ""paw"" on the fifth point.",98.0594,/9yGWsAFqIHZCiswcNuxMjWPbyOt.jpg,2010-08-28,False,Comedy Battle,4.0,2
False,/2AVPwdHJsF044jT39akgLxxv2zx.jpg,"[16, 35]",32726,['US'],en,Bob's Burgers,"Bob's Burgers follows a third-generation restaurateur, Bob, as he runs Bob's Burgers with the help of his wife and their three kids. Bob and his quirky family have big ideas about burgers, but fall short on service and sophistication. Despite the greasy counters, lousy location and a dearth of customers, Bob and his family are determined to make Bob's Burgers ""grand re-re-re-opening"" a success.",115.5549,/iIHsQe3Qjs3NH62HdamyQEPeqTR.jpg,2011-01-09,False,Bob's Burgers,7.834,1141
False,/iq4BjyVsDxzg24XnjoGP0Xi2Tz5.jpg,"[9648, 18, 80]",4177,['US'],en,Perry Mason,The cases of master criminal defense attorney Perry Mason and his staff who handled the most difficult of cases in the aid of the innocent.,118.7825,/sK6JvgNFP1ClT4aF4nPAZiDpAdk.jpg,1957-09-21,False,Perry Mason,7.705,139
False,/4NRBKA8qVzCvuD3WeLieiLGmIjm.jpg,[16],95897,['JP'],ja,おーばーふろぉ,"Kazushi Sudou is a university student who is visited by his two childhood friends, the sisters Ayane and Kotone Shirakawa. When Ayane discovers that Kazushi not only forgot to buy her pudding but is also using her special lotion in the bath, she decides to take revenge and join Kazushi in his bath along with Kotone. Will the perverted Kazushi be able to remain indifferent to them both?",112.0935,/8RtwL5gxUvh9YViqjhNlVRvJpum.jpg,2020-01-06,False,Overflow,7.5,95
False,/7sJrNKwzyJWnFPFpDL9wnZ859LZ.jpg,"[18, 9648, 80]",1415,['US'],en,Elementary,"A modern-day drama about a crime-solving duo that cracks the NYPD's most impossible cases. Following his fall from grace in London and a stint in rehab, eccentric Sherlock escapes to Manhattan where his wealthy father forces him to live with his worst nightmare - a sober companion, Dr. Watson.",118.4025,/q9dObe29W4bDpgzUfOOH3ZnzDbR.jpg,2012-09-27,False,Elementary,7.634,1898
False,/eciikZDLyEBQanGh3zpGNuYHtQ3.jpg,"[9648, 80, 18]",484,['US'],en,"Murder, She Wrote",An unassuming mystery writer turned sleuth uses her professional insight to help solve real-life homicide cases.,113.4687,/3UxBFG4fiuZ0P9n2sCrjXh64Avy.jpg,1984-09-30,False,"Murder, She Wrote",7.521,471
False,/qmliLoo6GVheM2FihatlAXxCKyF.jpg,"[10765, 10759, 18, 9648]",655,['US'],en,Star Trek: The Next Generation,"Follow the intergalactic adventures of Capt. Jean-Luc Picard and his loyal crew aboard the all-new USS Enterprise NCC-1701D, as they explore new worlds.",119.8121,/vkLzXddgUKH5VcpnYiRzpJFrZhz.jpg,1987-09-28,False,Star Trek: The Next Generation,8.382,1856
False,Tidak tersedia,"[10763, 10767]",37288,['DE'],de,Morgenmagazin,,114.1291,/aJlCBcmAE4xvLGR1xFMMB3rd1GI.jpg,1992-07-19,False,Morgenmagazin,5.3,3
False,/nG2im8JKKNB6dXg9ZmVTuiYqFJI.jpg,"[10766, 18]",14610,['FI'],fi,Salatut elämät,Salatut elämät (Secret Lives) is a Finnish television soap opera that premiered on MTV3 on 25 January 1999. The series' storylines follow the daily lives of several families who live in the same apartment block in Helsinki.,111.461,/ugYAGyxwajuplDUUYT8Bzbj8eNR.jpg,1999-01-25,False,Secret Lives,4.2,23
False,/ta5oblpMlEcIPIS2YGcq9XEkWK2.jpg,"[80, 10765]",63174,['US'],en,Lucifer,"Bored and unhappy as the Lord of Hell, Lucifer Morningstar abandoned his throne and retired to Los Angeles, where he has teamed up with LAPD detective Chloe Decker to take down criminals. But the longer he's away from the underworld, the greater the threat that the worst of humanity could escape.",116.9613,/ekZobS8isE6mA53RAiGDG93hBxL.jpg,2016-01-25,False,Lucifer,8.429,15687
False,/4vubgrPvqDKNFP1kNvHpd3do9hd.jpg,"[16, 10762, 10759]",212989,['US'],en,LEGO Ninjago: Dragons Rising,"A phenomenon known as the Merge has caused many legendary realms to suddenly combine into one, but their union is unstable. A Spinjitzu Ninja Master must train a new generation of heroes to help find Elemental Dragons who can save the planet before the forces of evil use the same dragon energy to destroy this new world.",90.6138,/5q3tfPVAcL9AlFcb8HXsOdHEtJR.jpg,2023-06-01,False,LEGO Ninjago: Dragons Rising,8.0,110
False,/4xKG4S1IyLIglHbCYGJDsptgQNh.jpg,"[16, 35, 10765]",615,['US'],en,Futurama,"The adventures of a late-20th-century New York City pizza delivery boy, Philip J. Fry, who, after being unwittingly cryogenically frozen for one thousand years, finds employment at Planet Express, an interplanetary delivery company in the retro-futuristic 31st century.",111.3235,/eM8bbTn8C8vUwwS6upzzm7gX31u.jpg,1999-03-28,False,Futurama,8.365,3913
False,/2XtfGULDOvBiPByLscc9UEqrf0z.jpg,"[18, 35]",1823,['US'],en,The Love Boat,"Passengers who search for romantic nights aboard a beautiful ship travelling to tropical or mysterious countries, decide to pass their vacation aboard the ""Love Boat"", where Gopher, Dr. Bricker, Isaac, Julie, and Captain Stubing try their best to please them, and sometimes help them fall in love. Things are not always so easy, but in the end, love wins.",111.3839,/fnsnazlj2bt3Fuj0pJ7wBPmuMLO.jpg,1977-09-24,False,The Love Boat,6.256,199
False,/qJnjJXBLgG4tummCm792nvNz7u1.jpg,[10767],23915,['DE'],de,Markus Lanz,"TV presenter Markus Lanz invites prominent guests and experts from all areas of public life to his colourful talk show. As a rule, there are four guests, introduced individually to contribute their personal experiences to the topics.",133.5193,/tr4cLn4ecRASV0SPM9FRv0AJOQF.jpg,2008-06-03,False,Markus Lanz,5.5,14
False,/r4ceAy8m4w9gheLWEgEgQnbYK85.jpg,"[10764, 10751]",1508,['US'],en,Dancing with the Stars,"The competition sees celebrities perform choreographed dance routines which are judged by a panel of renowned ballroom experts and voted on by viewers. Enjoy sizzling salsas, sambas and spray-tans as they vie for the coveted Mirrorball Trophy.",118.5687,/iisHVZ6we56PE4BcV1csB46SbiG.jpg,2005-06-01,False,Dancing with the Stars,6.2,137
False,/njEGYHyq58q94ZPJlSGs6bGrepv.jpg,"[35, 10767]",4419,['US'],en,Real Time with Bill Maher,"Each week Bill Maher surrounds himself with a panel of guests which include politicians, actors, comedians, musicians and the like to discuss what's going on in the world.",116.0355,/pbpoLLp4kvnYVfnEGiEhagpJuVZ.jpg,2003-02-21,False,Real Time with Bill Maher,6.018,248
False,/hdlpSh7NstYZSVmuoeVENJdNaLR.jpg,"[35, 99, 16, 10751]",16656,['SU'],ru,Фитиль,"Fitil is a popular Soviet/Russian television satirical/comedy short film series which ran for about 500 episodes. Some of the episodes were aimed at children, and were called Фитилёк, Fitilyok, Little Fuse. Each issue contained from the few short segments: documentary, fictional and animated ones. Directed by various artists, including Leonid Gaidai who presented his famous trio of Nikulin, Vitsin and Morgunov into the cast. It was called in USSR as ""the anecdotes from the Soviet government"".",110.0649,/dBgJKqZnmfARnN8bkaA7elWjhz9.jpg,1962-06-04,False,Fuse,7.6,8
False,/bFKKyCI89Xq98Gul8cGox8K3sZa.jpg,"[16, 10759, 10765]",46298,['JP'],ja,HUNTER×HUNTER,"Gon, a young boy who lives on Whale Island, dreams of becoming a Hunter like his father, who left when Gon was still young.",109.4244,/i2EEr2uBvRlAwJ8d8zTG2Y19mIa.jpg,2011-10-02,False,Hunter x Hunter,8.7,2209
False,/aXLJbyEjVdWm3dRYo8JorxVbvQ8.jpg,[18],273610,['IN'],bn,Phulki,"Phulki, a small-town girl, aims to break stereotypes by pursuing boxing professionally, a passion inherited from her father, to overcome life's obstacles.",99.9313,/p41KMfxw7cYHjisA8d28xIWzNLu.jpg,2023-06-11,False,Phulki,0.0,0
False,/uinrziSwEmS6s8VvGBad5sed7bF.jpg,[18],1435,['US'],en,The Good Wife,Alicia Florrick boldly assumes full responsibility for her family and re-enters the workforce after her husband's very public sex and political corruption scandal lands him in jail.,115.4925,/lasNCd45fpPLirlA7QxkuopWro.jpg,2009-09-22,False,The Good Wife,7.615,707
False,/z8yQ9EZxMHaCwysqIO4LUyOuKJz.jpg,"[35, 10767]",6809,['ES'],es,El hormiguero,"El Hormiguero is a Spanish television program with a live audience focusing on comedy, science, and politics running since September 2006. It is hosted and produced by screenwriter Pablo Motos. The show aired on Spain's Cuatro channel from launch until June 2011 and is now broadcast on Antena 3. Recurring guests on the show include Luis Piedrahita, Raquel Martos, Marron & ""The Man in Black"", and puppet ants Trancas and Barrancas. It has proved a ratings success, and has expanded from a weekly 120-minute show to a daily 40-minute show in its third season, which began on September 17, 2007. The show won the Entertainment prize at the 2009 Rose d'Or ceremony.",104.9917,/b24KGOkBrKgM6Blr4rw0jdn3zw5.jpg,2006-09-24,False,El hormiguero,4.7,40
False,/ivHoFv1aJCmtpi8Kejs3ubjLYAR.jpg,[10764],35024,['KR'],ko,쇼! 음악중심,"Show! Music Core is a music show that has been aired since 2005. Not like any other music shows, this show doesn't include any charts or awards. There are a few segments such as This Week's Hot 3, Chart Up Core and Core of Rising Stars.",104.1116,/AkoQr6axSoFdpTuPt0dY3WekIeY.jpg,2005-10-29,False,Show! Music Core,7.0,1
False,/bauKfP3CX5JPAXpmveOlPG1pngC.jpg,"[16, 10759, 10765]",33880,['US'],en,The Legend of Korra,"Avatar Korra, a headstrong, rebellious, feisty young woman who continually challenges and breaks with tradition, is on her quest to become a fully realized Avatar. In this story, the Avatar struggles to find balance within herself.",91.4582,/dZgYvSfuh1YHDrJuILlVQ5oA2hF.jpg,2012-04-14,False,The Legend of Korra,8.218,2430
False,/dB2gUjBSiHOSJEYkJnEhqsPY3nF.jpg,"[99, 10763]",5859,['SE'],sv,Vetenskapens värld,Vetenskapens värld is a popular science TV documentary program broadcast on Swedish Television (SVT).,93.3638,/oiedjExoTFB9kXvV5oQPGi57oZt.jpg,1971-09-26,False,Vetenskapens värld,6.7,10
False,/mcgZDwhMlrFsfpbvCeg5RY5mhiu.jpg,"[80, 18]",1409,['US'],en,Sons of Anarchy,"The Sons of Anarchy (SOA) are an outlaw motorcycle club with many charters in the United States and overseas. The show focused on the original and founding charter, Sons of Anarchy Motorcycle Club, Redwood Original, often referred to by the acronym SAMCRO, Sam Crow, or simply Redwood Charter. The charter operates both legal and illegal businesses in the small town of Charming, California. They combine gun-running and a garage, and involvement in porn film industry. Clay, the charter president, likes it old school and violent; while Jax, his stepson and the club's VP, has thoughts about changing the way things are done. Their conflict has effects on both the club and their personal relationship, especially when Jax goes on a personal quest to cleanse the SAMCRO name and image.",108.4452,/yPLkf4EiCkR0NOvMfmpHMA2zfN3.jpg,2008-09-03,False,Sons of Anarchy,8.405,3390
False,/nI3tKuIqtSA0efUA8pe2BZz3Efm.jpg,[10763],841,['GB'],en,Newsnight,A daily BBC Television current affairs programme which specialises in analysis and often robust cross-examination of senior politicians.,76.0202,/t5WG6kBLS58hQmmCBxCC7FxGHOI.jpg,1980-01-30,False,Newsnight,6.0,12
False,/67nEeu5DGCflZUFRiNNySISEtV9.jpg,[18],688,['US'],en,The West Wing,The West Wing provides a glimpse into presidential politics in the nation's capital as it tells the stories of the members of a fictional presidential administration. These interesting characters have humor and dedication that touches the heart while the politics that they discuss touch on everyday life.,115.167,/yz1qWFZ8kjgQjqB9NX5kWMetX4w.jpg,1999-09-22,False,The West Wing,8.3,611
False,/pe4B3OYBb7qYCdkAz7nKWordbls.jpg,"[16, 35, 10765]",15260,['US'],en,Adventure Time,"Young Finn and his shape-shifting dog buddy, Jake, go on a series of surreal adventures as they journey through the postapocalyptic Land of Ooo.",104.5556,/qk3eQ8jW4opJ48gFWYUXWaMT4l.jpg,2010-04-05,False,Adventure Time,8.507,3217
False,/7YFranrnnIcCrgsLYQsoq8aE3Ir.jpg,"[10765, 18, 10759]",1855,['US'],en,Star Trek: Voyager,"Pulled to the far side of the galaxy, where the Federation is 75 years away at maximum warp speed, a Starfleet ship must cooperate with Maquis rebels to find a way home.",109.9532,/gNS5tRSG3UlXodCxznKKOKweqxh.jpg,1995-01-16,False,Star Trek: Voyager,7.779,1161
False,/sh7GRlX4d7j3XSTeyGZnlKqkHGk.jpg,"[18, 35, 80]",1447,['US'],en,Psych,"Thanks to his police officer father's efforts, Shawn Spencer spent his childhood developing a keen eye for detail (and a lasting dislike of his dad). Years later, Shawn's frequent tips to the police lead to him being falsely accused of a crime he solved.

Now, Shawn has no choice but to use his abilities to perpetuate his cover story: psychic crime-solving powers, all the while dragging his best friend, his dad, and the police along for the ride.",112.4463,/fDI15gTVbtW5Sbv5QenqecRxWKJ.jpg,2006-07-07,False,Psych,7.894,1041
False,/oMeCp8jXpSyI41vHsjMkFfIJReh.jpg,"[80, 18, 9648]",2171,['US'],en,Cold Case,The Philadelphia homicide squad's lone female detective finds her calling when she is assigned cases that have never been solved. Detective Lilly Rush combines her natural instincts with the updated technology available today to bring about justice for all the victims she can.,93.121,/5dmiNE8UdAqIyjjwZZWsjMhhV0b.jpg,2003-09-28,False,Cold Case,7.7,461
False,/nCwAmyCcA6w1ZFjKrmwCRPiy4gt.jpg,"[35, 80, 18, 9648]",41956,['GB'],en,Death in Paradise,A brilliant but idiosyncratic British detective and his resourceful local team solve baffling murder mysteries on the fictional Caribbean island of Saint Marie.,105.3119,/u7t6vCyqAdD5hE4eEfTrZmVljDi.jpg,2011-10-25,False,Death in Paradise,7.431,343
False,/ylCMaSBPemstvqS13W3n57NcWvf.jpg,"[80, 9648, 18]",91830,['RU'],ru,Вeликолепная пятёрка,"The series concerns the everyday lives of the operatives of the ""murder"" department of the Petrovsky District Department of Internal Affairs of St. Petersburg.",103.9362,/uhPa7n19l430Tsn5FzFHxEtEp5S.jpg,2019-05-27,False,The Fabulous Five,0.0,0
False,/bDXLXkzexJOq9rhQXTqgLMepQac.jpg,[10764],49847,['AU'],en,House Rules,The Australia-wide competition following six state-based couples who renovate each others homes to receive the highest scores with the winner having their mortgage paid off.,69.9071,/JTzASS9kdvmeIPZgK27dl6DdQw.jpg,2013-05-14,False,House Rules,7.2,4
False,/AoKpDxiDcJxcchgSaUvOBpVJHVQ.jpg,"[18, 10766]",2354,['AU'],en,Home and Away,"Home and Away is set in the fictional town of Summer Bay, a coastal town in New South Wales, and follows the personal and professional lives of the people living in the area. The show initially focused on the Fletcher family, Pippa and Tom Fletcher and their five foster children Frank Morgan, Carly Morris, Steven Matheson, Lynn Davenport and Sally Keating, who would go on to become one of the show's longest-running characters. The show also originally and currently focuses on the Stewart family. Home and Away had proved popular when it premiered in 1988 and had risen to become a hit in Australia, and after only a few weeks, the show tackled its first major and disturbing storyline, the rape of Carly Morris; it was one of the first shows to feature such storylines during the early timeslot. H&A has tackled many adult-themed and controversial storylines; something rarely found in its restricted timeslot.",96.6049,/vn0eKMiG69bhQtxb7qLRo8SSqu5.jpg,1988-01-18,False,Home and Away,6.4,78
False,/ydf1CeiBLfdxiyNTpskM0802TKl.jpg,"[16, 10765, 10759]",12971,['JP'],ja,ドラゴンボールゼット,"Now happily married and with a son, martial arts champion Goku must defend Earth from a series of extraterrestrial invaders bent on destruction.",104.9963,/oQ5CnVj3TRifXl2bIOri6H6rfNe.jpg,1989-04-26,False,Dragon Ball Z,8.378,5011
False,/7g5ntSj6rQANCZnkDKeRax1hhhD.jpg,[10767],210081,['US'],en,The Sherri Shepherd Show,"Sherri Shepherd, actress, comic, and Emmy Award-winning longtime co-host of ""The View"", appears before a live audience with a daily dose of pop culture, comedy, conversations, and daytime talk staples, including celebrity and human interest interviews.",110.4229,/w6K4LsGYTBbuYpDG9qR20g6p1NT.jpg,2022-09-12,False,The Sherri Shepherd Show,2.6,15
False,/oS3nip9GGsx5A7vWp8A1cazqJlF.jpg,"[18, 9648, 10765]",39351,['US'],en,Grimm,"After Portland homicide detective Nick Burkhardt discovers he's descended from an elite line of criminal profilers known as ""Grimms,"" he increasingly finds his responsibilities as a detective at odds with his new responsibilities as a Grimm.",122.5898,/iOptnt1QHi6bIHmOq6adnZTV0bU.jpg,2011-10-28,False,Grimm,8.265,3637
False,/ovnj5NSQRAn54e81ecIyAIfKRZK.jpg,[10766],17887,['ZA'],af,7de Laan,"7de Laan is an extraordinary microcosm where good and bad, evil and wholesome characters find themselves forming part of a wholesome community where no matter what – everyone counts and everyone cares…",102.4415,/vQcC4Kcx0ZEXxmj0gUrfkFR14LU.jpg,2000-04-04,False,7de Laan,8.333,3
False,/rfxryDIv8huejujg4JueDJx8zCz.jpg,"[80, 18]",60059,['US'],en,Better Call Saul,"Six years before Saul Goodman meets Walter White. We meet him when the man who will become Saul Goodman is known as Jimmy McGill, a small-time lawyer searching for his destiny, and, more immediately, hustling to make ends meet. Working alongside, and, often, against Jimmy, is “fixer” Mike Ehrmantraut. The series tracks Jimmy’s transformation into Saul Goodman, the man who puts “criminal” in “criminal lawyer"".",105.2223,/fC2HDm5t0kHl7mTm7jxMR31b7by.jpg,2015-02-08,False,Better Call Saul,8.712,6893
False,/qhfPZOCZPTzArvMq78180NqzbWd.jpg,[10766],14743,['ES'],ca,El cor de la ciutat,"El cor de la ciutat is a TVC television soap opera first broadcast on TV3 on 11 September 2000 and last broadcast on 23 December 2009. The show is the most watched fiction program in Catalonia, Spain, especially among female audiences, drawing around 28-33% of the audience with as much as 40% during season finales. El cor de la ciutat follows the lives of the people who live and work in the neighbourhood of Sants and Sant Andreu in Barcelona, Catalonia, Spain.",87.0304,/xQ83cJA8AxoQMZe8ADApWrRZB1v.jpg,2000-09-11,False,El cor de la ciutat,5.357,7
False,Tidak tersedia,"[18, 10766]",3091,['GB'],en,Family Affairs,Focuses on the lives of residents in the fictional London suburb of Charnham.,96.8387,/oVzzgkPAf9eN4NNGFcZ5amk8NZF.jpg,1997-03-30,False,Family Affairs,3.7,6
False,/euEHCRdfV1ZTDgfhZm1XKHVkZ2K.jpg,[99],3562,['US'],en,NOVA,"PBS' premier science series helps viewers of all ages explore the science behind the headlines. Along the way, NOVA demystifies science and technology, and highlights the people involved in scientific pursuits.",101.8926,/giUBXYnDAaJgNqA6iE3BMVE2EHp.jpg,1974-03-03,False,NOVA,7.025,141
False,/fKpfCR3l0WukHTkI6Z2ySX1if4P.jpg,"[10751, 16, 10762, 35]",3022,['US'],en,Rugrats,"Focuses on a group of toddlers, most prominently Tommy, Chuckie, Phil, Lil, and Angelica, and their day-to-day lives, usually involving common life experiences that become adventures in the babies' imaginations. Adults in the series are almost always unaware of what the children are up to; however, this only provides more room for the babies to explore and discover their surroundings.",98.8198,/wmsINbZuEBLNP2Z26Xffx5NHJpW.jpg,1991-08-11,False,Rugrats,7.603,774
False,/dzq83RHwQcnP6WGJ6YkenIqeaa5.jpg,"[18, 80]",60574,['GB'],en,Peaky Blinders,"A gangster family epic set in 1919 Birmingham, England and centered on a gang who sew razor blades in the peaks of their caps, and their fierce boss Tommy Shelby, who means to move up in the world.",99.6429,/vUUqzWa2LnHIVqkaKVlVGkVcZIW.jpg,2013-09-12,False,Peaky Blinders,8.526,11395
False,/4xaxxKraFpDOEgWXHiqxwn0taEv.jpg,"[35, 18, 10751, 10766]",65682,['IN'],hi,भाभीजी घर पर हैं!,"""Bhabiji Ghar Par Hain!"" is a popular Hindi sitcom that premiered in 2015 on And TV and is available on ZEE5. Produced by Binaifer Kohli, the show follows two neighboring couples—the Mishras and the Tiwaris. The husbands, Vibhuti Narayan Mishra and Manmohan Tiwari are dissatisfied in their marriages and secretly admire each other's wives. Manmohan, a successful undergarment businessman, is married to Angoori, a simple and naive housewife. Vibhuti, an unemployed former insurance agent, is married to Anita, a confident and modern woman who runs grooming classes. Their constant scheming to impress each other's wives leads to comedic conflicts and chaotic situations, mostly taking place in their homes. The show, inspired by the 1990s sitcom Shrimaan Shrimati, has been well received by both critics and audiences for its humor and engaging storyline.",89.2847,/2lkV7WWu1QbXV3PYqqslgGZMLNq.jpg,2015-03-02,False,Sister-in-Law Is at Home!,5.6,8
False,/y6nEgbjMUpYLnVUwZDzX95wH5Vj.jpg,[35],4239,['US'],en,Married... with Children,"Al Bundy is an unsuccessful middle aged shoe salesman with a miserable life and an equally dysfunctional family. He hates his job, his wife is lazy, his son is dysfunctional (especially with women), and his daughter is dim-witted and promiscuous.",99.5473,/qxdOgESOkBMmfcWUizL01mbdqzl.jpg,1987-04-05,False,Married... with Children,7.733,1271
False,/8VWgyQjExeMgeg6Qzv6agduMU1A.jpg,"[18, 10759, 10765]",121,['GB'],en,Doctor Who,"The adventures of The Doctor, a time-traveling humanoid alien known as a Time Lord. He explores the universe in his TARDIS, a sentient time-traveling spaceship. Its exterior appears as a blue British police box, which was a common sight in Britain in 1963 when the series first aired. Along with a succession of companions, The Doctor faces a variety of foes while working to save civilizations, help ordinary people, and right many wrongs.",101.4119,/xinqAmYrZ1TEwowcQhgTkZVtVE0.jpg,1963-11-23,False,Doctor Who,7.911,722
False,/jiSlSDL0PZsd3DeW9832lk7eBsE.jpg,"[10764, 10767]",71494,['US'],en,Golden Globe Awards,"An annual awards ceremony recognizing excellence in film and television, both domestic and foreign, bestowed by the Hollywood Foreign Press Association.",108.889,/kwPQHGHTTgJ8x5KTQDB8F2T4dzC.jpg,1944-01-20,False,Golden Globe Awards,7.0,20
False,/4fVwc77cov2q9i0szzYhlkAaqza.jpg,"[35, 10759, 10762, 16, 10751]",34860,['JP'],ja,忍たま乱太郎,"Rantarō, Shinbei and Kirimaru are ninja  apprentices in the Ninja Gakuen, where first grade ones are called  ""Nintamas"". They must learn  everything a ninja must know, but as for our heroes, money, food or  playing are more interesting. The series show the everyday adventures of  our heroes.",111.6494,/fzNiSp0HhCthOTYu9IYWlPPa7fU.jpg,1993-04-10,False,Ninja Boy Rantaro,6.848,23
False,/gVAwcl83Ys1dtcFCiLuCLAx6xge.jpg,"[18, 10751, 9648, 80]",2625,['US'],en,Diagnosis: Murder,"Dr. Mark Sloan is a good-natured, offbeat physician who is called upon to solve murders.",108.2887,/5yhozeY2KgYXQQE9kfbiIyypYiI.jpg,1993-10-29,False,Diagnosis: Murder,7.1,128
False,/xG3P4ik2fTa94R1EEqyJx9Uhwd7.jpg,"[10751, 10767]",73870,['CA'],fr,Génial!,Two teams composed of a known personality and a contestant chosen from the public battle to guess the outcomes of astonishing scientific experiments.,78.9525,/wZ8n9gzzHxLeH6e0XW42CBKVnaP.jpg,2010-09-09,False,Génial!,2.917,13
False,/rwYvhVv0vwbulMwxOfEsuAr1JrT.jpg,[35],1418,['US'],en,The Big Bang Theory,Physicists Leonard and Sheldon find their nerd-centric social circle with pals Howard and Raj expanding when aspiring actress Penny moves in next door.,100.1731,/euKFiO5M125rpngFRBbSW83beeI.jpg,2007-09-24,False,The Big Bang Theory,7.927,12803
False,/cm2oUAPiTE1ERoYYOzzgloQw4YZ.jpg,"[80, 18]",286801,['US'],en,Monster: The Ed Gein Story,"The shocking true-life tale of Ed Gein, the infamous murderer and grave robber who inspired many of Hollywood's most iconic on-screen killers.",103.5268,/iDHzRALtZCzHVmx7uyjTTKvMAPB.jpg,2025-10-03,False,Monster: The Ed Gein Story,7.26,574
False,Tidak tersedia,[10767],101253,['DE'],de,Alpha Forum,,94.9906,Tidak tersedia,1998-01-07,False,Alpha Forum,0.0,0
False,/b73DCbaqYICq3yUbBe5vxtbXjTX.jpg,"[10765, 18, 10751]",2243,['US'],en,Touched by an Angel,"Monica, an angel, is tasked with bringing guidance and messages from God to various people who are at a crossroads in their lives.",102.415,/jiSv0xNx6MGhAFfv05Ov7DgDELJ.jpg,1994-09-21,False,Touched by an Angel,7.183,189
False,/4jrSbRpLqpvYJtLKncaxZVC47EW.jpg,"[80, 18]",60622,['US'],en,Fargo,"A close-knit anthology series dealing with stories involving malice, violence and murder based in and around Minnesota.",101.1204,/a3VW6khsyUVKrG0GBCWFG3NzWPX.jpg,2014-04-15,False,Fargo,8.3,3429
False,/jNV9cnBRukyzUdBb1kw1UXY2l9R.jpg,[10764],8514,['US'],en,RuPaul's Drag Race,"Join RuPaul, the world's most famous drag queen, as the host, mentor and judge for the ultimate in drag queen competitions. The top drag queens in the U.S. will vie for drag stardom as RuPaul, in full glamazon drag, will reign supreme in all judging and eliminations while helping guide the contestants as they prepare for each challenge.",103.0171,/ySs9xkTfPgQCUNB2ctOzcMWP14n.jpg,2009-02-02,False,RuPaul's Drag Race,7.474,293
False,/lWkfSWJstUFk7oqyo7MrMoXehoi.jpg,"[10767, 35]",2518,['US'],en,The Tonight Show with Jay Leno,Jay Leno hosts some of the biggest celebrities in the world.,98.1845,/xAFMZ3wFIEXTISryRZD94AAvWng.jpg,1992-05-25,False,The Tonight Show with Jay Leno,5.363,106
False,/dgutaqpLcLMoJInkbglyG8cLuji.jpg,"[10764, 35]",91121,['KR'],ko,놀면 뭐하니?,"Yoo Jae-suk reunites the producing team of Infinite Challenge and presents you How Do You Play? The Indefinitely expanding YOONIVERSE, based on Yoo's blood, sweat, and tears, will entertain viewers at home. Let's follow Yoo and his friends' new projects every week.",97.4661,/dJd8LFodX9831AeRD3CzWklYcS5.jpg,2019-07-27,False,How Do You Play?,7.2,23
False,/391ixi0wVbFtFLQnOy8ZncWv2io.jpg,"[18, 10768, 80]",1407,['US'],en,Homeland,"CIA officer Carrie Mathison is tops in her field despite being bipolar, which makes her volatile and unpredictable. With the help of her long-time mentor Saul Berenson, Carrie fearlessly risks everything, including her personal well-being and even sanity, at every turn.",97.425,/6GAvS2e6VIRsms9FpVt33PsCoEW.jpg,2011-10-02,False,Homeland,7.591,2705
False,/iMFsQ7yyToYg7SkS9Ml0by9UJ0X.jpg,[18],2025,['US'],en,"Beverly Hills, 90210","Follow the lives of a group of teenagers living in the upscale, star-studded community of Beverly Hills, California and attending the fictitious West Beverly Hills High School and, subsequently, the fictitious California University after graduation.",97.2164,/b7BYfkhu653D894krwGO1ysIKTf.jpg,1990-10-04,False,"Beverly Hills, 90210",7.282,849
False,/lBmlLro9ZfY815ZXE5NKhYNxPRQ.jpg,"[35, 18, 10765]",95,['US'],en,Buffy the Vampire Slayer,"Into every generation a slayer is born: one girl in all the world, a chosen one. She alone will wield the strength and skill to fight the vampires, demons, and the forces of darkness; to stop the spread of their evil and the swell of their number. She is the Slayer.",96.9,/y7fVZkyheCEQHDUEHwNmYENGfT2.jpg,1997-03-10,False,Buffy the Vampire Slayer,8.095,2065
False,/x2ZQvq2Numv8y5xHwuJ55xn7Fxp.jpg,[10763],111979,['DE'],de,Leute heute,,96.7224,/rBEubndY8hd8BBsqkNJMTGKesPf.jpg,1997-07-23,False,Leute heute,5.2,5
False,/e1R4kNrWvSfb8AVViMp0okVJfuk.jpg,"[16, 18]",45247,['JP'],ja,ちはやふる,"Chihaya Ayase has spent most of her life supporting her sister’s model career. When she meets a boy named Arata Wataya, he thinks Chihaya has potential to become a great karuta player. As Chihaya dreams of becoming Japan's best karuta player, she is soon separated from her karuta playing friends. Now in high school, Chihaya still plays karuta in the hope that she will one day meet her friends again.",96.6695,/nUfL7xK5DjViiQAwHiRYlb6VMTE.jpg,2011-10-05,False,Chihayafuru,7.588,68
False,/en3zftWPQb5Ue6aA8W88RQbtqzd.jpg,[18],4588,['US'],en,ER,ER explores the inner workings of an urban teaching hospital and the critical issues faced by the dedicated physicians and staff of its overburdened emergency room.,96.5251,/fuS63AoFTkprf8PFeL1f8z68zJr.jpg,1994-09-19,False,ER,7.8,968
False,/z0YhJvomqedHF85bplUJEotkN5l.jpg,"[16, 10759, 10765]",31910,['JP'],ja,ナルト 疾風伝,"After 2 and a half years Naruto finally returns to his village of Konoha, and sets about putting his ambitions to work. It will not be easy though as he has amassed a few more dangerous enemies, in the likes of the shinobi organization; Akatsuki.",96.5208,/kV27j3Nz4d5z8u6mN3EJw9RiLg2.jpg,2007-02-15,False,Naruto Shippūden,8.529,8785
False,/aAwsbpt43lWZGwsoy8VzAZbgHS7.jpg,"[35, 10767]",4467,['US'],en,Late Night with David Letterman,"Late Night with David Letterman is a nightly hour-long comedy talk show on NBC that was created and hosted by David Letterman. It premiered in 1982 as the first incarnation of the Late Night franchise and went off the air in 1993, after Letterman left NBC and moved to Late Show on CBS. Late Night with Conan O'Brien then filled the time slot. As of March 2, 2009, the slot has been filled by Late Night with Jimmy Fallon. It will be filled by Seth Meyers in the spring of 2014, after Fallon becomes host of The Tonight Show.",96.4399,/kSraSPTeNoiR60ti9amNqLvM3Em.jpg,1982-02-01,False,Late Night with David Letterman,6.131,61
False,/umiteWJE7qUkPO3vNxuISjiZVQk.jpg,"[18, 10766]",2595,['US'],en,Knots Landing,"The domestic adventures, misdeeds and everyday interactions of five families living on a cul-de-sac in a small California community.",96.2609,/ohcRf8CyVpQiUw2ZTmGQ2I4fH8D.jpg,1979-12-27,False,Knots Landing,6.915,47
False,/jB3CQHS4zBzD00yZG936WmsH6P4.jpg,"[80, 18, 9648]",790,['GB'],en,Agatha Christie's Poirot,"From England to Egypt, accompanied by his elegant and trustworthy sidekicks, the intelligent yet eccentrically-refined Belgian detective Hercule Poirot pits his wits against a collection of first class deceptions.",96.2568,/6f4IVfbn8knb7RjdZlGLuW5guDc.jpg,1989-01-08,False,Agatha Christie's Poirot,8.193,584
False,/zoetbPF7jYY0jjY5js3x6r1QjSW.jpg,"[10765, 18]",1639,['US'],en,Heroes,Common people discover that they have super powers. Their lives intertwine as a devastating event must be prevented.,96.1349,/lf0TcOkheYUZKpeh7c8lqJHNk5O.jpg,2006-09-25,False,Heroes,7.444,2678
False,/uUDyyz3YHeYNeCs0Z1fDMIJuuLL.jpg,"[10766, 18]",135388,['BR'],pt,Amigas & Rivais,"Amigas & Rivais is a Brazilian telenovela produced by SBT in association with Televisa and originally broadcast from August 6, 2007, to January 18, 2008. It is a remake of the Mexican telenovela Amigas y rivales (2001), created by Emilio Larrosa. Adapted by Letícia Dornelles, with text supervision by Thereza di Giácomo, the telenovela stars Cacau Melo, Lisandra Cortez, Karla Tenório, Thaís Pacholek, and Talita Castro.

The story follows four young women from different social backgrounds: Nicole, Laura, Olívia, and Helena. Although they have different personalities and life experiences, they form a strong friendship while facing the challenges of youth, love, family conflicts, and personal struggles. Their lives become complicated by secrets, betrayals, jealousy, and the schemes of Rosana, Helena's manipulative stepmother, who is willing to do anything to achieve her goals.",95.9728,/7WfpVftZuo9eSGcPdXEYhnMERRf.jpg,2007-08-06,False,Amigas & Rivais,7.0,1
False,/lysUnU6V0VfcthDbviuVlIqgHOR.jpg,"[16, 10759, 35]",120089,['JP'],ja,SPY×FAMILY,"A spy, an assassin and a telepath come together to pose as a family, each for their own reasons, while hiding their true identities from each other.",95.4169,/7NAvPYPAu7MeHwP8E9sn81PqsRh.jpg,2022-04-09,False,SPY x FAMILY,8.504,2350
False,/ullI0aa9SaJp2i76bV4E8scO2ou.jpg,[80],41451,['AT'],de,SOKO Kitzbühel,"SOKO Kitzbühel is an Austrian television series produced by ORF and ZDF. It is a spin-off of the German crime series SOKO 5113. It is set in the renowned Tyrolean tourist centre of Kitzbühel. The production company ""beo-Film"" has produced the show since 2001. The German abbreviation SOKO stands for Sonderkommission, ""special commission"", a task force with specific duties.",94.5993,/ufi6NFLlPkFLhdbGbbMmj05Ezc3.jpg,2001-11-15,False,Murder in the Mountains,4.125,8
False,/m6eRgkR1KC6Mr6gKx6gKCzSn6vD.jpg,"[10759, 10765, 16]",4194,['US'],en,Star Wars: The Clone Wars,"Yoda, Obi-Wan Kenobi, Anakin Skywalker, Mace Windu and other Jedi Knights lead the Grand Army of the Republic against the droid army of the Separatists.",94.2486,/e1nWfnnCVqxS2LeTO3dwGyAsG2V.jpg,2008-10-03,False,Star Wars: The Clone Wars,8.462,2428
False,/3EGjqKhVHGsvNHvBIbxmqS17Aal.jpg,"[10767, 10763]",224,['GB'],en,Match of the Day,"BBC's football highlights and analysis.

""The longest-running football television programme in the world"" as recognised by Guinness World Records in 2015.",93.9108,/tVFCu0jE9m5QHmHM4rzEFGs1kUI.jpg,1964-08-22,False,Match of the Day,7.6,51
False,/nf3Vlxm3C9U1aKUUQHmKFZmxPSc.jpg,"[18, 10765]",56570,['US'],en,Outlander,"The story of Claire Randall, a married combat nurse from 1945 who is mysteriously swept back in time to 1743, where she is immediately thrown into an unknown world where her life is threatened. When she is forced to marry Jamie, a chivalrous and romantic young Scottish warrior, a passionate affair is ignited that tears Claire's heart between two vastly different men in two irreconcilable lives.",92.5781,/oftZNfyTVNU7IfOqoGLoT8MGvNs.jpg,2014-08-09,False,Outlander,8.201,2981
False,/aizbHLcKVWvJ7jxkflJzTu5Z8GE.jpg,[10766],81329,['FR'],fr,Un si grand soleil,Claire is surprised when she gets arrested for the murder of her childhood friend after she returns to Montpellier.,89.8695,/t6jVlbPMtZOJoAOfeoR4yQmnjXM.jpg,2018-08-27,False,Chronicles of the Sun,6.566,129
False,/pptMFFYI3Rs15I8HovmJTrnTM8L.jpg,[],4304,['US'],en,Xplay,"Xplay (previously GameSpot TV and Extended Play) is a TV program about video games. The program, known for its reviews and comedy skits, airs on G4 in the United States and had aired on G4 Canada in Canada (and briefly on YTV during its time as GameSpot TV), FUEL TV in Australia, Ego in Israel, GXT in Italy, MTV Russia & Rambler TV in Russia, Solar Sports in the Philippines and Adult Swim and MuchMusic in Latin America. The show ran between July 4, 1998, and January 23, 2013, and returned in November 2021 as a part of G4's relaunch.",105.1445,/7ynD7g4U9hOODu1Jzf6VN4zQc6a.jpg,2003-04-28,False,Xplay,8.5,4
False,/u98PeujOJCXCowph9mxRzo9Nw1s.jpg,[35],4546,['US'],en,Curb Your Enthusiasm,"The off-kilter, unscripted comic vision of Larry David, who plays himself in a parallel universe in which he can't seem to do anything right, and, by his standards, neither can anyone else.",98.6649,/pjRRB1NCFJzCb0euvpia4rKDov1.jpg,2000-10-15,False,Curb Your Enthusiasm,8.05,977
False,Tidak tersedia,"[10764, 80]",40694,['DE'],de,Lenßen & Partner,Attorney Ingo Lenssen and his team of investigators who specialize in sensitive cases involving clients who prefer private investigations to legal advice.,89.7732,/wJhQ0nIBMH5tScrXFA9BjqpONnN.jpg,2003-03-10,False,Lenßen & Partner,6.5,1
False,/6T19aRp9zLMghZo1dTEwoNyreNZ.jpg,"[16, 18, 9648, 80]",30981,['JP'],ja,MONSTER,"Kenzou Tenma, a Japanese brain surgeon in Germany, finds his life in utter turmoil after getting involved with a psychopath that was once a former patient.",92.5647,/n5XNKXnoXpoXyfiCtXHOf8q8PFM.jpg,2004-04-07,False,Monster,8.5,842
False,/11CP0Do4gIJCHpyiaI4oOTEzcsB.jpg,"[10759, 18, 10764]",16281,['US'],en,WWE Superstars,"WWE Superstars is a professional wrestling television program produced by WWE that originally aired on WGN America in the United States. It debuted on April 16, 2009 and ended its domestic broadcasting on April 7, 2011. After the final domestic TV broadcast the show moved to an internet broadcast format while maintaining a traditional television broadcast in international markets. The show features mid-to-low card WWE superstars and divas, in a format similar to the former show WWE Heat which served the same purpose. Big names such as John Cena and Randy Orton previously appeared on the show at its beginning. The show also previously featured talent from the now-defunct ECW brand.",90.7127,/595BCIq8CJUjYHlx0xwkfiesMLF.jpg,2009-04-16,False,WWE Superstars,7.3,34
False,/5stzCCL0Ya04gq3tYQ9wA6zb2Dq.jpg,[10763],4026,['US'],en,CBS News Sunday Morning,"The sparkling notes of a trumpet fanfare and the familiar logo of the sun alert viewers that it's time for CBS's Sunday morning staple. Journalist Jane Pauley helms the show, taking over hosting duties from Charles Osgood, who spent 22 years on the job. A morning talk show, this program airs at a different pace and focuses much of its attention on the performing arts. After a quick update of the day's news and national weather, correspondents offer longer-length segments on a variety of topics, from architecture to ballet to music to pop culture to politics.",92.6577,/k4YOaHO6yv1MjtUPRmXbT8ASWHV.jpg,1979-01-28,False,CBS News Sunday Morning,6.8,24
False,/xvD9urN8lUtWw5fm4a87Rl3dCZn.jpg,"[16, 10759, 35]",259140,['JP'],ja,らんま1/2,"Akane Tendo meets her new fiancé, Ranma Saotome, a martial arts prodigy with a twist: he magically transforms into a girl upon touching cold water.",93.7927,/cDThx8yRYbdPOSgHbjihS4q7GYc.jpg,2024-10-06,False,Ranma1/2,8.1,180
False,/5U7NIuRK836GutAlo7TLPfmVtGW.jpg,[35],141,['US'],en,Cheers,The story about a blue-collar Boston bar run by former sports star Sam Malone and the quirky and wonderful people who worked and drank there.,100.6919,/nD1ZQBKbgKSmKcrAkWTofohsScj.jpg,1982-09-30,False,Cheers,7.562,715
False,/zbfXS4o6UykeXsD8djFTyV7Cj4N.jpg,[18],46296,['US'],en,Spartacus,"Torn from his homeland and the woman he loves, Spartacus is condemned to the brutal world of the arena where blood and death are primetime entertainment.",92.6619,/c2GKN4VHCj1dnjFMANRpGkCVBae.jpg,2010-01-22,False,Spartacus,8.028,3058
False,/5MWFjQ3NuNtNeOE9FdrVLeNMNPs.jpg,"[16, 35, 10751, 10765]",1877,['US'],en,Phineas and Ferb,"Each day, two kindhearted suburban stepbrothers on summer vacation embark on some grand new project, which annoys their controlling sister, Candace, who tries to bust them. Meanwhile, their pet platypus plots against evil Dr. Doofenshmirtz.",98.3891,/g6TidT7be954rrzPPBTIXkSmfXj.jpg,2007-08-17,False,Phineas and Ferb,7.877,1060
False,/ezQSOeu9uj4bWulxHR7D5CSNv3r.jpg,"[80, 18, 35]",226285,['US'],en,Elsbeth,"After her successful career in Chicago, Elsbeth Tascioni, an astute but unconventional attorney, utilizes her singular point of view to make unique observations and corner brilliant criminals alongside the NYPD.",76.8062,/7lnNSbT90qwtrn1h9TvEkVFMz2P.jpg,2024-02-29,False,Elsbeth,6.734,137
False,/cm3srKkyVn8zUK40ox8ZNjRJRdE.jpg,"[10765, 10759, 18]",580,['US'],en,Star Trek: Deep Space Nine,"At Deep Space Nine, a space station located next to a wormhole in the vicinity of the liberated planet of Bajor, Commander Sisko and crew welcome alien visitors, root out evildoers and solve all types of unexpected problems that come their way.",101.92,/vE6138ykaEXQkCSEHyuBIgfGlUZ.jpg,1993-01-03,False,Star Trek: Deep Space Nine,7.905,1026
False,/dg3OindVAGZBjlT3xYKqIAdukPL.jpg,"[10765, 18, 9648]",42009,['GB'],en,Black Mirror,"Twisted tales run wild in this mind-bending anthology series that reveals humanity's worst traits, greatest innovations and more.",91.7867,/seN6rRfN0I6n8iDXjlSMk1QjNcq.jpg,2011-12-04,False,Black Mirror,8.3,6526
False,/nQqUq0u2DMaG9c7VV6nrsMJCM1L.jpg,"[18, 10766]",318490,['IN'],kn,Kavyanjali,,98.8595,/dLjqBkwQw1qMTh2gv1jH5E02VdY.jpg,2020-08-03,False,Kavyanjali,0.0,0
False,/eYDTiJ88jfMJ5Vp3a0OAEihBzZX.jpg,[18],1104,['US'],en,Mad Men,"Set in 1960-1970 New York, this sexy, stylized and provocative drama follows the lives of the ruthlessly competitive men and women of Madison Avenue advertising.",98.2058,/5jOedTeytYzlJZwU66MFjmLHhHX.jpg,2007-07-19,False,Mad Men,8.123,1599
False,/be8fOACxsVyaX6lZLlQOWNqF0g2.jpg,"[10759, 10765, 18]",62643,['US'],en,DC's Legends of Tomorrow,"When heroes alone are not enough ... the world needs legends. Having seen the future, one he will desperately try to prevent from happening, time-traveling rogue Rip Hunter is tasked with assembling a disparate group of both heroes and villains to confront an unstoppable threat — one in which not only is the planet at stake, but all of time itself. Can this ragtag team defeat an immortal threat unlike anything they have ever known?",93.8498,/qNgAcg4gNYbZ9mySLB9ZX4ehZb6.jpg,2016-01-21,False,DC's Legends of Tomorrow,7.241,2520
False,/dJ4UpzpYeiAdwMLISiLc1vULm2v.jpg,"[18, 10766]",195860,"['BR', 'PT']",pt,Paixões Proibidas,,81.7133,/zImAxdUmw1PDcPXhEDFnXYcEx7q.jpg,2006-11-14,False,Paixões Proibidas,0.0,0
False,/rBOnrVlck7BIlGeWVlzYiZeg4l2.jpg,"[16, 10759, 18, 10765]",209867,['JP'],ja,葬送のフリーレン,"After the party of heroes defeated the Demon King, they restored peace to the land and returned to lives of solitude. Generations pass, and the elven mage Frieren comes face to face with humanity's mortality. She takes on a new apprentice and promises to fulfill old friends' dying wishes. Can an elven mind make peace with the nature of life and death? Frieren embarks on her quest to find out.",92.3055,/dqZENchTd7lp5zht7BdlqM7RBhD.jpg,2023-09-29,False,Frieren: Beyond Journey's End,8.808,971
False,/7P7zskNRdowZslBv5yJbnMeBuKR.jpg,"[18, 35, 10766]",308,['PT'],pt,Morangos com Açúcar,"Across several generations, groups of young Portuguese people navigate school life and summer holidays while dealing with friendships, first loves, rivalries, family conflicts and decisions that shape their future. Each season introduces new protagonists, schools and challenges, exploring themes related to adolescence, identity, responsibility and belonging. Sport, music, dance and other forms of expression accompany their journeys of growing up, marked by dreams, choices and ever-changing relationships.",87.9821,/uyzx0JkWOOF3Mfcq4uiuIr2Ykju.jpg,2003-08-30,False,Strawberries with Sugar,6.3,25
False,/k19MLmy4g26oyZjr3aT3BzTMTK8.jpg,"[99, 35, 10751]",97193,['DE'],de,Zu Tisch,"A sensual approach to culinary art ""on the ground"", meeting farmers, winegrowers, restaurateurs and cooks, where gastronomy and the art of living have their roots.",77.0562,/hcuxDzMzV8n5DGDwLZNt3IC8cLB.jpg,2001-01-07,False,Cuisines des terroirs,10.0,1
False,/1HWppxqpMGLkFEVwyieMAMXGX7m.jpg,[10767],64153,['DE'],de,Kölner Treff,,88.356,/9U9XqUp41DjwCvolAgqSXhowPyB.jpg,1976-01-25,False,Kölner Treff,6.8,4
False,/frNEERYvgDAThEcCR5FKzggktsR.jpg,[18],67136,['US'],en,This Is Us,"Follows the lives and families of three adults living and growing up in the United States of America in present and past times. As their paths cross and their life stories intertwine in curious ways, we find that several of them share the same birthday - and so much more than anyone would expect.",90.7525,/huxmY6Dmzwpv5Q2hnNft0UMK7vf.jpg,2016-09-20,False,This Is Us,8.227,1671
False,/o2wg8QiSCQrhj91tBfxunE3O5Ba.jpg,"[10759, 18, 10765]",84773,['US'],en,The Lord of the Rings: The Rings of Power,"Beginning in a time of relative peace, we follow an ensemble cast of characters as they confront the re-emergence of evil to Middle-earth. From the darkest depths of the Misty Mountains, to the majestic forests of Lindon, to the breathtaking island kingdom of Númenor, to the furthest reaches of the map, these kingdoms and characters will carve out legacies that live on long after they are gone.",90.2156,/kf5Hz70tjNAHg4swGDzOr9BfoZ1.jpg,2022-09-01,False,The Lord of the Rings: The Rings of Power,7.214,3926
False,/mNHRGO1gFpR2CYZdANe72kcKq7G.jpg,"[80, 18]",153312,['US'],en,Tulsa King,"New York mafia capo Dwight ""The General"" Manfredi is released from prison after 25 years and exiled by his boss to set up shop in Tulsa, Oklahoma. Realizing that his mob family may not have his best interests in mind, Dwight slowly builds a crew.",92.2541,/rOYLWCdAifpUtPlTf1WHxyaxeMt.jpg,2022-11-13,False,Tulsa King,8.307,2792
False,/1eUNe8eP5GnEL6RLgPLSVOiVTvU.jpg,"[10751, 10764]",64369,['KR'],ko,TV 동물농장,,90.523,/7FZZHXxlujrtq3EUkP78tm5aVkX.jpg,2001-05-06,False,TV Animal Farm,7.6,4
False,/pnTYmGcsJBgQyI6qB8wHyvbuHBW.jpg,"[35, 10751, 10767]",55216,['FR'],fr,Scènes de ménages,"Scènes de ménages depicts the daily lives of several couples from different generations, illustrating with humor their arguments, tender moments and little idiosyncrasies. Each episode is made up of short sketches, in which the characters exchange scathing retorts and funny situations.",82.3087,/38N3KQblPyTLGWNZs2qmy9mQywm.jpg,2009-11-09,False,Scènes de ménages,5.875,32
False,/jzkSqv00uImypVLSUpg16rBjwdW.jpg,[10764],37678,['US'],en,The Voice,"The strongest vocalists from across the United states compete in a blockbusters vocal competition, the winner becomes “The Voice.” The show's innovative format features four stages of competition: the blind auditions, the battle rounds, the knockouts and, finally, the live performance shows.",87.8732,/7ah1WExcMkzbq7sARCTmcC23tBr.jpg,2011-04-26,False,The Voice,5.9,228
False,/7Mc3flEYVk5u0kZyBHeKMAbmNCM.jpg,"[10766, 18]",6467,['US'],en,Chicago Hope,"Chicago Hope is an American medical drama television series, created by David E. Kelley. It ran on CBS from September 18, 1994, to May 4, 2000. The series is set in a fictional private charity hospital in Chicago, Illinois.",92.4122,/x8ic33t4NurJul1oXmvKwKtWH28.jpg,1994-09-18,False,Chicago Hope,7.151,83
False,/j6jHIjnyCT5YwxEKu7c8e7DS57V.jpg,"[16, 35]",9537,['JP'],ja,あたしンち,"A light hearted comedy based on the about the daily life of a ""normal"" Japanese family. The Tachibana family consists of a housewife mom, a salary-man dad, and teenager Mikan and Yuzuhiko.",98.4294,/bQCZvbyTJFWt3majCn37ykJBpIf.jpg,2002-04-19,False,Atashin'chi,8.4,15
False,/xHIpxpSWrtTSw7HdheMPRZ67i6R.jpg,"[16, 10762, 10765, 10759]",217772,['CN'],zh,猪猪侠,,77.919,/9XC8xxZU01ZMtilejudKuJtPHbV.jpg,2006-07-01,False,GG Bond,8.1,10
False,Tidak tersedia,[18],16139,['VE'],es,Dulce Ilusión,"Dulce Illusion is a Venezuelan telenovela that was produced by and seen on Venezuela's Radio Caracas Televisión. It was written by Mariela Romero. This telenovela lasted between 198 and 92 episodes and was distributed internationally by RCTV International. This was the first telenovela to use Venezuelan cartoons with real people, in fact, it’s the only one in the history of Venezuelan soap operas, and the great success of this RCTV’s material is partly due to the big innovation of the cartoons. The animated characters were developed by the legendary animator Felix Nakamura and his team.",74.3446,/hOHg94gqQG5mSTBf20ZMKFpqo2B.jpg,1993-05-12,False,Dulce Ilusión,0.0,0
False,/dW58Jn2Fi29P5tC0oSJ6YWhiV9E.jpg,"[18, 10759, 80]",2875,['US'],en,MacGyver,"He's everyone's favorite action hero... but he's a hero with a difference. Angus MacGyver is a secret agent whose wits are his deadliest weapon. Armed with only a knapsack filled with everyday items he picks up along the way, he improvises his way out of every peril the bad guys throw at him.

Making a bomb out of chewing gum? Fixing a speeding car's brakes... while he's riding in it? Using soda pop to cook up tear gas? That's all in a day's adventures for MacGyver. He's part Boy Scout, part genius. And all hero.",93.1704,/zhgJNHbFxGkqdsKdkZLBrDWagOv.jpg,1985-09-29,False,MacGyver,7.708,964
False,/buy1QlEVABDyC8BYqebmz7tMnEd.jpg,[],9,['US'],en,Match Game,"The five-day-a-week syndicated successor to the popular CBS game show, where two contestants compete to match fill-in-the-blank phrases with those of the celebrities.",72.3118,/yO1yfYyHemDZAJyLNLz3tCiaNC8.jpg,1973-07-02,False,Match Game,7.889,27
False,/dVpAGo3TT2IjDyRuKwhNfe9E1A5.jpg,"[80, 18, 9648, 10765]",36,['US'],en,Medium,Allison Dubois works in the District Attorney’s office using her natural intuition about people and her ability to communicate with the dead to help to solve crimes. Her dreams often give her clues to the whereabouts of missing people.,91.3186,/6tOxspW2MbbAQ0s3jtfs8QATcx.jpg,2005-01-03,False,Medium,7.458,590
False,Tidak tersedia,[10767],6744,['US'],en,The Merv Griffin Show,,87.6639,/pF9rFdF6Gd4dNJ0Rh4mFsaFTi3m.jpg,1962-10-01,False,The Merv Griffin Show,6.833,12
False,/wGmOyDIb6mxki21c75PDI3bCx9W.jpg,[10766],8865,['PR'],es,Cristina Bazán,"The plot revolves around Cristina Bazán, a young woman who grew up in a boarding school with her sister Âmbar, an evil and envious woman. Cristina believes that her mother is a successful and busy woman, however, she does not know that in the past, her mother was forced to abandon her after going to prison. Âmbar is Rodolfo's fiancée, however, she cheats on him with her best friend Miguel Ângelo, a doctor in medicine. Submissive to her sister and stepmother, Cristina is silently in love with Rodolfo, who little by little begins to see the young woman with the same eyes, while she is always mistreated by her sister and stepmother Rosaura.",80.9592,/qe1fM2ijWhEnMfuj9KB9emSv2LV.jpg,1978-06-05,False,Cristina Bazán,0.0,0
False,/3siv3RaQrdr2tQiv9jHq71sLlzo.jpg,"[10759, 10751, 18]",85077,['US'],en,The Chosen,The life of Christ through the eyes of those who encountered him.,85.1188,/dqVUFuNrMFWt7uGNWlpo91VKYOI.jpg,2019-04-21,False,The Chosen,8.803,989
False,/8ZerYKvIaNUJZvAHXYTQu4qTwFw.jpg,"[10765, 10759, 18, 80]",48866,['US'],en,The 100,"100 years in the future, when the Earth has been abandoned due to radioactivity, the last surviving humans live on an ark orbiting the planet — but the ark won't last forever. So the repressive regime picks 100 expendable juvenile delinquents to send down to Earth to see if the planet is still habitable.",86.8628,/wHIMMLFsk32wIzDmawWkYVbxFCS.jpg,2014-03-19,False,The 100,7.9,8794
False,/A8pQdnIkBG9LGkwGCZOciOM20r.jpg,[10764],1549,['US'],en,WWE Friday Night SmackDown,"The superstars of World Wrestling Entertainment's ""SmackDown"" brand collide each and every Friday on WWE Friday Night SmackDown.",86.8625,/bMVJAnEqBs7AScz4kJSnCTkhHdN.jpg,1999-04-29,False,WWE Friday Night SmackDown,7.4,193
False,/mez2Z3WqlPKNXpi7mWoiiE5guE9.jpg,[18],85552,['US'],en,Euphoria,"A group of high school students navigate love and friendships in a world of drugs, sex, trauma, and social media.",89.3128,/aJrG7OkoTMPWG5c8opz8a93AZPY.jpg,2019-06-16,False,Euphoria,8.275,11084
False,Tidak tersedia,"[35, 10766]",50301,['RO'],mo,Îngerașii,,81.5895,/u9yFsQQceWtIcwMbPOHB4yT7TB0.jpg,2008-09-15,False,Îngerașii,6.0,3
False,/nAqm5z6Rnbd97mCj25AyDkUy5q2.jpg,"[10767, 10763]",93449,['US'],en,Tamron Hall,Former news host and journalist Tamron Hall discusses all things topical and engages those she interviews in thorough meaningful and entertaining conversations.,86.511,/5KQ9UvKcT3dtJqu06Vxc20k7JeA.jpg,2019-09-09,False,Tamron Hall,4.7,20
False,/qKyczRO7EUJ0NHxIscmaZbmINYp.jpg,"[16, 10762]",12225,['GB'],en,Peppa Pig,"Peppa Pig is an energetic piggy who lives with Mummy, Daddy, and little brother George. She loves to jump in mud puddles and make loud snorting noises.",85.1027,/iwKVo3HlsyVNXCzFEkd0xHz3kGi.jpg,2004-05-31,False,Peppa Pig,6.5,767
False,/69TLqW1BeyP3bAPf18GpGqjTb00.jpg,[10767],1514,['GB'],en,The One Show,A topical magazine-style daily television programme broadcast live on BBC One.,91.4874,/7QpzCej3Lwrsnx5A8FePYsUCIzf.jpg,2006-08-14,False,The One Show,4.4,31
False,/p3KI6l6jhsJFO6DgJ3dwCo6pGt5.jpg,[10764],1685,['US'],en,Project Runway,"Aspiring fashion designers compete for a chance to break into the industry. Each week, a designer is eliminated from the competition after exhibiting their work in front of a judges' panel.",83.0526,/586pDee4pRZpGP6sL1l0hDA9Srw.jpg,2004-12-01,False,Project Runway,6.3,114
False,/pOKcw45cAMPu8DN7E3bN5FEvxM3.jpg,"[16, 10765, 10759]",33217,['US'],en,Young Justice,Teenage superheroes strive to prove themselves as members of the Justice League.,90.4426,/7PZDkR1D5sAmygcYh5aeyfJsgf6.jpg,2010-11-26,False,Young Justice,8.38,1253
False,/6oVBODwFvbDJczBFlf4J930jKZg.jpg,"[10759, 16, 35, 10765, 10762, 10751]",57911,['JP'],ja,ドラえもん,Doraemon is an anime TV series created by Fujiko F. Fujio and based on the manga series of the same name. This anime is the much more successful successor of the 1973 anime.,90.2145,/bHMqPDsW7Lb71CVHXq4PuEvQ4NY.jpg,1979-04-02,False,Doraemon,7.701,618
False,/2rmK7mnchw9Xr3XdiTFSxTTLXqv.jpg,"[10759, 35, 16]",37854,['JP'],ja,ワンピース,"Years ago, the fearsome Pirate King, Gol D. Roger was executed leaving a huge pile of treasure and the famous ""One Piece"" behind. Whoever claims the ""One Piece"" will be named the new King of the Pirates.

Monkey D. Luffy, a boy who consumed a ""Devil Fruit,"" decides to follow in the footsteps of his idol, the pirate Shanks, and find the One Piece. It helps, of course, that his body has the properties of rubber and that he's surrounded by a bevy of skilled fighters and thieves to help him along the way.

Luffy will do anything to get the One Piece and become King of the Pirates!",85.7114,/dB4EDhre2dsC2kxYDavyKWqLQwi.jpg,1999-10-20,False,One Piece,8.749,5553
False,/7CvmnHAVxhDbYE7jPp0PbKunqqs.jpg,"[16, 10762, 10765, 10759]",127635,['US'],en,Spidey and His Amazing Friends,"Follow Peter Parker, Gwen Stacy and Miles Morales and their adventures as the young heroes team up with Hulk, Ms. Marvel and Black Panther to defeat foes like Rhino, Doc Ock and Green Goblin and learn that teamwork is the best way to save the day.",84.6051,/etO5jDS5WgR4Y1lTyXhQcilJ6u2.jpg,2021-08-06,False,Spidey and His Amazing Friends,7.08,263
False,/bJROfBstoARn6vOqqPylYLpGYDH.jpg,"[10764, 10767]",45,['GB'],en,Top Gear,"This fast-paced and stunt-filled motor show tests whether cars, both mundane and extraordinary, live up to their manufacturers' claims. The long-running show travels to locations around the world, performing extreme stunts and challenges to see what the featured cars are capable of doing. The current hosts are Paddy Mcguinness, Chris Harris and Andrew ""Freddie"" Flintoff.",73.1942,/aqM6QnuhSXzjHlKbXyKUqxaGiWu.jpg,2002-10-20,False,Top Gear,7.594,912
False,/mZSewqVlY4F2F2Axm7hiG6KBOBp.jpg,"[18, 10751]",282326,['CN'],zh,兰香如故,"Shen Jialan, once a nobleman's granddaughter, falls from grace after her family is falsely accused of treason. Abandoned by her fiancé Lin Jinqi, she is forced to assume a servant's identity in his household. Despite hardships, she refuses to bow to fate. With resilience and wit, she rises above class barriers, wins Lin Jinqi's heart, earns the family's respect, and ultimately clears her family's name.",85.3467,/euBlF64efQmsl2y54LeNmLQPNob.jpg,2026-09-11,False,Against the Current,7.5,4
False,/suL7cJdywRnTmsT1RNjE78iJTsG.jpg,"[80, 18, 9648, 35]",32895,['US'],en,Rizzoli & Isles,"Perhaps their strikingly different personalities make the relationship between detective Jane Rizzoli and medical examiner Maura Isles so effective. Jane, the only female cop in Boston's homicide division, is tough, relentless and rarely lets her guard down, while the impeccably dressed Maura displays a sometimes icy temperament — she is, after all, more comfortable among the dead than the living. Together, the best friends have forged a quirky and supportive relationship; they drop the protective shield in each other's company, and combine their expertise to solve Boston's most complex cases.",90.2347,/kuCNyr4XVQ4MZWiNjVS6DypE988.jpg,2010-07-12,False,Rizzoli & Isles,7.881,506
False,/dWhMavg03rBGM96JSQmiUGcj3WE.jpg,"[10765, 9648, 18]",1606,['US'],en,Ghost Whisperer,"Newlywed Melinda Gordon tries to help the dead communicate with loved ones, but sometimes the messages she receives are intense and confusing. Most of Melinda's efforts involve resolving conflicts that are preventing the spirits from passing over.",86.5477,/9ZtGupUFaHhws7mOcwhNTtRpRHC.jpg,2005-09-23,False,Ghost Whisperer,8.1,1912
False,/oEXQ3SmCwQObvr8HYu8kDxQFuVU.jpg,[10762],227292,['BR'],pt,Capitão Furacão,"""Capitão Furacão"" premiered on TV Globo's launch day, April 26, 1965, with the motto ""Always alert and obedient!"" The children's program was hosted by Pietro Mario (Capitão Furacão). In the second year, actress Elizangela began co-hosting alongside him, becoming his loyal assistant. Capitão Furacão was always surrounded by children; while spinning his ship's helm, he would read letters sent by viewers, organize games and contests, tell stories about the sea, offer advice to aspiring sailors, and present short films and cartoons.",75.998,/8xQdqtAKFVyYlAVnI6Jcpbpp2PI.jpg,1965-04-26,False,Capitão Furacão,0.0,0
False,/i3eFaFQEc5SiWuJMRZhN7xnB4H6.jpg,"[10763, 10767]",4496,['US'],en,Meet the Press,"Meet the Press is a weekly American television news/interview program airing on NBC. It is the longest-running television series in American broadcasting history, despite bearing little resemblance to the original format of the program seen in its television debut on November 6, 1947. Meet the Press is the highest-rated of the American television Sunday morning talk shows.

It has been hosted by 11 moderators, beginning with Martha Rountree.  Meet the Press and similar shows specialize in interviewing national leaders on issues of politics, economics, foreign policy and other public affairs.",84.7863,/ix7PFKpRTzD5eQxEqD4MvqdAAHW.jpg,1947-11-06,False,Meet the Press,4.6,20
False,/vwgC68MFTgrLaTBaXFnsVAb6y1W.jpg,"[16, 10762]",71026,['KR'],ko,출동! 슈퍼윙스,"An action-packed preschool series about an adorable jet plane named Jett who travels the world delivering packages to children. On every delivery, Jett encounters a new problem that the he and his friends the Super Wings must work together to solve!",78.8687,/lu2DNsIQgn1Jb6djHvrqJSUQXXl.jpg,2014-09-01,False,Super Wings,6.6,20
False,/kb9XvtEnDhBVVit4eeKygqll4EA.jpg,"[80, 18, 9648]",69050,['US'],en,Riverdale,"Set in the present, the series offers a bold, subversive take on Archie, Betty, Veronica and their friends, exploring the surreality of small-town life, the darkness and weirdness bubbling beneath Riverdale’s wholesome facade.",87.0324,/d8mmn9thQ5dBk2qbv6BCqGUXWK3.jpg,2017-01-26,False,Riverdale,8.398,13794
False,/qn4xPcrZnYUKk9gSQd1yuNn6xqk.jpg,"[80, 18, 9648]",2458,['US'],en,CSI: NY,"Follow the investigations of a team of NYPD forensic scientists and police officers identified as ""Crime Scene Investigators"".",90.1703,/4TGV4Bb3OPay4cHkQRlfwghv3vC.jpg,2004-09-22,False,CSI: NY,7.315,782
False,/lDItJQUgIgEV4VqHpOMhr7LIPJ1.jpg,[10767],45768,['BR'],pt,Mais Você,,55.7396,/d53oOa5dHSu7e7kobxdLyr8ZFdU.jpg,1999-10-18,False,Mais Você,6.3,3
False,/ywK4VrR7vL56mDGXDLMtFypwqA8.jpg,"[10765, 18]",253,['US'],en,Star Trek,"Space. The Final Frontier. The U.S.S. Enterprise embarks on a five year mission to explore the galaxy. The Enterprise is under the command of Captain James T. Kirk with First Officer Mr. Spock, from the planet Vulcan. With a determined crew, the Enterprise encounters Klingons, Romulans, time paradoxes, tribbles and genetic supermen led by Khan Noonian Singh. Their mission is to explore strange new worlds, to seek new life and new civilizations, and to boldly go where no man has gone before.",85.6962,/f2wbC7fxiOJqzTb6HPr4N6bsjLF.jpg,1966-09-08,False,Star Trek,7.99,1562
False,/h8tzpd1pqyKCu5V4lw3eUiO6L9Y.jpg,"[16, 35, 10751, 10762]",65763,['US'],en,New Looney Tunes,"Wabbit is an animated series starring Bugs Bunny. The series features many other Looney Tunes characters including Wile E. Coyote, Yosemite Sam, and the Tasmanian Devil.",91.2999,/AdROLFTm3nSnqcmkhPabqdRuETZ.jpg,2015-09-21,False,New Looney Tunes,7.0,153
False,/hpvw89Vq6rYx1bzrE3zdnWBGLfS.jpg,[18],39269,['US'],en,Scandal,"Everyone has secrets and Olivia Pope has dedicated her life to protecting and defending the public images of the elite by keeping those secrets under wraps. Pope and her team are at the top of their game when it comes to getting the job done for their clients, but it becomes apparent that these ""gladiators in suits,"" who specialize in fixing the lives of other people, have trouble fixing those closest at hand -- their own.",85.1174,/4XmF8PMSqtHCGNoL15oHbjr5ZuO.jpg,2012-04-05,False,Scandal,7.202,623
False,/pGhq2AODZEB1y0aAYYF6DqiJMj7.jpg,[35],258842,"['ES', 'US']",es,Cochinas,"When her husband falls into a coma, Nines, a traditional housewife, transforms the family business into the first adult video store in Valladolid.",66.8472,/4fccegkh4fJYCNxCzzLtTsTiIkX.jpg,2026-04-24,False,Naughty Business,7.118,17
False,/ge4mIJjh3kZ1oXGblRoVB5h6xPo.jpg,"[35, 10767]",242965,['US'],en,After Midnight,"Celebrated comedian Taylor Tomlinson hosts the smartest show on television about the dumbest things on the internet alongside a panel of guests from the worlds of entertainment, comedy, music, and beyond.",82.1849,/7O67hHXEaiW30UQdunBqlyPsfGh.jpg,2024-01-17,False,After Midnight,5.458,24
False,/w6SFPNZJScvO47QjGyFlaUvriKX.jpg,"[18, 35]",15844,['HK'],cn,真情,"A Kindred Spirit was a television drama series that was broadcast on TVB Jade in Hong Kong from 15 May 1995 to 13 November 1999. It is one of the longest running drama shows in Hong Kong television history. Its exceptional longevity still amazes people in a city where scripted TV drama programs typically only last around 20 episodes. The total number of episodes is 1,128. Each episode airs a few days in each week.

The show centres on a family who operates a barbecue pork restaurant in Happy Valley, Hong Kong, and their life.",91.1555,/fpOAhBePSowxPsRUUT0ov9tMXwc.jpg,1995-05-15,False,A Kindred Spirit,0.0,0
False,/bM4nCynOSA5oCNqLsqb1Fo56sZQ.jpg,[16],241002,['JP'],ja,悶えてよ、アダムくん,"This is the story of a boy, who became the lone Adam among four billion Eves. In a world where a pandemic has rendered all men impotent, high school student Itsuki is the exception who escaped it. In order to protect this secret, he transfers to a very special high school, which turns out to be composed of 90% girls! There, he encounters an upbeat and friendly senior, a sexually frustrated female teacher, a tomboyish school 'prince,' and an heiress from a wealthy family. For Itsuki, who has his pick of any woman in the world, the question remains: which one will he choose?",84.1338,/hQV6j1o6MXZgvPQ2gCNzItGYKe7.jpg,2024-01-08,False,Adam's Sweet Agony,6.9,39
False,/v8YFr8BbU9qsO8PYIulzTeM6Qk.jpg,"[18, 9648]",46648,['US'],en,True Detective,"An American anthology police detective series utilizing multiple timelines in which investigations seem to unearth personal and professional secrets of those involved, both within or outside the law.",82.8504,/zYqVTiHK5ZajYcNzAW7qWte5NWS.jpg,2014-01-12,False,True Detective,8.289,4370
False,/qZXhYuCZR6lkspbu400oWwh6uCs.jpg,"[16, 35, 10751, 10762, 10765]",194916,['JP'],ja,ちいかわ,"The story follows the sometimes happy, sometimes sad, and a tad stressful daily life of ""some sort of small, cute creature"" (Nanka Chiisakute Kawaii Yatsu) known as Chiikawa. Chiikawa enjoys delicious food with bees and rabbits, toils hard every day for the rewards of work, and still maintains a smile.",81.5416,/cXm3mxmlOWJZAyn5fqFI9JpARa3.jpg,2022-04-04,False,Chiikawa,8.2,14
False,/pScata79RTzkw5csapgmtN7pqEM.jpg,[10764],256059,['GB'],en,"Ready, Steady, Cook","Talented chefs battle it out against the clock, creating delicious dishes in 20 minutes",76.8306,/3NotbtMdZouIVywd5VcGezBEcNC.jpg,1994-10-24,False,"Ready, Steady, Cook",8.0,1
False,/puLaqdcTRwFxwv9S3PO6jA3ep7J.jpg,"[10768, 10759, 18]",95603,['TR'],tr,Kuruluş Osman,"The epic continuation of Diriliş Ertuğrul, Kuruluş Osman follows Osman Bey — son of Ertuğrul and destined founder of the Ottoman Empire — as he transforms a small Turkic tribe into a sovereign state. Battling the Byzantine Empire, Mongol forces and treachery from within, Osman must prove himself as both a warrior and a leader. A sweeping historical action drama built on faith, honour and the birth of one of history's greatest empires.",84.5048,/tu4BWsGFHcYDWulZwHxylA91vo0.jpg,2019-11-20,False,Kuruluş Osman,7.954,313
False,/82D01BlixH1JD0BCQoERabDjp7h.jpg,[35],1422,['US'],en,The Middle,"The daily mishaps of a married woman and her semi-dysfunctional family and their attempts to survive life in general in the city of Orson, Indiana.",83.1157,/u6FluiFx3ocVS0MgZszfpPKXT2p.jpg,2009-09-30,False,The Middle,7.562,776
False,/mmprryb2r0X8u9JkZCnaJIzyYX4.jpg,"[18, 10765, 10759]",62688,['US'],en,Supergirl,"Twenty-four-year-old Kara Zor-El, who was taken in by the Danvers family when she was 13 after being sent away from Krypton, must learn to embrace her powers after previously hiding them. The Danvers teach her to be careful with her powers, until she has to reveal them during an unexpected disaster, setting her on her journey of heroism.",82.7283,/90mSQajf4STPROA6H7Hh8OvyWdK.jpg,2015-10-26,False,Supergirl,7.262,4465
False,/rX5hvSRB2k4YoIvRg6Zky52rWk0.jpg,"[10765, 37]",63247,['US'],en,Westworld,"A dark odyssey about the dawn of artificial consciousness and the evolution of sin. Set at the intersection of the near future and the reimagined past, it explores a world in which every human appetite, no matter how noble or depraved, can be indulged.",87.0428,/8MfgyFHf7XEboZJPZXCIDqqiz6e.jpg,2016-10-02,False,Westworld,8.013,6385
False,/lC5m7rzbaIsuni0KKecOXF63B5E.jpg,[18],16152,['VE'],es,Señora,"Señora is a Venezuelan telenovela that was produced by and broadcast on Venezuela's Radio Caracas Televisión. It was written by José Ignacio Cabrujas, Ibsen Martínez, Cristina Policastro, and Eliseo Morales and directed by Luis Alberto Lamata and Aura Guevara. The series lasted 229 episodes and was distributed internationally by RCTV International.",77.6211,/bfA02NFpkhziA5hUVSCtH90YSHz.jpg,1988-11-10,False,Señora,7.0,2
False,/3UtKvTXlqLNHoADgkKxdj5QppPN.jpg,[10764],137726,['CN'],zh,毛雪汪,"Mao Xue Woof is a scene-based reality show variety show with the relationship of original friends as the starting point. The program takes friendship as the link, and takes ""Mao Xue Woof's Home"" as the main shooting scene, telling the real and interesting stories of Mao Bu, Li Xueqin and their friends who meet here every week, tearing apart the status quo of daily life in laughter, showing the rich youth life and spiritual world of young people and recording the real growth. The program is broadcast every week all the year round, bringing companionship and emotional health healing to the hard-working young people in the city.",82.0317,/biarmEDDU3W5WSxCo8rYsykPOpP.jpg,2021-11-01,False,Mao Xue Woof,8.8,5
False,/rovTdGVX2qWi3JCwrFX8uld8kzQ.jpg,[99],55237,['DE'],de,mare TV,,75.8665,/v4ASLQzDwpbqIeihFblLDLXTVYZ.jpg,2001-02-01,False,mare TV,8.333,3
False,/cEwNRLINZ3rTtf2qZBbq2EZaLgG.jpg,"[18, 10751, 35]",62245,['TH'],th,Club Friday,"Based on a Thai radio show that gives love advice to callers, this series dramatizes stories of infidelity, love triangles, sexual identity and more.",72.5924,/zPrnYxh7uaUdPQ3EGMxgcTrcG59.jpg,2012-10-06,False,Club Friday,2.8,2
False,/4oAB2qs7lwfhw1BaUmp7xkryM7E.jpg,"[80, 35]",41149,['DE'],de,Die Rosenheim-Cops,"A team of inspectors investigates murders in and around the small Upper Bavarian town of Rosenheim, and they still have plenty of time to see idyllic landscapes and luxurious pre-alpine villas and enjoy sumptuous Bavarian fare with beer.",81.5868,/kAhi0xY6gIEMvHtmChC44pBwOWG.jpg,2002-01-09,False,Die Rosenheim-Cops,6.25,28
False,/6QRnGINFJQ4iWQQeELnqgzqyYsN.jpg,"[10759, 10765, 80]",2384,['US'],en,Knight Rider,"Michael Long, an undercover police officer, is shot while investigating a case and left for dead by his assailants. He is rescued by Wilton Knight, a wealthy, dying millionaire and inventor who arranges life-saving surgery, including a new face and a new identity--that of Michael Knight. Michael is then given a special computerized and indestructible car called the Knight Industries Two Thousand (nicknamed KITT), and a mission: apprehend criminals who are beyond the reach of the law. The series depicts Michael's exploits as he and KITT battle the forces of evil on behalf of the Foundation for Law and Government.",83.8657,/t57NXzTrwp5rnPXiaX4BThrDxt1.jpg,1982-09-26,False,Knight Rider,7.539,1466
False,/d0axpGojOqDag5lDa0eNSEtw11l.jpg,"[16, 10759, 10765, 10762]",220150,['JP'],ja,ポケットモンスター,"Follow Liko and Roy as they unravel the mysteries that surround them and encounter Friede, Captain Pikachu, Amethio, and others during their exciting adventures!",84.9753,/amemXW39lMbNBJFRMJ5W7q9mLP2.jpg,2023-04-14,False,Pokémon Horizons,8.6,116
False,/5TpptGoxVVght2n6oz8QJklmSTu.jpg,"[10765, 10759, 18]",4018,['US'],en,Quantum Leap,"Theorizing that one could time travel within his own lifetime, Dr. Sam Beckett stepped into the Quantum Leap accelerator and vanished... He woke to find himself trapped in the past, facing mirror images that were not his own and driven by an unknown force to change history for the better. His only guide on this journey is Al, an observer from his own time, who appears in the form of a hologram that only Sam can see and hear. And so Dr. Beckett finds himself leaping from life to life, striving to put right what once went wrong and hoping each time that his next leap will be the leap home.",84.4974,/ujIGP3e3V6kDQHRhjNYtUE3fHJi.jpg,1989-03-26,False,Quantum Leap,8.01,804
False,/zv0KJTB36V59qBfVPd4c5FADQOk.jpg,[10767],108178,['US'],en,The Drew Barrymore Show,"Drew Barrymore presents human-interest stories, celebrity guests, lifestyle segments and field pieces, all driven by her infectious brand of humor and optimism.",82.5906,/7X3BkHmyPUp2pbYeN1qITgKfrOz.jpg,2020-09-14,False,The Drew Barrymore Show,5.8,17
False,/agKG106qEyccmflyi3zwHywuOtR.jpg,"[35, 99, 18]",10029,['US'],en,Great Performances,"The best in the performing arts from across America and around the world including a diverse programming portfolio of classical music, opera, popular song, musical theater, dance, drama, and performance documentaries.",87.515,/1RD6s6KEbX36Cb99pAoWmU8gkwh.jpg,1971-01-28,False,Great Performances,6.1,25
False,/61OxoiBHvGFOB4gufYfypHyCbI4.jpg,"[37, 10759, 18, 10751]",1018,['US'],en,Bonanza,The High-Sierra adventures of Ben Cartwright and his sons as they run and defend their ranch while helping the surrounding community.,88.5109,/wQ1iVrG871anxkEUwWTRdPRi0j1.jpg,1959-09-12,False,Bonanza,7.535,500
False,/pIPMPMEZErCxTvQG9HDt4AsnAfn.jpg,[35],4454,['US'],en,Will & Grace,"Will Truman and Grace Adler are best friends living in New York, and when Grace's engagement falls apart, she moves in with Will. Together, along with their friends, they go through the trials of dating, sex, relationships and their careers, butting heads at times but ultimately supporting one another while exchanging plenty of witty banter along the way.",86.1916,/aEaYdyHcpHN3fIXHhXHtXOs8Rtk.jpg,1998-09-21,False,Will & Grace,6.883,596
False,/51Hw58fMwJQKYJ6XYJIRQBP9EPA.jpg,[18],62852,['US'],en,Billions,"Shrewd, savvy U.S. Attorney Chuck Rhoades and the brilliant, ambitious hedge fund king Bobby ""Axe"" Axelrod are on an explosive collision course, with each using all of his considerable smarts, power and influence to outmaneuver the other. The stakes are in the billions in this timely, provocative series.",85.8632,/edwYPQdZE998d748AdwWLsfy0rl.jpg,2016-01-17,False,Billions,7.762,1075
False,/rhdvR0brfejyjvvnGwG8Zi28zkU.jpg,"[9648, 18, 35]",1432,['US'],en,Veronica Mars,"In the fictional town of Neptune, California, student Veronica Mars progresses from high school to college while moonlighting as a private investigator under the tutelage of her detective father.",81.7811,/vOdJETEueGgUqJR4UvwTdUoJhvO.jpg,2004-09-22,False,Veronica Mars,7.794,737
False,/rMKFsYeK3LPJGk9xqUHhGdqA4aB.jpg,"[16, 35, 10765, 10762]",4630,"['CA', 'US']",en,The Fairly OddParents,"The zany, fast-paced adventures of a 10-year-old boy and his fairy godparents, who inadvertently create havoc as they grant wishes for their pint-sized charge.",81.027,/3ryMj7tIvVtiXyI2tLvHYTjOjq4.jpg,2001-03-30,False,The Fairly OddParents,7.557,1143
False,/kdBkbMykQBG6oeSpJQ2nttCuvmS.jpg,[80],5500,['DE'],de,SOKO München,"SOKO 5113 is a long-running German police procedural television series. It was first aired in 1978 on 2 January. SOKO is an abbreviation of the term ""Sonderkommission"" in German.",82.8229,/hXWVu2OyKMnfrurvCRUY1TpzOjx.jpg,1978-01-02,False,SOKO München,5.9,7
False,/si3OheCrSpEyK2JUtZOThsZPUR4.jpg,[35],2004,['US'],en,Malcolm in the Middle,"A gifted young teen tries to survive life with his dimwitted, dysfunctional family.",83.0753,/uftxEWbn3OSykTy4DX4BrdVeiuv.jpg,2000-01-09,False,Malcolm in the Middle,8.464,4979
False,/wnAboUyDiTILkZfPhFyVIiY87Fa.jpg,[18],3050,['US'],en,The Practice,"A provocative legal drama focused on young associates at a bare-bones Boston firm and their scrappy boss, Bobby Donnell. The show's forte is its storylines about “people who walk a moral tightrope.”",88.4869,/7OKZSUIWhjFP0F2s478zTrAYwDB.jpg,1997-03-04,False,The Practice,7.611,113
False,/sokTOq0zAmPS7wCR4qd4Kca35x7.jpg,"[18, 10765, 10759]",69478,['US'],en,The Handmaid's Tale,"Set in a dystopian future, a woman is forced to live as a concubine under a fundamentalist theocratic dictatorship.",80.5412,/eGUT7j3n3rn5yGihlCgwUnD70HV.jpg,2017-04-26,False,The Handmaid's Tale,8.151,3443
False,/fDSZ9s6QJfgDvqceTBLUFpNB71j.jpg,"[10767, 35]",81978,['KR'],ko,유 퀴즈 온 더 블럭,"Yoo Jae-suk and Jo Se-ho who enter ordinary people's everyday lives, chat with them, and give them surprise quizzes! The talk and quiz show program will spotlight these people's lives and aims to gift them a refreshing, different kind of day. Recently they're also inviting celebrities & professionals to the show.",76.68,/4zAQgKWGP2bJk11OKvwY1GCJjQR.jpg,2018-08-29,False,You Quiz on the Block,8.3,6
False,/seMRyWVwIVBWbC9xaMzDMZJ8fUH.jpg,"[16, 10759, 18]",131041,['JP'],ja,ブルーロック,High school soccer players from across Japan gather for a controversial project designed to create the best — and most egoistic — striker in the world.,68.5004,/fcKH1NQzoTXiYO1OrhaFFwTKhBp.jpg,2022-10-09,False,BLUE LOCK,8.281,666
False,/vqm22ecqtzy5Olr74mkUV5lWa9g.jpg,"[99, 18, 80]",90,['CA'],en,Mayday,"Major real-life air disasters are depicted in this series. Each episode features a detailed dramatized reconstruction of the incident based on cockpit voice recorders and air traffic control transcripts, as well as eyewitnesses recounts and interviews with aviation experts.",81.8653,/2uuVIAb4MtPmMNTpOyID5V8DzrU.jpg,2003-09-03,False,Mayday,8.2,296
False,/9qrroces8C6R9aKr08hACNPVXdZ.jpg,"[16, 18, 10765, 10759]",95557,['US'],en,INVINCIBLE,"Mark Grayson is a normal teenager except for the fact that his father is the most powerful superhero on the planet. Shortly after his seventeenth birthday, Mark begins to develop powers of his own and enters into his father's tutelage.",80.8594,/4tblBrslcKSifMVZ3TmtT2ukMor.jpg,2021-03-25,False,INVINCIBLE,8.629,6081
False,/1orqm4lN8VtYGlxZ1g12ip6iwmG.jpg,"[35, 18]",1417,['US'],en,Glee,"In this musical comedy, optimistic high school teacher Will Schuester tries to refuel his own passion while reinventing the high school's glee club and challenging a group of outcasts to realize their star potential as they strive to outshine their singing competition while navigating the cruel halls of McKinley High.",82.7081,/9WlKHB3lmqMmxO1SfL6MVOJxKPP.jpg,2009-05-19,False,Glee,6.8,975
False,/dI2O0d5Dkk8tpuTvCkUKQw3LNMv.jpg,"[35, 10759, 16, 10765]",57706,['JP'],ja,らんま1/2,"Ranma Saotome, a teenage martial artist, and his father Genma travel to the 'cursed training ground' of Jusenkyo in China. There, despite the warnings of the Chinese guard, they fall into the cursed springs. From now on, whenever Ranma is doused in cold water, he turns into a girl and a cute, well-built redhead at that. Hot water changes him back into a man again, but only until the next time. To make matters worse, his father engages him to Akane Tendo, a girl who hates boys.",84.7917,/qb1R5iLZcjIgdDIfXFQXmJadQPI.jpg,1989-04-15,False,Ranma ½,8.6,1546
False,/vr2pasVUtMvpsWW8BhFBPbYiOl3.jpg,"[10751, 35]",49009,['US'],en,The Goldbergs,"Before there were parenting blogs, trophies for showing up, and peanut allergies, there was a simpler time called the '80s. For geeky 11-year old Adam these were his wonder years and he faced them armed with a video camera to capture all the crazy. The Goldbergs are a loving family like any other, just with a lot more yelling.",80.1156,/3aQipkhSCHUmaHjImqEqT80k6GP.jpg,2013-09-24,False,The Goldbergs,7.41,379
False,/6NuvpA24GbWrnkKsYrNyr2RiRbp.jpg,"[18, 9648]",31917,['US'],en,Pretty Little Liars,"Based on the Pretty Little Liars series of young adult novels by Sara Shepard, the series follows the lives of four girls — Spencer, Hanna, Aria, and Emily — whose clique falls apart after the disappearance of their queen bee, Alison. One year later, they begin receiving messages from someone using the name ""A"" who threatens to expose their secrets — including long-hidden ones they thought only Alison knew.",82.5223,/aUPbHiLS3hCHKjtLsncFa9g0viV.jpg,2010-06-08,False,Pretty Little Liars,7.959,2839
False,/959IFVeGqz2M6qGvQ1RxN2r6Mq6.jpg,[35],1420,['US'],en,New Girl,"Jessica Day is an offbeat and adorable girl in her late 20s who, after a bad breakup, moves in with three single guys. Goofy, positive, vulnerable and honest to a fault, Jess has faith in people, even when she shouldn't. Although she's dorky and awkward, she's comfortable in her own skin. More prone to friendships with women, she's not used to hanging with the boys—especially at home.",80.6871,/8oCqMlKKomCArVtyOjRzMN6g40Z.jpg,2011-09-20,False,New Girl,7.354,1734
False,/veIrzS2AkYm0UaYYcVw9ziWkJoB.jpg,"[10759, 18]",91555,['US'],en,All Elite Wrestling: Dynamite,A world-class roster of diverse male and female wrestlers give fans a new wrestling experience for the first time in 20 years.,76.2681,/2xAAC0Hwm9yxMn9ukgglfIuABc1.jpg,2019-10-02,False,All Elite Wrestling: Dynamite,7.9,88
False,/gffVOVZ2Y9cmVIZ26Gt9ByMGCYH.jpg,"[16, 18, 9648]",220542,['JP'],ja,薬屋のひとりごと,"Maomao lived a peaceful life with her apothecary father. Until one day, she's sold as a lowly servant to the emperor's palace. But she wasn't meant for a compliant life among royalty. So when imperial heirs fall ill, she decides to step in and find a cure! This catches the eye of Jinshi, a handsome palace official who promotes her. Now, she's making a name for herself solving medical mysteries!",78.9399,/e3ojpANrFnmJCyeBNTinYwyBCIN.jpg,2023-10-22,False,The Apothecary Diaries,8.6,640
False,/nOIMQQi5nwoIJzBegRBlmDkSZS1.jpg,"[80, 18, 9648]",734,['US'],en,"Magnum, P.I.","A private investigator who works when he wants, lives in a beachfront estate in Hawaii, drives a posh Ferrari, runs up an unlimited tab at a swank bar, and charms attractive women in peril - that's the lifestyle of Thomas Magnum, aka Magnum, P.I.",77.8343,/uaiztRrI2gwBNVtFh6iGvkXqgfz.jpg,1980-12-11,False,"Magnum, P.I.",7.296,461
False,/3tAGy6yyrmGEJNNKiTxHstQpPsy.jpg,[18],82948,['NL'],nl,SKAM NL,"The story of a group of teenagers in high school in Utrecht, The Netherlands, in their search for friendship, love, their own identity, and overcoming fears.",128.3798,/zOtpVvvlpkYjvMlLAogwS1oS3Nf.jpg,2018-09-16,False,SKAM NL,7.6,11
False,/hCUOckGQ4WnYRoCPFSTdxxErnr7.jpg,"[35, 10751]",2352,['US'],en,The Nanny,"That flashy girl from Flushing with the heart of an angel (and the voice of a slighty more nasal angel). The comic misadventures of the sweet and sassy Fran Fine, her sophisticated employer, Broadway producer Mr. Sheffield, his boisterous brood and his wisecracking staff.",67.7163,/4syShXMjaPAP3mG81ekhruv94sd.jpg,1993-11-03,False,The Nanny,8.053,1334
False,/iK7tPi9j4d34g5p6bNKmGVba95K.jpg,"[80, 18]",1908,['US'],en,Miami Vice,"The story of the Miami Police Department's vice squad and its efforts to end drug trafficking and prostitution, centered on the unlikely partnership of Sonny Crockett and Ricardo Tubbs - who first meet when Tubbs is undercover in a drug cartel.",82.3955,/b5kLqC6eDiA17nq3jr1Vi340Kns.jpg,1984-09-16,False,Miami Vice,7.4,541
False,/8AJpsGLUZCDMNQgB7Cl6nkL7Xbk.jpg,"[16, 10751, 10762]",11472,['PT'],pt,Rua Sésamo,,71.6485,/bLicAogpH3ug4BcfNaJTdZjBzfs.jpg,1989-11-06,False,Rua Sésamo,7.0,2
False,/uCvpgfY4oTeZxEcFqm1ATJkDDmu.jpg,"[37, 18, 10751]",1781,['US'],en,Little House on the Prairie,"When the big woods of Wisconsin becomes a difficult spot for hunting, Charles Ingalls reluctantly decides to move his family, pioneering west. Their life on the farm in Walnut Grove, Minnesota, in the 1870s and 1880s is full of adventure, tragedy, and triumph. Based on the books of Laura Ingalls Wilder.",76.5152,/eVpvlqKZfEVsBOttNFTUyfPoA6K.jpg,1974-09-11,False,Little House on the Prairie,7.963,1035
False,/vXOuULT4bESULFUkE7npIOSt777.jpg,[10767],67824,['FR'],fr,Quotidien,"Quotidien (nicknamed ""The French Show with the Good Lighting"" abroad) is a French daily infotainment television program broadcast in the early evening on TMC since September 12, 2016. The show is hosted by Yann Barthès and produced by Bangumi. It consists of segments and reports produced by the team of commentators and journalists surrounding Yann Barthès and features daily guests including newsmakers, intellectuals, politicians, and French and international celebrities.",77.4318,/mAS92BmUPV2bxpPJmuCsJfCROZk.jpg,2016-09-12,False,Quotidien,5.1,19
False,Tidak tersedia,[10767],64189,['DE'],de,NDR Talk Show,,81.9492,/iDyRo1jkDP17uvZfUcw44WRWudc.jpg,1979-02-09,False,NDR Talk Show,6.6,5
False,/zPyVcPi5vFjjHbZsYYbbIG1I0oL.jpg,[35],2140,['US'],en,Everybody Loves Raymond,"Ray Barone is a successful sportswriter living on Long Island with his wife Debra, daughter Ally, and twin sons, Geoffrey and Michael. Ray's meddling parents, Frank and Marie, and brother, Robert, live directly across the street.",77.5674,/dcCnVVggEBfNpzHrqzDJqhE6tGP.jpg,1996-09-13,False,Everybody Loves Raymond,6.828,676
False,/pXss1GWhPOcf6SrmRJ4JSkIU3sE.jpg,"[35, 10764]",98031,['CN'],zh,奔跑吧,"Hurry Up, Brother! is a Chinese variety show based off the original Korean variety show, Running Man. It is created by SBS and co-produced with Zhejiang Television. It first aired on October 10, 2014. This show is classified as a game-variety show, where the MCs and guests complete missions in a landmark to win a race. In 2017, the show officially changed its name to ""Keep Running"".",74.669,/lr4er9w2jHqFx8VFyASN8Q1LWzB.jpg,2014-10-10,False,Keep Running,5.7,14
False,/iWopHyAvuIDjGX10Yc3nn6UEebW.jpg,"[18, 10765, 10759]",1403,['US'],en,Marvel's Agents of S.H.I.E.L.D.,"Agent Phil Coulson of S.H.I.E.L.D. (Strategic Homeland Intervention, Enforcement and Logistics Division) puts together a team of agents to investigate the new, the strange and the unknown around the globe, protecting the ordinary from the extraordinary.",83.5378,/gHUCCMy1vvj58tzE3dZqeC9SXus.jpg,2013-09-24,False,Marvel's Agents of S.H.I.E.L.D.,7.487,3901
False,/lksigd4PnpvvIY9oPHW2DEnHh5H.jpg,[],70558,['US'],en,NPR Tiny Desk Concerts,"Intimate musical performances, recorded live at the desk of All Songs Considered host Bob Boilen.",81.9367,/sJ6HdzajIVkC5G2kRROhNu8at43.jpg,2008-04-22,False,NPR Tiny Desk Concerts,7.0,10
False,/fCkwHJewHWBwrf15oue9vBlXyyN.jpg,[10766],81742,['BR'],pt,Caça Talentos,,42.9704,/yLNjWqqwH2lIRbCl6r3UskU5lMO.jpg,1996-09-16,False,Caça Talentos,9.0,4
False,/2meX1nMdScFOoV4370rqHWKmXhY.jpg,"[10759, 9648, 18]",93405,['KR'],ko,오징어 게임,"Hundreds of cash-strapped players accept a strange invitation to compete in children's games. Inside, a tempting prize awaits — with deadly high stakes.",78.0273,/1QdXdRYfktUSONkl1oD5gc6Be0s.jpg,2021-09-17,False,Squid Game,7.854,17771
False,/694P5kn7wIIsplNkPCnBYa1Azmy.jpg,"[35, 10764, 10767]",202837,['NO'],no,Spårtsklubben,"""Spårtsklubben"" is a Norwegian online sport entertainment show that delivers you funny sport clips, stunts, and hysterical conversations between the hosts.",78.7091,/nLr6mbk3SHs0FusvS4n745kgQfy.jpg,2016-04-28,False,Spårtsklubben,0.0,0
False,/rbDFI2I1nMyJtX4Y3jJ4H1QRdRX.jpg,"[18, 80, 10765]",60708,['US'],en,Gotham,"Everyone knows the name Commissioner Gordon. He is one of the crime world's greatest foes, a man whose reputation is synonymous with law and order. But what is known of Gordon's story and his rise from rookie detective to Police Commissioner? What did it take to navigate the multiple layers of corruption that secretly ruled Gotham City, the spawning ground of the world's most iconic villains? And what circumstances created them – the larger-than-life personas who would become Catwoman, The Penguin, The Riddler, Two-Face and The Joker?",79.28,/zLpSNnVoL2bjQdc1PcaHUPUzttP.jpg,2014-09-22,False,Gotham,7.594,3803
False,/81BCTObfPk0EvarJpUgnGXHvM9x.jpg,"[16, 35, 18]",61222,['US'],en,BoJack Horseman,"Meet the most beloved sitcom horse of the '90s , 20 years later. He's a curmudgeon with a heart of...not quite gold...but something like gold. Copper?",78.5278,/6JFWzlChcGgLiIUo2COgNlWGFKy.jpg,2014-08-22,False,BoJack Horseman,8.529,2974
False,/wnyMAP1Xep5BUwTqMq2KBHjRHws.jpg,"[18, 10766]",1021,['GB'],en,Casualty,"Drama series about the staff and patients at Holby City Hospital's emergency department, charting the ups and downs in their personal and professional lives.",80.2901,/ahqMUNIUeGIBQSkShEV32085IFZ.jpg,1986-09-06,False,Casualty,6.2,88
False,/7lYBvjfgrguOUgnS9NrpysHtaCq.jpg,"[80, 18, 9648]",4582,['US'],en,Ironside,"When an assassin's bullet confines him to a wheelchair for life ending his career as Chief of Detectives, Robert T. Ironside becomes a consultant to the police department. Detective Sergeant Ed Brown and policewoman Eve Whitfield join with him to crack varied and fascinating cases. Ex-con Mark Sanger is employed by the chief as home help but eventually becomes a fully fledged member of the team also. Officer Whitfield leaves after 4 years service, and is replaced by Officer Fran Belding.",83.9679,/Fu9Sv0pQ0s89uWwwXcaG0kiNW7.jpg,1967-03-28,False,Ironside,6.789,71
False,/fv3K9SWlXQaCzVsnh6RnzLu84xA.jpg,"[99, 10763]",5675,['GB'],en,Panorama,"Current affairs programme, featuring interviews and investigative reports on a wide variety of subjects.",76.1731,/2559yxjK49kF9sL8mdIEp757VpK.jpg,1953-11-11,False,Panorama,6.286,14
False,/o6KKirdK4WyXfnSTd3QRzHcZJat.jpg,"[10767, 10763]",114863,['CL'],es,Mentiras verdaderas,Daily interviews discussing the guest's personal lives and national contingency.,75.6541,/lBm5uxFGU40Hz7wztTAcsvh6Ng9.jpg,2011-10-11,False,Mentiras verdaderas,5.5,2
False,Tidak tersedia,[],310518,['US'],en,Hockey Psychology,Breaking down the game within the game for the best sport on earth.,70.5612,Tidak tersedia,2021-04-10,False,Hockey Psychology,0.0,0
False,/3k0hao0Nw6JPes4Tvb8CLAkmnXu.jpg,"[10759, 80, 9648, 18]",2813,['US'],en,Mannix,"Mannix is an American television detective series that ran from 1967 through 1975 on CBS. Created by Richard Levinson and William Link and developed by executive producer Bruce Geller, the title character, Joe Mannix, is a private investigator. He is played by Mike Connors. Mannix was the last series produced by Desilu Productions.",80.4976,/8Nh2D2dHKJnUbRHqLS5QsKWJuPb.jpg,1967-09-16,False,Mannix,6.839,56
False,/k82HByudvbDHPmu2gMRJ2E3oAJ5.jpg,"[10764, 35]",73048,['KR'],ko,SNL 코리아,"Korea's version of the late-night live television sketch comedy and variety show. The show's comedy sketches, which parody contemporary culture and politics, are performed by a large and varying cast of repertory cast members.",70.2992,/1feD9WnGOU19juCw79fACNmG7n4.jpg,2011-12-03,False,SNL Korea,8.2,5
False,/xF4zSVyrOBO60Lwu2wDN0dBjEgk.jpg,[35],4238,['US'],en,The King of Queens,"Life’s good for deliveryman Doug Heffernan, until his newly widowed father-in-law, Arthur, moves in with him and his wife Carrie. Doug is no longer the king of his domain, and instead of having a big screen television in his recently renovated basement, he now has a crazy old man.",80.3208,/vXs300Yvjy4Kr0iHgBtajHkYbAt.jpg,1998-09-21,False,The King of Queens,7.1,767
False,/rf2uHKzPniVL5LvSVxg5ACxv4cS.jpg,"[35, 10751, 18]",52,['US'],en,That '70s Show,"Crank up the 8-track and flash back to a time when platform shoes and puka shells were all the rage in this hilarious retro-sitcom. For Eric, Kelso, Jackie, Hyde, Donna and Fez, a group of high school teens who spend most of their time hanging out in Eric’s basement, life in the ‘70s isn’t always so groovy. But between trying to figure out the meaning of life, avoiding their parents, and dealing with out-of-control hormones, they’ve learned one thing for sure: they’ll always get by with a little help from their friends.",77.8615,/laEZvTqM80UaplUaDSCCbWhlyEV.jpg,1998-08-23,False,That '70s Show,7.918,1664
False,/4WdtTK5SbeXsYeloXHI2WTpgvdE.jpg,[10764],14658,['US'],en,Survivor,"A reality show contest where sixteen or more castaways split between two or more “Tribes” are taken to a remote isolated location and are forced to live off the land with meager supplies for roughly 39 days. Frequent physical challenges are used to pit the tribes against each other for rewards, such as food or luxuries, or for “Immunity”, forcing the other tribe to attend “Tribal Council”, where they must vote off one of their players.",78.4888,/1usR1nanbDvnc0LJlWd5TOylT9M.jpg,2000-05-31,False,Survivor,7.3,447
False,/1SUer2UeRe4LFxil6LJo60KoQrX.jpg,"[18, 10766]",4349,['US'],en,Melrose Place,"Follow the lives of a group of young adults living in a brownstone apartment complex on Melrose Place, in Los Angeles, California.",78.718,/kIc03DwT3DPd48lKlbpyPxx3O1S.jpg,1992-07-08,False,Melrose Place,5.846,191
False,/oYwaOeQmE0tuBKy8kt43NFNI4bE.jpg,"[80, 18, 9648]",578,['US'],en,Numb3rs,"Inspired by actual cases and experiences, Numb3rs depicts the confluence of police work and mathematics in solving crime as an FBI agent recruits his mathematical genius brother to help solve a wide range of challenging crimes in Los Angeles from a very different perspective.",81.5544,/wOzbxJmpccPA5MYvBSGbor3WKh3.jpg,2005-01-23,False,Numb3rs,7.024,453
False,/hoe6Kfn2UZ7EEyT7rLF6zO2HSk9.jpg,"[18, 10768]",732,['US'],en,L.A. Law,"L.A. Law is an American television legal drama series that ran for eight seasons on NBC from September 15, 1986, to May 19, 1994.

Created by Steven Bochco and Terry Louise Fisher, it contained many of Bochco's trademark features including a large number of parallel storylines, social drama and off-the-wall humor. It reflected the social and cultural ideologies of the 1980s and early 1990s, and many of the cases featured on the show dealt with hot-topic issues such as abortion, racism, gay rights, homophobia, sexual harassment, AIDS, and domestic violence. The series often also reflected social tensions between the wealthy senior lawyer protagonists and their less well-paid junior staff.

The show was popular with audiences and critics, and won 15 Emmy Awards throughout its run, four of which were for Outstanding Drama Series.",80.5032,/hs1TBk6KlPBlnb7ybpqgK6IzcCx.jpg,1986-09-15,False,L.A. Law,7.0,81
False,/j96X70u64sceyDC3HPQ5KLHB93o.jpg,"[10767, 10764]",55273,['DK'],da,Nak & Æd,"What happens when you put a man of nature together with a celebrity chef from the big city and let them loose in the Danish nature – equipped with firearms, knives and cookware?",69.654,/ub8iOpEFyUAQsu6mEF4f02ZwG8F.jpg,2010-10-24,False,Kill & Eat,7.8,5
False,/fGk5GVPP7qfEHr8b9pzS6AWsOmV.jpg,"[10759, 9648]",100757,['US'],en,Outer Banks,"On a North Carolina island of haves and have-nots, John B and his tight-knit crew of friends find mystery and adventure while hunting for lost treasure.",76.0546,/ovDgO2LPfwdVRfvScAqo9aMiIW.jpg,2020-04-15,False,Outer Banks,8.241,1280
False,/frwl2zBNAl5ZbFDJGoJv0mYo0rF.jpg,[35],8592,['US'],en,Parks and Recreation,"In an attempt to beautify her town — and advance her career — Leslie Knope, a mid-level bureaucrat in the Parks and Recreation Department of Pawnee, Indiana, takes on bureaucrats, cranky neighbors, and single-issue fanatics whose weapons are lawsuits, the jumble of city codes, and the democratic process she loves so much.",79.1228,/5IOj62y2Eb2ngyYmEn1IJ7bFhzH.jpg,2009-04-09,False,Parks and Recreation,8.05,1923
False,Tidak tersedia,[10767],103108,['DE'],de,MDR um 4,,75.4972,/xoTOnCc50QJBwRZKlIaM92Q8vbh.jpg,2014-01-06,False,MDR um 4,5.0,4
False,/2iYitemZYaZUcmSo0l2p3WHvj5J.jpg,[18],3172,['US'],en,Private Practice,"Having left behind Seattle Grace Hospital, renowned surgeon Addison Forbes Montgomery moves to Los Angeles for sunnier weather and happier possibilities. She reunites with her friends from medical school, joining them at their chic, co-op, Oceanside Wellness Center in Santa Monica.",77.6669,/pW20ANAGdrgreYJExduUVaWos6H.jpg,2007-09-26,False,Private Practice,7.513,358
False,/1F2RnXLc0fmRt7iWfBK4mNVsjno.jpg,"[10765, 18, 35]",34524,['US'],en,Teen Wolf,"Scott McCall, a high school student living in the town of Beacon Hills has his life drastically changed when he's bitten by a werewolf, becoming one himself. He must henceforth learn to balance his problematic new identity with his day-to-day teenage life. The following characters are instrumental to his struggle: Stiles, his best friend; Allison, his love interest who comes from a family of werewolf hunters; and Derek, a mysterious werewolf with a dark past. Throughout the series, he strives to keep his loved ones safe while maintaining normal relationships with them.",75.9305,/wjKBTcNy1xihmExqJI8kM2qvavP.jpg,2011-06-05,False,Teen Wolf,8.44,4799
False,/5C5cMYUlmX6BU5YxBqhp7ZpSd3Q.jpg,"[18, 80]",211288,['US'],en,Tracker,"Lone-wolf survivalist Colter Shaw roams the country as a “reward seeker,” using his expert tracking skills to help private citizens and law enforcement solve all manner of mysteries while contending with his own fractured family.",76.4864,/otula4h1ITZ0eV84eg7Lb8u614C.jpg,2024-02-11,False,Tracker,7.633,332
False,/5dv4q9x4vTVTT6IHIlfEDvFhJet.jpg,"[10763, 35]",44337,['GB'],en,Have I Got a Bit More News for You,"Based on the week’s news and fronted by guest hosts, this extended version of the satirical news quiz features more of the stuff that wouldn't fit into the regular programme.",75.8932,/aOZuKQ2uWRfZPzn61bnzQT5LhMR.jpg,,False,Have I Got a Bit More News for You,7.167,18
False,/aVvRQJ2Ckhlym4uh0YGc166CUoP.jpg,"[10759, 10765, 18, 10751]",82452,['US'],en,Avatar: The Last Airbender,A young boy known as the Avatar must master the four elemental powers to save a world at war — and fight a ruthless enemy bent on stopping him.,77.2616,/lzZpWEaqzP0qVA5nkCc5ASbNcSy.jpg,2024-02-22,False,Avatar: The Last Airbender,7.772,1366
False,/yVP12H81dwaay5B7GVqgO893q2c.jpg,"[18, 80, 9648]",226637,['US'],en,High Potential,"Morgan is a single mom with an exceptional mind, whose unconventional knack for solving crimes leads to an unusual and unstoppable partnership with a by-the-book seasoned detective.",75.8877,/xCtaUDBUP1iKqtoqpHfeH1T2pWF.jpg,2024-09-17,False,High Potential,8.2,680
False,/56EA7Ex9vzg6MbeV2rVhx6QKMgI.jpg,"[10759, 16, 35, 10762]",160,['US'],en,Teenage Mutant Ninja Turtles,"Four turtles fall into the sewers and are befriended by Hamato Yoshi a Japanese man sent to New York who was forced to live in the sewers. One day he sees a strange green glow which transforms the four turtles into human-like creatures. Hamato (now Master Splinter) changes into a giant rat from the green glow and teaches the turtles the skills of the ninja as they team up with news reporter April O'Neil to battle against Yoshi's arch enemy Shredder and Krang, an alien warlord from Dimension X.",73.7391,/AaihPizftZo5YCqzEgHMwkceaEo.jpg,1987-12-14,False,Teenage Mutant Ninja Turtles,7.762,869
False,/cUye1OAJ6AsRTlVaJTJXqHyA7dN.jpg,"[35, 10767]",61025,['US'],en,@midnight with Chris Hardwick,"Chris Hardwick will lead three celebrity contestants down the ultimate internet wormhole. Culling from the darkest recesses of social media, they will compete to determine who has the funniest take on the day's pop culture.",77.2776,/eVvxhRtJzl8nom2rAFxg60QkaYo.jpg,2013-10-21,False,@midnight with Chris Hardwick,5.261,23
False,/4PhaaA593zHfAyYUIXVWTih3qcD.jpg,"[35, 10751, 10765]",605,['US'],en,"Sabrina, the Teenage Witch","On her sixteenth birthday, Sabrina Spellman discovers she has magical powers. She lives with her 600-year-old aunts Hilda and Zelda as well as talking cat Salem in the fictional town of Westbridge, Massachusetts.",77.9159,/nNhj3coHNVVJPVM7fm5PEYVTCMO.jpg,1996-09-27,False,"Sabrina, the Teenage Witch",7.776,1252
False,/sCTNR6iYgEAaYxjvibhzt8sc1nQ.jpg,"[10766, 18, 10751]",40,['US'],en,Dallas,"The world's first mega-soap, and one of the most popular ever produced, Dallas had it all. Beautiful women, expensive cars, and men playing Monopoly with real buildings. Famous for one of the best cliffhangers in TV history, as the world asked ""Who shot J.R.?"" A slow-burner to begin with, Dallas hit its stride in the 2nd season, with long storylines and expert character development. Dallas ruled the airwaves in the 1980's.",76.3452,/jmqo8bgHrhKYPc0RK5F71GHa8rm.jpg,1978-04-02,False,Dallas,6.869,249
False,/pmB8uYJF1WKQCZnJjhnAx2IJjhk.jpg,[10766],14750,['PL'],pl,Na Wspólnej,"Na Wspólnej is a Polish soap opera. It has been running since 2003 on the TVN channel as its flagship primetime weekday soap opera. It is loosely based on the German production Unter Uns and it follows the lives of the inhabitants of an apartment block in Wspólna Street, Warsaw. Episodes tend to last around 20 minutes. It is a Polish version of the Hungarian ""Barátok közt"".

The series is shot almost entirely in Warsaw and produced by the Polish branch of Freemantle Media. On 9 September 2008 it celebrated its 1000th episode; ""Na Wspólnej"" was the fourth Polish television series ever to achieve such status. A special episode was broadcast in which characters from some other of TVN's most popular shows visited Wspólna Street.",74.1726,/uksRhdaOn64bO5d33d7rcTbrhJI.jpg,2003-01-27,False,Na Wspólnej,5.0,13
False,/uGGmIOPc2QLNF4t3Ro46wRcYr3t.jpg,[18],194,['US'],en,NYPD Blue,"Police drama set in New York City, exploring the internal and external struggles of the fictional 15th precinct of Manhattan. Each episode typically intertwined several plots involving an ensemble cast.",74.6004,/hrdusQVSArJPRGnB5bHzd2ISP4V.jpg,1993-09-21,False,NYPD Blue,7.049,182
False,/5RWAjCYhu3D8Ai2QBYP7GjaxFb3.jpg,[18],1395,['US'],en,Gossip Girl,An exclusive group of privileged teens from a posh prep school on Manhattan's Upper East Side whose lives revolve around the blog of the all-knowing albeit ultra-secretive Gossip Girl.,75.6838,/ep03M6KKZGeljOizPEbt3Geja5n.jpg,2007-09-19,False,Gossip Girl,8.134,2355
False,/3B6KkxzOj3P3zxfPExbbbVXtzeo.jpg,"[18, 10751, 10759]",274556,['TR'],tr,Uzak Şehir,"Alya Albora arrives in Mardin with her late husband’s funeral and their five-year-old son to fulfill her husband’s last will. However, this arrival marks a point of no return, and there is no way out of Albora. The head of the Albora tribe, Cihan Albora, is not indifferent to Alya’s struggles, but he refuses to let her take her child and leave. Confronting the darkness of the past, hidden secrets, and the harsh realities of the region, Alya Albora finds herself caught in a fierce struggle with her late husband’s family.",75.1731,/vPvxzUFy4CYEAThOQim8wuyCqHt.jpg,2024-11-11,False,Far Away,8.2,39
False,/nuQVpawZjrefwsWmRYXEX7dTKAa.jpg,[99],275484,['DE'],de,Die Ratgeber,,72.23,Tidak tersedia,2019-04-01,False,Die Ratgeber,10.0,1
False,/ptEtIr3rVuAJpmbwaLJJqND6HVq.jpg,"[16, 10759, 10765, 35, 10751]",38693,['US'],en,Ninjago: Masters of Spinjitzu,"When the fate of their world, Ninjago, is challenged by great threats, it's up to the ninja: Kai, Jay, Cole, Zane, Lloyd and Nya to save the world.",76.0053,/wz6ZqlyndVpdRayZi1gbYHWcqFi.jpg,2012-01-11,False,Ninjago: Masters of Spinjitzu,7.967,793
False,/wyJb8zU523NSYKY6RJsb6q5CywM.jpg,[10767],96386,['JP'],ja,乃木坂工事中,"Nogizaka46 is making a big leap forward right now!

Their activities range from live performances, varieties, dramas, movies, and models.

In order to give these girls even more momentum, this program will challenge various projects that bring out new aspects and charms of the members!!!",66.2729,/wjfGdo9BoKeakiSxdKdiPZxv1jA.jpg,2015-04-20,False,Nogizaka Under Construction,7.2,6
False,/fThSrHjuS1X82XoH9VrtvgvMIXm.jpg,"[10759, 18, 80]",60797,['US'],en,Scorpion,"Eccentric genius Walter O’Brien and his team of brilliant misfits comprise the last line of defense against complex, high-tech threats of the modern age. As Homeland Security’s new think tank, O’Brien’s “Scorpion” team includes Toby Curtis, an expert behaviorist who can read anyone; Happy Quinn, a mechanical prodigy; and Sylvester Dodd, a statistics guru.",75.9423,/hzeirSF6bRjssDh5JFrm5WRwFLd.jpg,2014-09-22,False,Scorpion,8.196,4187
False,/adsc78pBssCRr3iTgzxgdCPI1v2.jpg,"[10751, 10765, 35, 18]",155,['US'],en,3rd Rock from the Sun,"The high commander of an alien expedition lands on Earth -- what he considers to be the least-important planet -- in human form as Dick Solomon. Along for the ride are his alien compatriots Harry, Sally and Tommy -- who is the eldest of the group but is now angrily trapped in a teen's body.",74.424,/sUB4lZghNnwQywKqgjIfJsyBqI2.jpg,1996-01-09,False,3rd Rock from the Sun,7.509,585
False,/nxqRVJ3QP76CZBaunWl42hQVK0.jpg,"[18, 35]",1803,['US'],en,The Facts of Life,"Mrs. Edna Garrett, housemother and dietitian at the Eastland School, teaches a group of girls in her charge how to solve those problems that every teenager has to face.",71.5844,/45i9VujUbQITmHl3QE3eNs9ZUv3.jpg,1979-08-24,False,The Facts of Life,7.083,108
False,/2GPe3jaXM1itSEXoPhGyPJlbZA6.jpg,[35],15903,['HK'],cn,同事三分親,"Wong Ka-Nam disappeared to the United States, leaving behind her son and husband in Hong Kong. When her husband dies in an airplane accident looking for her, Wong Ka-Nam's son, Luk Chit is taken into the custody of her mother-in-law, Ng Hang. After eighteen long years, Wong Ka-Nam wishes to see her son again and returns to Hong Kong. However, she is met with adamant resistance from her mother-in-law, who views Ka-Nam as bad luck, blaming her for the death of her son. Highly protective of her grandson and fearing that Wong Ka-Nam will attempt to take him away, Ka Nam's mother-in-law does everything in her power to keep mother and son apart. However, Wong Ka-Nam is ironically assisted by her own son, who befriends her and secures her office job in his advertising agency.",43.7508,/hDhUREsTCsYzAxykh2CxpJVFzQf.jpg,2007-03-12,False,Best Selling Secrets,8.0,1
False,/nFnzqHuiKF7mLjGb9GFKZ7SeuoB.jpg,"[10763, 10767]",3508,['US'],en,Anderson Cooper 360°,"Anderson Cooper goes beyond the headlines to tell stories from many points of view, so you can make up your own mind about the news.",74.8716,/xwlxWVjSTVcERt4GQ0kes8qrsbu.jpg,2003-09-08,False,Anderson Cooper 360°,5.4,9
False,/o0X11m9s7rmiJULBaV6A11hwxe2.jpg,"[35, 37]",953,['US'],en,Maverick,"The Maverick boys - Bret, Bart, Beau and Brent - are a clan of well-dressed dandies, gamblers who'd much rather make their money playing cards than messing up their fine clothing with actual work. Sly and clever, none of the Mavericks are much for acts of derring do, but they can be courageous when the situation calls for it. Most often, however, they live by their wits and considerable charm.",76.502,/psVbZjMHt9f9X7EIks9IQdCMZke.jpg,1957-09-22,False,Maverick,6.988,43
False,Tidak tersedia,"[35, 80, 18]",3229,['AU'],en,Number 96,"Number 96 was a popular Australian soap opera set in a Sydney apartment block. Don Cash and Bill Harmon of the Cash Harmon Television production company, produced the series for Network Ten, which requested a Coronation Street-type serial, and specifically one that explored adult subjects. The premise, original story outlines, and the original characters were devised by David Sale who also wrote the scripts for the first episodes and continued as script editor for much of the show's run. The series proved to be a huge success, running from 1972 until 1977. Number 96 was so popular it spawned a feature film version, filmed in December 1973. Number 96 was known for its sex scenes and nudity, somewhat risque at the time, and for its comedy characters. The series was the first Australian soap opera to feature an openly gay character.",71.704,/c7YQQAg2oX3RlHgdG4JBFn2HOHC.jpg,1972-03-13,False,Number 96,4.25,8
False,/azQGTV8qSvwefjy25UXieleGFX.jpg,[18],215709,['TR'],tr,Esaret,"Orhun is a successful businessman who was raised in a wealthy but loveless family along with his twin sister Nihan, younger sister Nurşah and their cold, distant mother Afife. Nihan left to do volunteer work as a doctor in Eritrea, but recently she has been impossible to contact, and her family is worried about her. While looking for his sister, he comes across Hira, a poor girl living the life of a prisoner at the hands of traffickers. When they find out that Nihan has been poisoned and killed by a local gang, Orhun breaks down. When it emerges that it was actually Hira who poisoned his sister, Orhun hatches an evil revenge plan. Meanwhile, Afife, their mother, has kept Orhun's father away since his childhood secretly. Orhun decides to marry Hira as revenge. Afife hates people of lower status and she’s obsessed with “pure blood”. Will this marriage imprison Afife , or will the couple find redemption after paying all their dues?",73.1679,/2lUypzrIpZ87Crg2yrJKIJ5N5Z9.jpg,2022-11-21,False,Redemption,6.5,11
False,/f3Wt7IReyUhjiYJP6Yfm5PClF9O.jpg,[10759],823,['US'],en,WWF Superstars,"WWE's flagship show of the early-90s featuring great in-ring action, news from the world of sports-entertainment, and more.",77.2073,/8HBxnzvx9OwJxA4OJ6TWjXNJthy.jpg,1986-09-06,False,WWF Superstars,7.2,9
False,/h6qWlFERbEgvppyAsiPWqcYG0LR.jpg,"[10759, 35, 80]",1516,['US'],en,The A-Team,"A fictional group of ex-United States Army Special Forces personnel work as soldiers of fortune while on the run from the Army after being branded as war criminals for a ""crime they didn't commit.""",73.8728,/p2qWJJ7Wyaq2xvgIHuBw4zVNBij.jpg,1983-01-23,False,The A-Team,7.499,1121
False,/8nkOWsMtWZvp7IGuYdVbJeoWzQx.jpg,"[10768, 18, 35]",918,['US'],en,M*A*S*H,"The 4077th Mobile Army Surgical Hospital is stuck in the middle of the Korean war. With little help from the circumstances they find themselves in, they are forced to make their own fun. Fond of practical jokes and revenge, the doctors, nurses, administrators, and soldiers often find ways of making wartime life bearable.",74.3602,/6rhuM3oMoEWKxAdrm7IyM8oq8cC.jpg,1972-09-17,False,M*A*S*H,7.94,771
False,/bhELjzqO7A7q6BZCu3puYiZ5YAv.jpg,"[10766, 18]",2254,['US'],en,Sunset Beach,"Sunset Beach is an American television soap opera that aired on NBC from January 6, 1997 to December 31, 1999. The show follows the loves and lives of the people living in the Orange County coastal area named Sunset Beach, on the coast of California. Although there is a town in California called Sunset Beach, the show's beach scenes were shot on nearby Seal Beach. The show was co-produced by NBC and Spelling Television.

Sunset Beach won two Daytime Emmy Awards and was nominated another eleven times. The show also received twenty-two nominations for various other awards.",69.9728,/b4wqMNq1v3oksZ1V88aemWxbx15.jpg,1997-01-06,False,Sunset Beach,6.122,37
False,/foGkPxpw9h8zln81j63mix5B7m8.jpg,"[10765, 18, 10759]",71912,['US'],en,The Witcher,"Geralt of Rivia, a mutated monster-hunter for hire, journeys toward his destiny in a turbulent world where people often prove more wicked than beasts.",69.1153,/AoGsDM02UVt0npBA8OvpDcZbaMi.jpg,2019-12-20,False,The Witcher,7.889,6905
False,/3jMCaxKK4r5A5gu196dCCrk5d6X.jpg,"[35, 10767]",562,['US'],en,The Ellen DeGeneres Show,"The Ellen DeGeneres Show, often shortened to just Ellen, is an American television talk show hosted by comedian/actress Ellen DeGeneres.",76.4727,/PhUYIGUUk1RzWq2Aw3TqH65McE.jpg,2003-09-08,False,The Ellen DeGeneres Show,5.587,179
False,/zJiWhsEYCy5BkFCBONoMnUunyZQ.jpg,"[18, 35, 80]",1424,['US'],en,Orange Is the New Black,"A crime she committed in her youthful past sends Piper Chapman to a women's prison, where she trades her comfortable New York life for one of unexpected camaraderie and conflict in an eccentric group of fellow inmates.",76.2643,/ekaa7YjGPTkFLcPhwWXTnARuCEU.jpg,2013-07-11,False,Orange Is the New Black,7.649,2907
False,/g1IkuyEgTYqeUASaCkWqG8KxVur.jpg,[10763],274717,['DE'],de,MDR aktuell,,67.6916,/u2on02K66lrXULRlJryBwm3BX1c.jpg,2021-02-04,False,MDR aktuell,0.0,0
False,/zcQRmnySOmVqT6WRmdztbiA9vVk.jpg,[18],67192,['JP'],ja,New Japan Pro Wrestling,"New Japan Pro-Wrestling is a Japanese promotion founded by Antonio Inoki in 1972. Owing to its TV program aired on TV Asahi, it is the largest wrestling promotion in Japan and one of the largest in the world.",72.1038,/c6IZc3avqSgTzSXrrj9vV0EwRp.jpg,1972-03-06,False,New Japan Pro Wrestling,8.0,5
False,/5Uuuf2jpyNzzRClEsNFkcaKV0SM.jpg,[10767],115006,"['BE', 'FR']",fr,L'Invité,"The show features an interview with a famous personality from the world of politics, economics or culture.",74.2207,/gnKwgP94iH30UHamWrJ2ofk6mP9.jpg,2002-01-01,False,L'Invité,4.5,2
False,/r0XY7uSj6RrGzkg354rPE2Y5Noc.jpg,"[10751, 18, 35]",82991,['IN'],as,Bharaghar,"The Tele-serial BHARAGHAR revolves around a family and their various tenants. Based on the relationships between the house owner’s family and the families of the various tenants, the plot of BHARAGHAR is mainly comic and also encompasses the lives of a few neighbours. The different plots are actually a broader reflection of the urban Assamese society. Crisp dialogues and stand-out performances by the cast of the tele-serial has made it one of the most-watched TV serial in the history of Assamese television. Every episode is conceived with a view to providing viewers wholesome entertainment.",66.1166,/heR3ac5EBZL3QPwrFFNEUEt8F8U.jpg,2012-11-26,False,Bharaghar,8.0,1
False,/rNlYsPO8oqZrxedntqqzfyPJNzq.jpg,"[80, 18, 9648]",61056,['US'],en,How to Get Away with Murder,"A sexy, suspense-driven legal thriller about a group of ambitious law students and their brilliant, mysterious criminal defense professor. They become entangled in a murder plot and will shake the entire university and change the course of their lives.",74.722,/bJs8Y6T88NcgksxA8UaVl4YX8p8.jpg,2014-09-25,False,How to Get Away with Murder,7.809,1823
False,/wQoyCT75vPgWybLp4o11gatSFoJ.jpg,"[18, 35, 10766]",5522,['US'],en,Doña Bárbara,"Doña Bárbara is a Spanish-language telenovela produced by the United States-based television network Telemundo, Sony Pictures Television International and RTI Colombia. Edith González and Christian Meier star in this adaptation of the 1929 novel by Venezuelan author Rómulo Gallegos.",71.7606,/H8Gz2bG7p2lmbrtM6duGpkY7z8.jpg,2008-08-04,False,Doña Bárbara,7.814,752
False,/dYyWa9MDT4VMf5V1aHWdboYT6D9.jpg,[10767],111115,['FR'],fr,Sacrée soirée,,80.6662,/h2GaYY9A66LNbVlUb33rBnByEFU.jpg,1987-09-02,False,Sacrée soirée,5.7,5
False,/j55LbVtDKcnQDOhOymeB1w0B78a.jpg,"[18, 80]",4583,['DE'],de,Derrick,"Derrick was a German TV series produced by Telenova Film und Fernsehproduktion in association with ZDF, ORF and SRG between 1974 and 1998 about Detective Chief Inspector Stephan Derrick and his loyal assistant Inspector Harry Klein, who solve murder cases in Munich and surroundings.",77.7075,/5HPuyO4V3rcoMgPZmgcdKJrdXUI.jpg,1974-10-20,False,Derrick,6.028,53
False,/fZJs6xgU9dqIg9phIXjZAZOInzy.jpg,"[10765, 18]",103516,['US'],en,Star Trek: Strange New Worlds,"Follow Captain Christopher Pike, Science Officer Spock and Number One in the years before Captain Kirk boarded the U.S.S. Enterprise, as they explore new worlds around the galaxy.",71.6206,/97TTJuqiSMfU0DuXx1B4NG5QNP7.jpg,2022-05-05,False,Star Trek: Strange New Worlds,7.9,851
False,/iYJybW2JHqCOEPuMS1rnwMhbmc0.jpg,[35],77290,['KR'],ko,코미디빅리그,,63.6448,/cDVfraJA0rh7fHEQmkvg3ZvrBlJ.jpg,2011-09-17,False,Comedy Big League,0.0,0
False,/yx0sfeYOoXol2fjT22SXo9YyviI.jpg,"[18, 35, 9648]",270476,['US'],en,Widow's Bay,"The mayor of a New England town resolves to turn it into the next tourist hot spot, despite local warnings that it's cursed.",70.386,/5lcxWLVAEICkFpuAiV1aMy7ZZj3.jpg,2026-04-28,False,Widow's Bay,8.06,485
False,Tidak tersedia,[10763],27511,['GB'],en,GMTV,"GMTV is the name of the national Channel 3 breakfast television contractor/licensee, broadcasting in the United Kingdom from 1 January 1993 to 3 September 2010. It became a wholly owned subsidiary of ITV plc in November 2009. Shortly after, ITV plc announced the programme would end. The final edition of GMTV was broadcast on 3 September 2010.",70.0012,/peQ3blnogd6YXfjqPJOwMx1yOVK.jpg,1993-01-01,False,GMTV,5.8,14
False,/eoOvPxcMxJDeZsJdM5Ppbprd6OX.jpg,"[16, 10759]",124003,['CN'],zh,完美世界,"Born into a unique world where villages fight to gain power and control, the main character, Shi Hao, is a genius blessed by the heavens born under the poorest of conditions. His clan, however, has a mysterious past. To rise up and become the genius he is meant to be, the clan goes through every effort to aid his cultivation as they battle through fanatical monsters and engage in power struggles with other clans. His journey will bring him through unknown lands until he is able to become a person that can truly shake the world.",66.3966,/qy60bm9admmgpkmcPeW4BvRjjVm.jpg,2021-04-23,False,Perfect World,8.1,27
False,/gQYwrYJUf8Vq8biFFqkHCj4QsOk.jpg,"[18, 80]",512,['US'],en,Third Watch,"The exploits of a group of men and women who serve the City of New York as police officers, firemen, and paramedics, all working the same fictional 55th precinct during the 3pm to 11pm shift - the 'Third Watch'.",78.8142,/rWQmgNLdyZGIL6Xuo9ImL0Kh6wt.jpg,1999-09-23,False,Third Watch,7.933,239
False,Tidak tersedia,[10763],22073,['US'],en,Good Day Live,"Good Day Live was a nationwide talk show seen weekdays on FOX affiliates throughout the US.  Each FOX owned and operated station airs a separate Good Day program as part of its newscast. Some FOX stations air up to five hours on weekday mornings, up to three on weekend mornings, (and almost 50% of the programming on these stations contains a locally produced newscast of local news, traffic, national news, weather, sports, business, and public affairs.)",72.497,Tidak tersedia,2001-09-17,False,Good Day Live,3.8,5
False,/1xRfgONYmK3T6FSmbtcuo8eyxVt.jpg,[35],18347,['US'],en,Community,"Follow the lives of a group of students at what is possibly the world’s worst community college in the fictional locale of Greendale, Colorado.",72.8895,/3KUjDt8XY7w2Ku70UE0SECmv1zP.jpg,2009-09-17,False,Community,7.996,2177
False,/cyGlsIBtDAsaiGBTyrJgGPD2kMz.jpg,[80],40862,['DE'],de,SOKO Köln,"The SOKO Köln investigates the cathedral city with humor and often with hard work. Their cases take them into a variety of environments, from the Cologne clique to the terraced housing estates on the outskirts of the city.",74.3654,/jLwoCyFg0vFze0JIQIhItsAE4yR.jpg,2003-10-22,False,SOKO Köln,6.375,8
False,/8VXhcrl5z2I1zEU9X3pkkNrZlD.jpg,[18],65494,"['GB', 'US']",en,The Crown,"The gripping, decades-spanning inside story of Her Majesty Queen Elizabeth II and the Prime Ministers who shaped Britain's post-war destiny. 

The Crown tells the inside story of two of the most famous addresses in the world – Buckingham Palace and 10 Downing Street – and the intrigues, love lives and machinations behind the great events that shaped the second half of the 20th century. Two houses, two courts, one Crown.",73.203,/1M876KPjulVwppEpldhdc8V4o68.jpg,2016-11-04,False,The Crown,8.184,2423
False,/jfeLu7Mk2dy4nAsjS31qtH1N8Ki.jpg,[10764],104716,['CN'],zh,乘风破浪的姐姐,"A chinese variety show which features 30 female artists over 30 years old. Through three months of training and competition, with the help of a professional production team and audience votes, a select group ultimately debuts as a pop idol group. The show is the first ever to provide a stage for female artists over 30 and to create an anti-aging music girl group for the public.",64.3456,/y3ZzkYM26UZ536SzQIhIcswtdGO.jpg,2020-06-12,False,Ride the Wind,6.9,11
False,/cK5AbLFBY2JDoqEdVXk0697e2SV.jpg,[35],4608,['US'],en,30 Rock,"Liz Lemon, the head writer for a late-night TV variety show in New York, tries to juggle all the egos around her while chasing her own dream.",74.849,/eYYQWACx7ttUzRwTNYuo6zveqpE.jpg,2006-10-11,False,30 Rock,7.492,850
False,/aQTtua5pG490fMfeKgtYg5B853e.jpg,"[80, 18]",1438,['US'],en,The Wire,"Told from the points of view of both the Baltimore homicide and narcotics detectives and their targets, the series captures a universe in which the national war on drugs has become a permanent, self-sustaining bureaucracy, and distinctions between good and evil are routinely obliterated.",70.0341,/4lbclFySvugI51fwsyxBTOm4DqK.jpg,2002-06-02,False,The Wire,8.638,2824
False,/7LFFtIKFwowTTbasjqNpYCQHxB6.jpg,[10767],29082,['NL'],nl,De Wereld Draait Door,"Talk show hosted by Matthijs van Nieuwkerk containing a mixture of news, information, television bloopers and general entertainment.",67.4764,/usDvOyAmTaLXV25hL5zoCUS0Rz4.jpg,2005-10-10,False,De Wereld Draait Door,5.1,8
False,/gPJZKiqBU5OVPhalvNDkU6NF8jQ.jpg,"[16, 10759, 10765]",15804,['US'],en,Batman: The Brave and the Bold,"The Caped Crusader is teamed up with Blue Beetle, Green Arrow, Aquaman and countless others in his quest to uphold justice.",75.8745,/tv2mOIRcPP4H0DhOH84xPgqui7d.jpg,2008-11-14,False,Batman: The Brave and the Bold,7.639,292
False,/hYmHyUlJMQgeazELoHnORrEQ0vE.jpg,"[9648, 18]",12786,['CA'],en,Murdoch Mysteries,"A Victorian-era Toronto detective uses then-cutting edge forensic techniques to solve crimes, with the assistance of a female coroner who is also struggling for recognition in the face of tradition, based on the books by Maureen Jennings.",73.161,/gMXlZrd9iuPUdVQg9CTVXtLwnVV.jpg,2008-01-24,False,Murdoch Mysteries,7.694,304
False,/dgRGG6x56500Bd1n9KdkVpVgnkg.jpg,"[35, 18]",50895,['CZ'],cs,Ordinace v růžové zahradě,"Ordinace v růžové zahradě je původní český televizní seriál z lékařského prostředí, který vysílá televize Nova. Seriál se začal vysílat 6. září 2005. Nejprve vyprávěl životní osudy lékařů soukromé gynekologické kliniky, jejich příbuzných a přátel, od 15. ledna 2008 se seriál pod názvem Ordinace v růžové zahradě 2 zaměřuje na prostředí chirurgie, plastické chirurgie a pediatrie. Děj se odehrává ve fiktivní obci Kamenice.",70.2328,/lI0YdSKZXWG5DHcjpgILH9IqyZE.jpg,2005-09-06,False,Ordinace v růžové zahradě,3.4,7
False,/tgy96U61D9NwuHxIZartaBc0UMN.jpg,"[16, 18]",78471,['JP'],ja,ピアノの森,"A tranquil tale about two boys from very different upbringings. On one hand you have Kai, born as the son of a prostitute, who's been playing the abandoned piano in the forest near his home ever since he was young. And on the other you have Syuhei, practically breast-fed by the piano as the son of a family of prestigious pianists. Yet it is their common bond with the piano that eventually intertwines their paths in life.",60.7752,/3sN8KTZFC8ypxnIhjoiE8M6L2Pj.jpg,2018-04-09,False,The Piano Forest,6.5,42
False,/4BrWdbv2Cqe0zLqvNzkoednZQAb.jpg,"[80, 18]",94372,['US'],en,FBI: Most Wanted,"The Fugitive Task Force relentlessly tracks and captures the notorious criminals on the Bureau's Most Wanted list. Seasoned agents oversee the highly skilled team that functions as a mobile undercover unit that is always out in the field, pursuing those who are most desperate to elude justice.",73.4501,/uwTNBqFrEur3EtK8ofWbtGXMQOP.jpg,2020-01-07,False,FBI: Most Wanted,7.607,449
False,/gr45CCUujlK8r8HLe5xvw6FheDL.jpg,"[35, 10759, 16, 37]",85217,['IT'],it,Cocco Bill,"A hot-tempered, sharpshooting cowboy and his loyal steed traverse the vast Far West, stumbling onto wildly absurd adventures.",57.8374,/tBQW3F0X22vKnMtCFCnmmxLfZH2.jpg,2000-12-10,False,Cocco Bill,7.0,4
False,/fvNn1mQS4ecSph1QVSpKCQNyh47.jpg,[10767],9890,['US'],en,The Dick Cavett Show,The Dick Cavett Show has been the title of several talk shows hosted by Dick Cavett on various television networks.,74.8577,/uDkndfnwbEGeSY4YmZbTRg4U5RQ.jpg,1968-06-06,False,The Dick Cavett Show,6.8,22
False,/jdwwdMhPJKarEiNojEau5YV1drN.jpg,"[35, 10763]",797,['GB'],en,Have I Got News for You,"Hilarious, totally-irreverent, near-slanderous political quiz show, based mainly on news stories from the last week or so, that leaves no party, personality or action unscathed in pursuit of laughs.",68.4209,/gYrG6F8OXBa8C0Lfx10XaZsHKaw.jpg,1990-09-28,False,Have I Got News for You,7.1,82
False,Tidak tersedia,[80],14210,"['DE', 'XG']",de,Polizeiruf 110,"Polizeiruf 110 is a long-running German language detective television series. The first episode was broadcast 27 June 1971 in the German Democratic Republic, and after the dissolution of Fernsehen der DDR the series was picked up by ARD. It was originally created as a counterpart to the West German series Tatort, and quickly became a public favorite.",74.3287,/6ZZadTzWhvC6msfEm5G4F4IFgBY.jpg,1971-06-27,False,Polizeiruf 110,6.25,26
False,/yD7VWuvKUatSVPZwTAwazMAZ4C1.jpg,"[18, 10751, 35]",280926,['IN'],bn,Boron,"Righteous Tithi has to endure the harsh consequences of spoilt brat Rudrik's actions. but when two souls at war get untied in martrimony, will they find love?",67.6485,/qsh0JuM4CmjrmQQMIFDUtqqholJ.jpg,2021-04-05,False,Boron,0.0,0
False,/ymdCZck7hy7EDxUTR4Uq1MisfyX.jpg,"[18, 10765, 10759]",3137,['US'],en,Babylon 5,"Babylon 5 is a five-mile long space station located in neutral space. Built by the Earth Alliance in the 2250s, its goal is to maintain peace among the various alien races by providing a sanctuary where grievances and negotiations can be worked out among duly appointed ambassadors. A council made up of representatives from the five major space-faring civilizations - the Earth Alliance, Minbari Federation, Centauri Republic, Narn Regime, and Vorlon Empire - work with the League of Non-Aligned Worlds to keep interstellar relations under control. Aside from its diplomatic function, Babylon 5 also serves as a military post for Earth and a port of call for travelers, traders, businessmen, criminals, and Rangers.",69.4527,/td8O6KJQpN9ZRiuyFUILziXFMrk.jpg,1994-01-26,False,Babylon 5,8.027,622
False,/mofoDq8K1tvhSKE00NrlLkS7Mrg.jpg,"[35, 16]",709,['US'],en,Robot Chicken,"A series of pop-culture parodies using stop-motion animation of toys, action figures and dolls. The title character was an ordinary chicken until he was run down by a car and subsequently brought back to life in cyborg form by mad scientist Fritz Huhnmorder, who tortures Robot Chicken by forcing him to watch a random selection of TV shows, the sketches that make up the body of each episode.",70.7876,/x5O2W1JulF0TM16HEITgVNML3KS.jpg,2005-02-20,False,Robot Chicken,7.609,594
False,/lCcHy9g6lVpYaH3SoUXVWVQxPA5.jpg,[10764],33257,['CO'],es,Desafío,"Desafío is a reality show in which a number of participants should survive, live together, and compete in 4 different stages, for a big price in money. These contestants are grouped into three teams according to the theme chosen in each season. Social classes, generations, regions of the country and the degree of popularity are the elements used to give identity to these groups. Another one of the characteristics of the Challenge and which encloses the success of this format is that the conditions of life in this competition are not fair. While a group spends its day in a beach house with servants, exquisite delicacies (High Beach), the other group suffers the complete lack of accommodation and food (Low Beach). In this reality, as in real life, the teams would be able to exceed or fall on their comfort levels, depending on the performance in the territorial Challenges.",59.9277,/nGG0HGGTKXeSpeC4BJVzvXMJJSW.jpg,2004-04-28,False,Desafío,6.4,6
False,/gOyIKp7adMCzFrYjc5rxmt2PNhi.jpg,"[16, 35, 10765, 10762]",33765,"['US', 'CA']",en,My Little Pony: Friendship Is Magic,"Journey to the enchanted land of Equestria, where unicorn Twilight Sparkle and her pals have adventures and learn valuable lessons about friendship.",71.3102,/uvCchgn7uUUE2MJfhzg39M4RaZW.jpg,2010-10-10,False,My Little Pony: Friendship Is Magic,8.18,773
False,/5CGM0vQpq0QBcslUXqoo0unlGPZ.jpg,"[10759, 16, 18]",46437,['JP'],ja,キングダム,"In the Warring States period, young orphan Xin vows to aid King Zheng of Qin in his quest to unify China by becoming a general himself.",67.6707,/dehuJJkKo50nYvCYppigrWejqLe.jpg,2012-06-04,False,Kingdom,7.667,60
False,/jcp0FyfdfNX9B0VwuGxNYHgJsUh.jpg,"[10751, 35, 18]",36771,['CA'],fr,Ramdam,"The ups and downs of the L'Espérance-Laporte-Carpentier, a large blended family made up primarily of young teenagers.",58.2792,/8YT45DIjyGawOR7ZoeQ3m8QZBCc.jpg,2001-09-10,False,Ramdam,7.333,3
False,/tT78TvxoSFEMQEqoqHJIw472yrF.jpg,"[80, 18]",2750,['GB'],en,Silent Witness,A team of exceptional forensic pathologists and scientists investigate heinous crimes and use their skills to catch the people responsible.,72.4196,/yRwf0yAZvYMfFLMonPusv6F256s.jpg,1996-02-21,False,Silent Witness,7.558,113
False,/zBIIyH8yfdlfvvpEiG9PLwoVXc6.jpg,"[16, 10759, 18]",40424,['JP'],ja,頭文字D,"Takumi’s job as a tofu delivery boy has turned him into one of the most formidable drivers around. Behind the wheel of his Eight-Six, he’s one with the road—and his life shifts into high gear when the underground street racing world takes notice. Drivers from across the region are lining up for a shot at the new guy. Takumi’s not just focused on winning—he’s out to prove he’s the best.",69.2018,/2TRN7AXN4rRJNIf1TLgIGRVlQZB.jpg,1998-04-18,False,Initial D,8.0,141
False,/q9yVRPakPnsIngnXwjW7F9GVcnD.jpg,[35],4589,['US'],en,Arrested Development,"The story of a wealthy family that lost everything, and the one son who had no choice but to keep them all together.",68.928,/p4r4RD7RsNcJVoz0H6z3dBoTBtW.jpg,2003-11-02,False,Arrested Development,7.9,1755
False,/12OAXJqYazLGq70FJBv0IGjCHvY.jpg,[35],5822,['JP'],ja,SMAP×SMAP,"SMAP×SMAP was an ongoing weekly Japanese variety show on Kansai TV and Fuji TV starring the members of SMAP. The show began on April 15, 1996 and it aired from 22:00 to 22:54 every Monday. The show's usual ratings were higher than 20%, which is considered high since most variety shows range from 10-20%.

Each episode begins a variety of skits, comedic performances, and/or games.  These are followed by Bistro SMAP, in which the SMAP members compete against each other to impress celebrity judges with their gourmet cooking.  Last is a musical performance by SMAP which may include celebrity guests, as well.",66.5332,/oXogyT6WvyLYVrxjJfiXKuBN1Ov.jpg,1996-04-15,False,SMAP×SMAP,8.5,2
False,/u04AvxFIDgL9JSd9xoVNK3BoBEd.jpg,[35],39340,['US'],en,2 Broke Girls,"Comedy about the unlikely friendship that develops between two very different young women who meet waitressing at a diner in trendy Williamsburg, Brooklyn, and form a bond over one day owning their own successful cupcake business. Only one thing stands in their way – they’re broke.",71.5496,/wW1SDEoZ6pDfnSkVQuXwOo8ICep.jpg,2011-09-19,False,2 Broke Girls,7.2,1792
False,/cHII6sQ91q8H5EMONKCwCQMauCP.jpg,"[16, 35, 18, 9648]",46195,['JP'],ja,化物語,"Koyomi Araragi, a high school student, finds himself constantly encountering girls afflicted by supernatural ""oddities."" He dedicates himself to helping them, often with the aid of the eccentric specialist Meme Oshino. Each arc talks about a different girl's unique struggle and the mysterious cause of their affliction. The series explores themes of adolescence, personal growth, and the complexities of human relationships. It's known for its witty dialogue, stylistic animation, and unique narrative structure.",69.5876,/zCEjjb1NH3LLsWeZx47wOeqkezf.jpg,2009-07-03,False,Monogatari,8.071,533
False,/tPXHTm4Z48AMwLN43E7DYNxeQpT.jpg,"[16, 10765, 18, 10759]",107116,['CN'],zh,无上神帝,"Ten thousand years after his betrayal, Immortal King Mu Yun awakens in the body of a ""useless"" young man. With hidden alchemy skills and the Slaughter Immortal Diagram, he cures Qin Mengyao, uncovering her Ice Phoenix spirit. As their bond grows, jealous rival Dongfang Yu seeks revenge. Mu Yun embarks on a training journey—unaware assassins await their chance to strike.",57.6446,/8vmZErkbw5d5iwXHO23zVmvixOB.jpg,2020-05-18,False,Supreme God Emperor,7.25,8
False,/wY1US9I51xxkwDJXQp6ktmhfh2Z.jpg,"[9648, 80, 18]",78191,['US'],en,You,"A dangerously charming, obsessive man goes to extreme measures to insert himself into the lives of women who fascinate him.",68.4538,/oANi0vEE92nuijiZQgPZ88FSxqQ.jpg,2018-09-09,False,You,8.004,4083
False,/6FrVFsxsXujg7GJiBy1sw0Fdnji.jpg,[18],3750,['US'],en,Nip/Tuck,"Hotshot plastic surgeons Dr. Sean McNamara and Dr. Christian Troy experience full-blown midlife crises as they confront career, family and romance problems.",72.3307,/v5uEYpNbjGmJC59xqvmPW58aSTl.jpg,2003-07-22,False,Nip/Tuck,7.187,540
False,/iNt4CmfX70UlqFG6Ixxnhto3IOA.jpg,"[10767, 35]",72649,['US'],en,Hot Ones,The show with hot questions and even hotter wings invites a famous guest over to eat and then interviews them while they're struggling through the heat.,71.8688,/4uudasFgKCVQFNGqfanD6wEGVS1.jpg,2015-03-12,False,Hot Ones,7.109,78
False,/gJYZBM200Flldo6im3EEdXslR1j.jpg,"[16, 10759]",902,['JP'],ja,遊☆戯☆王デュエルモンスターズ,"Bullies often target someone frail and weak—someone exactly like Yûgi Muto. He treasures his Millennium Puzzle, an ancient Egyptian artifact that was brought into his grandfather's game shop. Believing that solving the puzzle will grant him his wish, he completes the puzzle, unleashing a new personality within him, the soul of the ""King of Games."" The new personality named Yami Yûgi is the exact opposite of Yûgi. Upon any injustice toward him, Yami Yûgi takes over Yûgi's body and forces the opponent into a ""Shadow Game"".",69.7352,/mM6c5ISlyKWtie2hGiZWo6hmlhU.jpg,2000-04-18,False,Yu-Gi-Oh! Duel Monsters,8.251,1053
False,/hiReFpcc4NZOZdbtyOYrcZ5vCv3.jpg,[35],2962,['US'],en,The Mary Tyler Moore Show,"30-year-old single Mary Richards moves to Minneapolis to start a new life after a romantic break-up. There she reacquaints with Phyllis who rents her a room, and meets her upstairs neighbor and new best friend Rhoda. Mary unexpectedly lands a job as associate producer at the TV station WJM, where she works alongside her bristly boss, Lou; the comical newswriter, Murray; and the newscast's often-incompetent anchor, Ted.",60.3054,/nFsgsmK7isjtdEVTL35mJEQZHuO.jpg,1970-09-19,False,The Mary Tyler Moore Show,7.657,89
False,/cckSh7WjbbecR3R0sjEyefmCzWo.jpg,"[99, 18, 10759]",70824,['CO'],es,La Niña,"A young woman who was part of the guerrilla group is now seeking a better life in the city. She wants to study medicine, to heal rather than harm, but she will face a challenge, because being part of outlaw groups always has consequences.",48.5863,/uzNOxyNt1WIXt9KBRKytiqQZ02y.jpg,2016-04-26,False,The Girl,7.739,245
False,/eQJwfyMqSra10ck8HOoiCrbQR32.jpg,"[80, 18]",66025,['US'],en,Animal Kingdom,"17-year-old Joshua ""J"" Cody moves in with his freewheeling relatives in their Southern California beach town after his mother dies of a heroin overdose. Headed by boot-tough matriarch Janine ""Smurf"" Cody and her right-hand Baz, who runs the business and calls the shots, the clan also consists of Pope, the oldest and most dangerous of the Cody boys; Craig, the tough and fearless middle son; and Deran, the troubled, suspicious ""baby"" of the family.",68.5436,/rzvdKrnSRKPFI0pgqMQknDPpRC9.jpg,2016-06-14,False,Animal Kingdom,7.786,571
False,/2E755aAQIavM2loSDuClbZmM1Pt.jpg,[10764],4551,['US'],en,America's Got Talent,"A weekly talent competition where an array of performers – from singers and dancers, to comedians and novelty acts – vie for a $1 million cash prize.",69.9255,/y9Lee4CQ7mAD8B5PAExU6D4oEp5.jpg,2006-06-21,False,America's Got Talent,5.725,275
False,/gAwem2a2dFEpH8tKopWkqc9FwG9.jpg,"[16, 35, 10765]",305163,['JP'],ja,拷問バイトくんの日常,"In a society where torture is legal—and big business—Spirytus dominates the industry with skill, style, and surprisingly cheerful teamwork. Part-timers Cero, Shiu, Mikke, and Hugh tackle “client sessions,” office shenanigans, and even the occasional in-house assassin…all with a smile! Life at Spirytus proves that even in a world of pain, work can still be surprisingly fun!",47.8242,/2oDNkS1JCIgQmX0aC6S67DgrG4w.jpg,2026-01-05,False,The Daily Life of a Part-time Torturer,7.5,12
False,/2UElp7Dkm3SiB9ZEdKEWNmAOijB.jpg,"[10759, 16, 35, 10765, 10751]",61923,['US'],en,Star vs. the Forces of Evil,"Intergalactic warrior Star Butterfly arrives on Earth to live with the Diaz family. She continues to battle villains throughout the universe and high school, mainly to protect her extremely powerful wand, an object that still confuses her.",68.5152,/dKFL1AOdKNoazqZDg1zq2z69Lx1.jpg,2015-01-18,False,Star vs. the Forces of Evil,8.4,1526
False,/q3jHCb4dMfYF6ojikKuHd6LscxC.jpg,"[18, 10765]",84958,['US'],en,Loki,"After stealing the Tesseract during the events of “Avengers: Endgame,” an alternate version of Loki is brought to the mysterious Time Variance Authority, a bureaucratic organization that exists outside of time and space and monitors the timeline. They give Loki a choice: face being erased from existence due to being a “time variant” or help fix the timeline and stop a greater threat.",67.3098,/kEl2t3OhXc3Zb9FBh1AuYzRTgZp.jpg,2021-06-09,False,Loki,8.176,12728
False,/3ANXZWhhcqPAh0q6nRZ979TIwxC.jpg,[18],273240,['US'],en,Off Campus,"Hannah Wells tutors hockey captain Garrett Graham to win over her crush. Their deal becomes real connection as they face their pasts. Friends Logan, Dean, Tucker, and Allie navigate college life and love.",69.1691,/tcPc5ZMBO4y2BtCJMe3o2nwZb2B.jpg,2026-05-13,False,Off Campus,8.907,856
False,/23S5oKZjlXehjNLEhMQuxjwbyuA.jpg,"[9648, 18, 80]",60585,['US'],en,Bosch,"Harry Bosch, an LAPD homicide detective, stands trial for the fatal shooting of a serial murder suspect. A cold case involving the remains of a missing boy forces Bosch to confront his past. As daring recruit Julia Brasher catches his eye and departmental politics heat up, Bosch will pursue justice at all costs.",70.8818,/vtacLvdLgW3BNUj8DrC76X39Lfi.jpg,2015-01-14,False,Bosch,7.927,760
False,/mlEkLMkyL9ldRz4fnLANV4XsHsl.jpg,"[18, 10759, 80]",2389,['US'],en,Las Vegas,"Ed Deline is a strict ex-CIA officer who went from being Head of Security to becoming President of Operations of the Montecito, whose job is to run the day-to-day operations of the casino. Following his departure, former Marine Danny McCoy, Ed's former protégé, becomes the Montecito's new President of Operations.",72.6786,/AknZ6uDYvswlIrUKDm2Nte32xge.jpg,2003-09-22,False,Las Vegas,7.022,269
False,/wNzhjVcigBJx3dATrlEmaoKbRpx.jpg,"[10767, 10764, 99]",79917,['DE'],de,Bares für Rares,"In the show, selected applicants each present a curiosity, rarity or antique they have brought with them. Once they have received their expertise, they will have the opportunity on site to offer their exhibit to a changing five-person podium for sale and, ideally, to sell it to the highest bidder for „Bares“ (""cash"").",64.3233,/j9SzcU00nl64FdgLs4otaHBfRkj.jpg,2013-08-04,False,Bares für Rares,7.5,10
False,/vX7OgToW1ecwoizYaOX5VznIavx.jpg,[35],1825,['US'],en,"Love, American Style","An anthology comedy series featuring a line up of different celebrity guest stars appearing in anywhere from one, two, three, and four short stories or vignettes within an hour about versions of love and romance.",75.0869,/vlih2QuZmKgKyIrnobz0RJwLLnL.jpg,1969-09-29,False,"Love, American Style",6.2,21
False,/1GWiao0QYuKsoTvUmd7ivnE3qDY.jpg,"[80, 18, 10759]",62710,['US'],en,Blindspot,"A vast international plot explodes when a beautiful Jane Doe is discovered naked in Times Square, completely covered in mysterious, intricate tattoos with no memory of who she is or how she got there. But there's one tattoo that is impossible to miss: the name of FBI agent Kurt Weller, emblazoned across her back. ""Jane,"" Agent Weller and the rest of the FBI quickly realize that each mark on her body is a crime to solve, leading them closer to the truth about her identity and the mysteries to be revealed.",71.7681,/4AeYzamQmd9Fa6hawDmYKbdvBSe.jpg,2015-09-21,False,Blindspot,7.377,2584
False,/cwosIp9M9B6TcLnv0bBg86s0WUx.jpg,"[80, 18]",41727,['US'],en,Banshee,Banshee is an American drama television series set in a small town in Pennsylvania Amish country and features an enigmatic ex-con posing as a murdered sheriff who imposes his own brand of justice while also cooking up plans that serve his own interests.,72.503,/5nXFiz8Rn8eezVjSTZBd7HmnF1G.jpg,2013-01-11,False,Banshee,7.973,1458
False,/3SWOj8ydFrxiuZdLg63fDAt4jYR.jpg,[10764],11366,['GB'],en,Big Brother,"A British reality television game show in which a number of contestants live in an isolated house for several weeks, trying to avoid being evicted by the public with the aim of winning a large cash prize at the end of the run.",76.6226,/cx0YldpEMh1EBpwwdgY1Awcg6ty.jpg,2000-07-18,False,Big Brother,4.369,65
False,/uGbBFoxXNscnH9UZuF8v0ODrrve.jpg,[10766],14509,['DE'],de,In aller Freundschaft,"German soap opera about the staff of the fictional hospital ""Sachsenklinik"" in the city of Leipzig.",66.3249,/f8ZHSXNs5jyjMz3qg7mB2fqnTjP.jpg,1998-10-26,False,In aller Freundschaft,6.286,7
False,/sEkUddzvrgRd70o28aRiZdwdq2p.jpg,"[9648, 18, 80]",4464,['US'],en,Homicide: Life on the Street,An American police procedural chronicling the work of a fictional version of the Baltimore Police Department's Homicide Unit.,67.644,/nb5310xlFjx5r9TnpKoaOTQsAlP.jpg,1993-01-31,False,Homicide: Life on the Street,8.1,151
False,/jZhbWvp8tNrCA1zTyQQGPh0kabG.jpg,[10766],14447,['PL'],pl,M jak miłość,"M jak miłość is a Polish soap opera, revolving around the multiple generations of the Mostowiak family. The series premiered on November 4, 2000 on TVP2, primarily as a weekly drama, and after one season shifting into a new timeslot and extending to two episodes per week. For the last few years the show has been the most watched drama on Polish television. Its popularity led to a Russian adaptation, entitled Lyubov kak Lyubov.

The series is also broadcast on the international channel TVP Polonia with English subtitles.",61.034,/8agoxhXGlv6ICYa733bDrfKnJ3.jpg,2000-11-04,False,L for Love,4.0,13
False,/ojEmDThITGk9IsE32uxCWCA0kH5.jpg,"[35, 18]",4598,['US'],en,Boston Legal,Alan Shore and Denny Crane lead a brigade of high-priced civil litigators in an upscale Boston law firm in a series focusing on the professional and personal lives of brilliant but often emotionally challenged attorneys. A spin-off of long-running series The Practice.,86.4033,/b0bXUCfpcsgQ6EVVmucU2G76ixT.jpg,2004-10-03,False,Boston Legal,7.916,399
False,/z8IPicmEKXUO4I2UDdMEqw7RqOE.jpg,"[16, 9648, 10765]",13916,['JP'],ja,DEATH NOTE,"Light Yagami is an ace student with great prospects—and he’s bored out of his mind. But all that changes when he finds the Death Note, a notebook dropped by a rogue Shinigami death god. Any human whose name is written in the notebook dies, and Light has vowed to use the power of the Death Note to rid the world of evil. But will Light succeed in his noble goal, or will the Death Note turn him into the very thing he fights against?",63.1996,/tCZFfYTIwrR7n94J6G14Y4hAFU6.jpg,2006-10-04,False,Death Note,8.618,5160
False,/szx8lk5wIv1jU3NpMBZVjjs96Fi.jpg,"[35, 10751]",106,['US'],en,The Andy Griffith Show,"Andy Taylor is the widowed sheriff of the fictional small community of Mayberry, North Carolina. His life is complicated by an inept, but well-meaning deputy, Barney Fife, a spinster aunt and housekeeper, Aunt Bee, and a precocious young son, Opie. Local ne'er-do-wells, bumbling pals, and temperamental girlfriends further complicate his life.",70.5032,/x2DNKGyeJ273Tt5hwty4GQnbwkV.jpg,1960-10-03,False,The Andy Griffith Show,7.631,175
False,/k6wPlUYtoxpQB9M63I6z2oSHLuz.jpg,[10766],879,['US'],en,All My Children,"All My Children is an American television soap opera that aired on ABC for 41 years, from January 5, 1970 to September 23, 2011, and on The Online Network since April 29, 2013 via Hulu, Hulu Plus, and iTunes. Created by Agnes Nixon, All My Children is set in Pine Valley, Pennsylvania, a fictitious suburb of Philadelphia which is modeled on the actual Philadelphia suburb of Rosemont.",71.3413,/4zYDW6wunTm5gm8vo4dfhpvkT0w.jpg,1970-01-05,False,All My Children,6.431,29
False,/AooMxrbknmeFNabPL8Laas4txSn.jpg,[18],2026,['US'],en,Judging Amy,"Judging Amy is an American television drama that was telecast from September 19, 1999, through May 3, 2005, on CBS-TV. This TV series starred Amy Brenneman and Tyne Daly. Its main character is a judge who serves in a family court, and in addition to the family-related cases that she adjudicates, many episodes of the show focus on her own experiences as a divorced mother, and on the experiences of her mother, a social worker who works in the field of child welfare. This series was based on the life experiences of Brenneman's mother.",71.3336,/5Znl8HNStdoHHy0hqdljpDZnVRn.jpg,1999-09-19,False,Judging Amy,7.5,84
False,/jwFJrUXj0SEAVpZsgvRUBi5trLL.jpg,"[10759, 18, 80]",2919,['US'],en,Burn Notice,A formerly blacklisted spy uses his unique skills and training to help people in desperate situations.,68.9516,/o2fnD3SNiQjGVgA2C3ezaeh2HK.jpg,2007-06-28,False,Burn Notice,7.5,612
False,Tidak tersedia,[10762],37057,['GB'],en,CITV Breakfast,"CITV Breakfast is a British digital television station owned by ITV Breakfast Limited, part of ITV plc. It broadcasts every morning between 06:00 and 09:25. It was originally designed to complement its sister channel GMTV, and offered children's programming every day. On weekdays teleshopping was shown for the first half hour until 6.30am followed by Action Stations! until 9.25am.

Weekends changed to pre-school programming, with Wakey! Wakey! airing 06:00 to 09:00 on Saturdays and Sundays. A teleshopping strand was featured on Saturdays and Sundays airing from 09:00-09:25. A repeat of The Sunday Programme was aired at 07:55-08:55 each Sunday from 1999-2008. The station closed down at 09:25, although viewers didn't notice any changeover between GMTV2 and CITV.

On 17 March 2008, ITV2 and its one-hour timeshift channel have been broadcasting 24 hours a day, meaning GMTV2 programming moved from ITV2 to ITV4, broadcasting its usual hours. The stand continues to be simulcast on CITV.

As of November 2006, a one hour delayed version of GMTV2 had been available on ITV2+1 on Sky and also on Freeview, running from 07:00 to 10:25, however due to the change from ITV2 to ITV4, GMTV2 was available one hour later on ITV4+1 on Sky Channel 180.",87.2145,Tidak tersedia,1999-01-04,False,CITV Breakfast,0.0,0
False,/5qNlwCIPJm4RkO3MnxfPnnwB310.jpg,"[80, 9648, 18]",21728,['US'],en,The Alfred Hitchcock Hour,"A continuation of the anthology series “Alfred Hitchcock Presents”, hosted by the master of suspense and featuring thrillers and mysteries.",68.8586,/6bnJU1YmobWBNokjLruUsZ6cykC.jpg,1962-09-20,False,The Alfred Hitchcock Hour,7.853,85
False,/czpfLUoJt7uPQf2i7S2Mo2cwRGl.jpg,[35],61381,['US'],en,black-ish,"A family man struggles to gain a sense of cultural identity while raising his kids in a predominantly white, upper-middle-class neighborhood.",67.1898,/ga1zJ6UejPIfyL8BA22pK6dqsC8.jpg,2014-09-24,False,black-ish,7.07,350
False,/jvHw1zF20kYA9gbF2VprXD6uJpq.jpg,"[18, 35]",105,['US'],en,Sex and the City,"Based on the bestselling book by Candace Bushnell, Sex and the City tells the story of four best friends, all single and in their late thirties, as they pursue their careers and talk about their sex lives, all while trying to survive the New York social scene. ",72.2813,/jfLp8gTfdi9d8onEFJ60kp1Bl1e.jpg,1998-06-06,False,Sex and the City,7.349,2204
False,/AuQGIa3ZarPdS0bhWjQWJR0mhJj.jpg,"[80, 18, 10759]",1414,['US'],en,The Shield,The story of an inner-city Los Angeles police precinct where some of the cops aren't above breaking the rules or working against their associates to both keep the streets safe and their self-interests intact.,70.5513,/AfdZXqqlFsPUEfi6kWWWthxw7Nz.jpg,2002-03-12,False,The Shield,8.2,902
False,/390GKeZ6GLJNEbazLq7SFIYLvxW.jpg,"[10767, 10764]",6836,['TW'],zh,康熙來了,"Kang Xi Lai Le is a Taiwanese variety-comedy talk show hosted by variety show veterans Dee Hsu and Kevin Tsai. It was produced by Chungta Production from 2004 to 2009, and currently produced by Gold Star Production along with the writing and production staff of GUESS. It was first broadcast on 5 January 2004 and currently airs Monday to Friday at 22:00-23:00 on cable TV CTi Variety. In most episodes, the hosts interview a panel of celebrities in various and controversial topics while employing their signature comedic bantering. It is broadcast in Hong Kong on ATV Home under the name of Variety Show of Mr Con and Ms Csi.

Although it is broadcast in Taiwan, the show is very successful and popular among Chinese speaking audiences across the world who watch uploaded re-runs over the internet or through bootleg DVDs. The show has been mentioned in other Taiwanese variety and talk shows, mainly from presenters who appeared on the show.",68.7619,/bVWEPDZHRSdd7voVled6CLLq1zB.jpg,2004-01-05,False,Kangxi Coming,7.7,3
False,/u23G9KZregWHs1use6ir1fX27gl.jpg,"[35, 18]",81356,['GB'],en,Sex Education,Inexperienced Otis channels his sex therapist mom when he teams up with rebellious Maeve to set up an underground sex therapy clinic at school.,64.2566,/bc3bmTdnoKcRuO9xdQKgAbB7Y9Z.jpg,2019-01-11,False,Sex Education,8.192,8002
False,/3OX2ysmkK61hJsm4AfjTPtrVgMY.jpg,"[10766, 18, 10751]",93,['US'],en,Falcon Crest,"Falcon Crest is an American primetime television soap opera which aired on the CBS network for nine seasons, from December 4, 1981 to May 17, 1990. A total of 227 episodes were produced.

The series revolves around the feuding factions of the wealthy Gioberti/Channing family in the Californian wine industry. Jane Wyman starred as Angela Channing, the tyrannical matriarch of the Falcon Crest Winery, alongside Robert Foxworth as Chase Gioberti, Angela's nephew who returns to Falcon Crest following the death of his father. The series was set in the fictitious Tuscany Valley northeast of San Francisco.",73.5169,/rgcKhBsHwAlPpeJG9yKip5oWVo9.jpg,1981-12-04,False,Falcon Crest,5.539,64
False,/zr1MDQCPVB5uJEHxiO6Tukn4OjH.jpg,"[16, 35, 18]",60863,['JP'],ja,ハイキュー!!,"Inspired by a small-statured pro volleyball player, Hinata creates a volleyball team in his last year of middle school. Unfortunately the team is matched up against the ""King of the Court"" Tobio Kageyama’s team in their first tournament and inevitably lose. After the crushing defeat, Hinata vows to surpass Kageyama After entering high school, Hinata joins the volleyball team only to find that Tobio has also joined.",70.5661,/8WEr48swcqe89Zsy5sdrGCASlIg.jpg,2014-04-06,False,Haikyu!!,8.6,1552
False,/lQcUbt8Rs0TcmIhsVGpoEeqWHwE.jpg,"[16, 18, 10765]",288659,['JP'],ja,春夏秋冬代行者 春の舞,"When the Agent of Spring, Hinagiku Kayo, is abducted, spring itself vanishes—plunging the world into unending winter. Refusing to give up, her devoted guard, Sakura Himedaka, searches for her for years. When Hinagiku suddenly returns, the two set out to restore the lost season, face the past that tore them apart, and reclaim the warmth they refuse to lose again.",56.772,/fiRyRdULdUKJWjy4WrBqQEBdYNR.jpg,2026-03-29,False,Agents of the Four Seasons Dance of Spring,7.1,24
False,/h3sqf7qkdSvMiBhyzfuXAEFkn5R.jpg,"[80, 18, 10766]",44953,['US'],es,El señor de los cielos,"Set in the 1990s, these are the life and times of Amado Carrillo Fuentes, a man who became the head of the Juárez cartel. Nicknamed “El Señor de los Cielos” (Lord of the Skies) because of the large fleet of airplanes he used to transport drugs, he was also known for washing more than $200 million through Colombia to finance his huge fleet. He is described as the most powerful drug trafficker of his time.",66.5442,/Ag7VUdnrRz5Qpq3Yn3E5OCvFnu0.jpg,2013-04-15,False,El Señor de los Cielos,8.022,3657
False,/aUyweq31etaay92oF4crwdDcnoT.jpg,"[80, 18, 9648]",21510,['US'],en,White Collar,"In exchange for his freedom, charming con artist Neal Caffrey provides his expertise to help straight-man FBI agent Peter Burke catch elusive white-collar criminals.",68.8431,/417XNiGvdzCsG9kDnnQJYaBsIrx.jpg,2009-10-23,False,White Collar,8.216,1609
False,/eXySrZkDWeOel45DlXTcSWiM6NH.jpg,"[10764, 10751]",65278,['KR'],ko,SBS 인기가요,"The program is a weekly music show that features and introduces viewers to the most popular artists in Korea. Every week, they ask viewers to vote and select the most popular song of the week.",64.0067,/hvY5NH73JRvfJI714MF6Ja4TM3.jpg,1998-02-01,False,Inkigayo,7.5,4
False,Tidak tersedia,[99],120707,['DE'],de,kinokino,,58.9062,Tidak tersedia,1978-01-14,False,kinokino,10.0,1
False,/vJIdVmdZevYauXkbQqSUTZlN4Kr.jpg,[18],17362,['US'],en,Dr. Kildare,"The story of a young intern in a large metropolitan hospital trying to learn his profession, deal with the problems of his patients, and win the respect of the senior doctor in his specialty, internal medicine.",70.3513,/1zJFzPsnC3ih1sdY25XbHactXiB.jpg,1961-09-27,False,Dr. Kildare,5.7,19
False,/bbAR4qKxjnjyKAt4YMrL725Mtfw.jpg,"[35, 18]",124101,['US'],en,Hacks,"Explore a dark mentorship that forms between Deborah Vance, a legendary Las Vegas comedian, and an entitled, outcast 25-year-old.",68.6306,/ca5XiEFgyGsI38QT3wEKa1QVGX.jpg,2021-05-13,False,Hacks,7.5,394
False,/1xlpfYGGFXOlYqQSUlFKEv4hqbt.jpg,"[10759, 16, 10765, 10762]",46392,['JP'],ja,デュエル・マスターズ,"A mysterious organization is interested in fledging duelist Shobu Kirifuda's ability to bring Duel Master creatures to life. With the support of his friends, Shobu duels with passion, discipline, and heart as he strives to be like his father and become the next Kaijudo master.",71.7883,/t5ijeKzOukACRktUfbjuMIlqwfr.jpg,2002-10-21,False,Duel Masters,6.19,21
False,/jQmYRTt29hTNFGdNdwFVazOrDpO.jpg,"[16, 35, 10751, 10762, 9648]",68073,['US'],en,The Loud House,"Welcome to the Loud House, where life can get pretty crazy. One boy, TEN girls?! Lincoln Loud wouldn’t change it for the world!",66.6528,/v0xMCeZIkgBUQtiije0IDc8ReHr.jpg,2016-05-02,False,The Loud House,7.791,578
False,/eIF8T2OOw0VxVNoo65Du8fdzi2o.jpg,"[35, 10751]",37647,['TR'],tr,Yahşi Cazibe,"Cazibe, an Azerbaijani immigrant, marries Kemal to become a Turkish citizen. Ms. Gül who deals with illegal marriages arranges this marriage which will last for 3 years according to the agreement. Kemal receives 10,000 Turkish liras from Cazibe. But Kemal has a girlfriend, Simge, who is the daughter of Kemal's boss. Kemal's boss does not know that Kemal and his daughter are in a relationship. Simge thinks that Cazibe is Kemal's maid. However, Ejder is the foreign marriage detective and he is trying to find proof that Cazibe only married Kemal to become a Turkish Citizen.

The word ""Yahşi"" comes from Azerbaijani and means ""beautiful, nice, attractive"". ""Cazibe"" means seduction.",46.8454,/oOt5Ac7AjIkheZiZhFMBd5v1E7J.jpg,2010-07-16,False,Beautiful Charm,5.833,18
False,/xMNH87maNLt9n2bMDYeI6db5VFm.jpg,"[16, 10759, 10765]",127532,['JP'],ja,俺だけレベルアップな件,"They say whatever doesn’t kill you makes you stronger, but that’s not the case for the world’s weakest hunter Sung Jinwoo. After being brutally slaughtered by monsters in a high-ranking dungeon, Jinwoo came back with the System, a program only he could see, that’s leveling him up in every way. Now, he’s inspired to discover the secrets behind his powers and the dungeon that spawned them.",66.1837,/geCRueV3ElhRTr0xtJuEWJt6dJ1.jpg,2024-01-07,False,Solo Leveling,8.679,1994
False,/dM6fTSA55edFYGPTc7VOaaz9NdK.jpg,"[80, 18]",4660,['US'],en,Adam-12,"Adam-12 is a television police drama that followed two police officers of the Los Angeles Police Department, Pete Malloy and Jim Reed, as they patrolled the streets of Los Angeles in their patrol unit, 1-Adam-12.",70.7323,/jXlPZz943xMbqfp2Ne1OvOWaPo.jpg,1968-09-21,False,Adam-12,7.1,48
False,/zGRHyQhXdfJ1DOySEPh8HC1fMsX.jpg,"[18, 35]",40408,['MX'],es,Amorcito Corazón,"Amorcito Corazón is a Mexican telenovela produced by Televisa by Lucero Suarez. Rehabilitation of the Venezuelan RCTV telenovela Trapos Intimos. It stars Elizabeth Álvarez, Diego Olivera, Africa Zavala and Daniel Arenas, involving Fabiola Campomanes, Gerardo Murguia and Macaria as the main villains and stellar performances by the leading lady Mariana Karr, and Grettell Valdez.

Canal de las Estrellas broadcast Amorcito Corazón from August 29, 2011, to June 10, 2012, with Cachito de Cielo replacing it. Univision confirmed an afternoon airing of Amorcito Corazón, and is currently seen weekday afternoons at 2pm central. Previously, Univision broadcast it at 3pm, replacing Dos Hogares from May 30 to June 15, 2012.",68.6193,/jM0q3xu8eBSv5WwWp2JfScWAk5y.jpg,2011-08-29,False,Amorcito Corazón,6.593,59
False,/b2mskN6F9kUolFc8mTBiEJwfXLC.jpg,"[16, 10765, 10759]",37858,['JP'],ja,Fate/stay night,"Shirou Emiya lost his parents in a fire when he was young and was later adopted by the sorcerer Kiritsugu Emiya. Shirou is drawn into the Holy Grail War summons a female ""Servant"" known as Saber to protect him and obtain the Holy Grail.",54.4819,/x7nYPOveHhINREhTtwBHot9ersB.jpg,2006-01-07,False,Fate/stay night,7.236,254
False,/lcuacKO5gwY2IjdmgAoEgSlsaTV.jpg,"[80, 18, 9648]",2179,['US'],en,"Quincy, M.E.",Los Angeles County medical examiner Quincy routinely engages in police investigations.,69.1405,/e0bsxZqhE5fhRjaX2LKu8GuKccE.jpg,1976-10-03,False,"Quincy, M.E.",7.504,123
False,/WCnEPf4ZNPjszndmrFlDxZ5Uvd.jpg,"[35, 9648, 80]",107113,['US'],en,Only Murders in the Building,Three strangers share an obsession with true crime and suddenly find themselves wrapped up in one.,67.4855,/1yjFVQZuW8aofZ5Cgol8iImsVFp.jpg,2021-08-31,False,Only Murders in the Building,8.413,2279
False,/evJaCkNlgUt55dcOaAJqxD90FWs.jpg,"[35, 18]",49011,['US'],en,Mom,"Aan irreverent and outrageous take on true family love‐and dysfunction. Newly sober single mom Christy struggles to raise two children in a world full of temptations and pitfalls. Testing her sobriety is her formerly estranged mother, now back in Christy's life and eager to share passive-aggressive insights into her daughter's many mistakes.",69.4123,/kIi3T7X0kmiV9vGDme146P2d979.jpg,2013-09-23,False,Mom,7.304,649
False,/1fLufp1ZI2cofG4rV2xYYk4ahSS.jpg,[18],2406,['US'],en,Crossing Jordan,"Crossing Jordan is an American television crime/drama series that stars Jill Hennessy as Jordan Cavanaugh, M.D., a crime-solving forensic pathologist employed in the Massachusetts Office of the Chief Medical Examiner.",80.4353,/bywFoHoLZvW2vxDc7n4ToAKkR0y.jpg,2001-09-24,False,Crossing Jordan,7.174,167
False,/tUKU1WLqMtIZHUl8lP9bLAJx0nl.jpg,"[80, 18, 9648]",954,['US'],en,The Rockford Files,"Cranky but likable L.A. PI Jim Rockford pulls no punches (but takes plenty of them). An ex-con sent to the slammer for a crime he didn't commit, Rockford takes on cases others don't want, aided by his tough old man, his lawyer girlfriend and some shady associates from his past.",68.5667,/fniHEsTeqHMg41GlCYJxZVgtn7H.jpg,1974-09-13,False,The Rockford Files,7.602,133
False,/51LLyjm6a5C8mAmTQCIPo6hBOMn.jpg,"[10751, 18, 10766]",72861,['MX'],es,Madres egoístas,"Madres egoístas is a Mexican telenovela produced by Juan Osorio for Televisa and originally broadcast on Canal de las Estrellas from February 4 to June 7, 1991. It is a remake of the 1963 telenovela of the same name produced by Valentín Pimstein. Created by Mimí Bechelani and adapted by Josefina Palos y Romo, the telenovela stars Julieta Rosen, Enrique Novi, Orlando Carrió, and Chantal Andere.

The story follows Raquel Rivas Cantú, a young orphan and heiress who is raised by her housekeeper Mariana, a woman who secretly carries resentment against the Rivas Cantú family. After marrying Pablo, a widower with a daughter, Raquel's life becomes marked by tragedy, family conflicts, and betrayal. As secrets from the past emerge, Raquel and her loved ones must face revenge, ambition, and the search for justice and happiness.",64.4538,/5bdFct7UiCpD9vPrrjYtaRmDNte.jpg,1991-02-04,False,Madres egoístas,9.0,2
False,/pXpK8GnLL0wZkfelg5lCVSOnytN.jpg,"[18, 10751]",1950,['US'],en,Everwood,"After the death of his wife, world-class neurosurgeon Dr. Andrew Brown leaves Manhattan and moves his family to the small town of Everwood, Colorado. There he becomes a small-town doctor and learns parenting on the fly as he raises his talented but resentful 15-year-old son Ephram and his 9-year-old daughter Delia.",69.3445,/uuWIIIjT6hyCLGQTVG0cwLfubb9.jpg,2002-09-16,False,Everwood,7.589,241
False,/qnTBxxv7q4xVwgZBLb0vtILLelh.jpg,[10764],14814,['US'],en,Keeping Up with the Kardashians,"A peek inside the exploits and privileged private lives of the blended Kardashian-Jenner family, including sisters Kim, Kourtney and Khloé.",63.4124,/nddXOC8wYpIDv7giLzjjqIg8WDA.jpg,2007-10-14,False,Keeping Up with the Kardashians,7.337,927
False,/aqjNyP1wSPcMau2rCqwNfFeLR3V.jpg,"[10765, 10759, 35, 18]",254002,['US'],en,Critical Role,"Critical Role is a weekly actual play series that uses tabletop role-playing game mechanics as a means to explore and develop stories from the vast fantasy worlds of Exandria, Aramán, and beyond, with sweeping narratives intricately woven through collaboration between Game Masters and players.",70.0212,/keSNwdzmSgQzluKmqTI6kwDOFa7.jpg,2015-03-12,False,Critical Role,8.231,26
False,/lrKyCG1DSJHvpJsw7YozU3e4ydV.jpg,"[10763, 10767]",7967,['US'],en,The Rachel Maddow Show,"The Rachel Maddow Show is a daily news and opinion television program that airs on MSNBC, running in the 9:00 pm ET timeslot. It is hosted by Rachel Maddow, who gained popularity with her frequent appearances as a liberal pundit on various MSNBC programs. It is based on her former radio show of the same name. The show debuted on September 8, 2008.",52.6936,/nm4ubPrrnksdaD9EAvqzClfGlFo.jpg,2008-09-08,False,The Rachel Maddow Show,5.9,30
False,/uNM5dbnPJXJJs1eggepRWjSvdIR.jpg,"[16, 10759, 10765]",30669,['JP'],ja,幽☆遊☆白書,"After dying to save a boy, delinquent tough guy Yusuke Urameshi is granted another chance at life by redeeming himself as a ""Spirit Detective.""",65.3158,/5OnjguJwkujo3R23w95EEX8eAEN.jpg,1992-10-10,False,Yu Yu Hakusho,8.467,513
False,/9OQ5BIITkJwRJo9JA6AlCfJIGBQ.jpg,"[18, 10765, 10768]",87917,['US'],en,For All Mankind,"Explore an aspirational world where NASA and the space program remained a priority and a focal point of our hopes and dreams as told through the lives of NASA astronauts, engineers, and their families.",64.743,/JP3DItWMbrrLiKR5AYUfpsNf2b.jpg,2019-11-01,False,For All Mankind,7.744,1041
False,/vh29Z9EqTbaBy0sX5I370Hf3KJG.jpg,"[10759, 18, 9648]",10083,['US'],en,The Fugitive,"Richard Kimble is falsely convicted of his wife's murder and given the death penalty. En route to death row, Kimble's train derails and crashes, allowing him to escape and begin a cross-country search for the real killer, a ""one-armed man"". At the same time, Dr. Kimble is hounded by the authorities, most notably dogged by Police Lieutenant Philip Gerard.",71.5022,/cSvrnCMFX8OWqHSkUwERfKU7mnP.jpg,1963-09-17,False,The Fugitive,7.3,63
False,/6lxHLpAY38AWxarE4eAQ3nZEQr0.jpg,"[10764, 10751]",66311,['DK'],da,Hammerslag,"Realestate agents competite against each other, guessing 3 recently sold house prices per show.",62.64,/cTEoIXA0s83BCMmKMRbz5IW5KsU.jpg,2007-03-06,False,Hammerslag,9.3,3
False,/wQZ93yloQFkB8xIGerh04Z53sy0.jpg,[10767],831,['GB'],en,Loose Women,"A panel of four women discuss topical issues, ranging from daily politics and current affairs to celebrity gossip.",66.1444,/d9UVT0nFG16lXzu3kCspwbJ0Tjy.jpg,1999-09-06,False,Loose Women,3.4,19
False,/bNYJxbtslqHdbNfIT9XXjbwEZuX.jpg,[35],162,['US'],en,Night Court,An eccentric fun-loving judge presides over an urban night court and all the silliness going on there.,68.4581,/bpEVtr4NCkbmTdponemKSjt9POc.jpg,1984-01-04,False,Night Court,7.326,149
False,/nGhC6P0lgcrY57NRB9nweu4nWaK.jpg,"[10765, 18, 9648]",10545,['US'],en,True Blood,"Thanks to a Japanese scientist's invention of synthetic blood, vampires have progressed overnight from legendary monsters to fellow citizens. And while humans have been safely removed from the menu, many remain apprehensive about these creatures ""coming out of the coffin."" Religious leaders, government officials, and vampire fundamentalists around the world have chosen their sides.  But in the small Louisiana town of Bon Temps, the jury is still out.",66.8584,/ktEp6fzL4xzCWsSVtrcH8JaQNQy.jpg,2008-09-07,False,True Blood,7.607,2140
False,/qVBIAcZkK5j6WRq7JehJcOMbdgb.jpg,"[35, 18, 9648]",111803,['US'],en,The White Lotus,"Follow the exploits of various guests and employees at an exclusive tropical resort over the span of a week as with each passing day, a darker complexity emerges in these picture-perfect travelers, the hotel’s cheerful employees and the idyllic locale itself.",62.1635,/gbSaK9v1CbcYH1ISgbM7XObD2dW.jpg,2021-07-11,False,The White Lotus,7.6,1538
False,/9oVp0xfKW2igxDEo5wr3JTMQBub.jpg,[18],74016,['US'],en,The Resident,"A tough, brilliant senior resident guides an idealistic young doctor through his first day, pulling back the curtain on what really happens, both good and bad, in modern-day medicine.",70.5486,/2IkYQJlT26yXef2iot7dhRtavSC.jpg,2018-01-21,False,The Resident,8.363,1341
False,/com4DoP6rNkf1fs5KiuLPCRVK6V.jpg,"[10759, 80, 18]",4357,['US'],en,Mission: Impossible,"Mission: Impossible is an American television series that was created and initially produced by Bruce Geller. It chronicles the missions of a team of secret government agents known as the Impossible Missions Force. In the first season, the team is led by Dan Briggs, played by Steven Hill; Jim Phelps, played by Peter Graves, takes charge for the remaining seasons. A hallmark of the series shows Briggs or Phelps receiving his instructions on a recording that then self-destructs, followed by the theme music composed by Lalo Schifrin.

The series aired on the CBS network from September 1966 to March 1973, then returned to television for two seasons on ABC, from 1988 to 1990, retaining only Graves in the cast. It later inspired a popular series of theatrical motion pictures starring Tom Cruise, beginning in 1996.",70.7632,/1PnUBKbDR1F2w5qicblLg1QGTif.jpg,1966-09-17,False,Mission: Impossible,7.6,320
False,/4zZ0VjYxGERjhf5FdTuB0Y215Pi.jpg,"[10759, 37, 10751]",13859,['US'],en,The Rifleman,"The Rifleman is an American Western television program starring Chuck Connors as rancher Lucas McCain and Johnny Crawford as his son, Mark McCain. It was set in the 1880s in the town of North Fork, New Mexico Territory. The show was filmed in black-and-white, half-hour episodes. ""The Rifleman"" aired on ABC from September 30, 1958 to April 8, 1963 as a production of Four Star Television. It was one of the first prime time series to have a widowed parent raise a child.",65.5664,/tYf5Sc83chWG2nBlo5xKdpBBwlI.jpg,1958-09-30,False,The Rifleman,7.1,54
False,/hjvg9IdghfavsCzqUyaSNMXcryy.jpg,"[18, 35, 10759]",1338,['DE'],de,Alarm für Cobra 11 - Die Autobahnpolizei,"A long-running German television series about a two-man team of highway police, originally set in Berlin and later in North Rhine-Westphalia.",67.4952,/5c7NF098aZ9mdiQU4nGtsEFOMjf.jpg,1996-03-12,False,Alarm for Cobra 11: The Motorway Police,6.579,140
False,/ddttjSeT7LcsoCfNGcASJH2tljW.jpg,[18],5325,['US'],en,Army Wives,"Army Wives is an American drama series that follows the lives of four army wives, one army husband, and their families.",62.2976,/vycEpFfopE9M6AjCEubMOnrYSKm.jpg,2007-06-03,False,Army Wives,7.459,37
False,/13EiscbHCfPD83aW1Ay1G3zV5G1.jpg,[35],97,['US'],en,The Drew Carey Show,"Drew is an assistant director of personnel in a Cleveland department store and he has been stuck there for ten years. Other than fighting with co-worker Mimi, his hobbies include drinking beer and not being able to get dates. To make a few extra bucks he has a micro-brewery going in his garage with his buddies.",68.682,/1E2uZPVGz69aikN6vIgygvYSwGt.jpg,1995-09-13,False,The Drew Carey Show,6.532,187
False,/ePr0k72sypMpZYubz6w34dcW68Y.jpg,"[10765, 10759, 18]",67198,['US'],en,Star Trek: Discovery,"Follow the voyages of Starfleet on their missions to discover new worlds and new life forms, and one Starfleet officer who must learn that to truly understand all things alien, you must first understand yourself.",65.9095,/xwpOHgym48Ftz7fbJq5te5xoiwu.jpg,2017-09-24,False,Star Trek: Discovery,6.922,2104
False,/iBc82qaA05ntzSnrVndw8scv4Bn.jpg,"[10765, 18]",196322,['US'],en,Dark Matter,"Jason Dessen is abducted into an alternate version of his life. To get back to his real family, he embarks on a harrowing journey to save them from the most terrifying foe imaginable: himself.",64.8044,/2DPmTlv8F0V1TQBPmlsGOVOhtWk.jpg,2024-05-07,False,Dark Matter,7.79,789
False,/iHSwvRVsRyxpX7FE7GbviaDvgGZ.jpg,"[10765, 9648, 35]",119051,['US'],en,Wednesday,"Smart, sarcastic and a little dead inside, Wednesday Addams investigates twisted mysteries while making new friends — and foes — at Nevermore Academy.",62.0432,/9PFonBhy4cQy7Jz20NpMygczOkv.jpg,2022-11-23,False,Wednesday,8.329,10827
False,/c4dymvMQT45P1j9RnscRyeyyqSg.jpg,"[35, 10759, 16]",10283,['US'],en,Archer,Smart-mouthed superspy Sterling Archer and his dysfunctional team of secret agents turn dangerous missions into messy misadventures around the globe.,66.4513,/vhnrkTGYPqcB63ALcSJm0WoaKHT.jpg,2009-09-17,False,Archer,7.932,1489
False,/4QnFxk03yAn7U2ZTL5oMCCqxlPc.jpg,"[10759, 16, 18, 9648]",2098,['US'],en,Batman: The Animated Series,"Vowing to avenge the murder of his parents, Bruce Wayne devotes his life to wiping out crime in Gotham City as the masked vigilante ""Batman"".",64.1242,/lBomQFW1vlm1yUYMNSbFZ45R4Ox.jpg,1992-09-05,False,Batman: The Animated Series,8.6,1901
False,/ckckqFTHQjLsaEhrVniR1CPrDCH.jpg,[10764],281634,['KR'],ko,Star Road,"OSEN’s “Star Road” is a program for Vietnamese hallyu fans where Korean celebrities showcase charms that haven’t been seen yet. From casual interviews to real daily life footage, it is expected to be well-received by fans.",60.2091,/raYbjMPg2FZZc8X02duQrCdKeUj.jpg,2018-07-08,False,Star Road,0.0,0
False,/e5YSF0Inv9eL77jv2WQtNOOB3Bg.jpg,"[16, 10759, 35, 10765, 10751]",61175,['US'],en,Steven Universe,"A young boy takes his mother's place in a group of gemstone-based beings, and must learn to control his powers.",65.9242,/8zRstOgaipruJPlsHK2diMx4lPy.jpg,2013-11-04,False,Steven Universe,8.412,1388
False,/11nGiX6hLdexBD4TVUAAVzSIAQy.jpg,"[10751, 18, 35]",14929,['CA'],en,Heartland,"Life is hard on the Flemings' ranch in the Alberta foothills where abused or neglected horses find refuge with a kind, hard-working family. Debts abound and the bank is about to foreclose. Can they keep the ranch running?",66.3117,/uc2gtWczT58BiAUJWFz9P5aZmNF.jpg,2007-10-14,False,Heartland,8.2,589
False,/SLAPI1h9SWBMLTCO8ULvTGiP9G.jpg,"[10765, 10759, 18]",2290,"['CA', 'US']",en,Stargate Atlantis,"With the Ancients' city of Atlantis discovered in the Pegasus Galaxy by Stargate Command, Dr. Elizabeth Weir and Major Sheppard lead a scientific expedition to the ancient abandoned city. Once there, the team not only find themselves unable to contact Earth, but their explorations unexpectedly reawaken the Ancients' deadly enemies, The Wraith, who hunger for this new prey. Now with the help of newfound local allies like Teyla Emmagan, the Atlantis Team sets about to uncover their new home's secrets even as their war of survival against the Wraith begins.",70.2059,/l0JYr2iqwId6VOmCV8dHzlIM6Wd.jpg,2004-07-15,False,Stargate Atlantis,8.029,1234
False,/pPKiIJEEcV0E1hpVcWRXyp73ZpX.jpg,"[18, 10765]",95057,['US'],en,Superman & Lois,"After years of facing megalomaniacal supervillains, monsters wreaking havoc on Metropolis, and alien invaders intent on wiping out the human race, The Man of Steel aka Clark Kent and Lois Lane come face to face with one of their greatest challenges ever: dealing with all the stress, pressures and complexities that come with being working parents in today's society.",64.2467,/vlv1gn98GqMnKHLSh0dNciqGfBl.jpg,2021-02-23,False,Superman & Lois,8.057,2766
False,/e8cOJcYxFAkl6bdx0pUisN5IUmu.jpg,"[80, 18]",17489,['TR'],tr,Arka Sıradakiler,"Arka Sıradakiler is the title of a Turkish teen drama series, created by Birol Güven and directed by Hamdi Alkan. Meaning ""those at the rear desks"", name of the series was attributed to a group of forsaken students whose experiences are taken as subject of the storyline. The series began broadcast on September 30, 2007 on Fox Turkey. It is aired weekly on Sundays at 19:45.",57.9058,/iF2QZ6KJ8tlvU2FxbQRkPYleo2f.jpg,2007-09-30,False,Arka Sıradakiler,4.0,4
False,/eXPYbOfQ6YRgqgnsXTTEIL1clRs.jpg,"[10766, 18]",6174,['ZA'],en,Isidingo,"South African soap opera centering around the lives of the wealthy Haines family, the Matabanes, and the lives of the inhabitants of the mining town Horizon Deep.",61.3893,/hxJdczj4roJ9OtqSJcuAkD2TK6y.jpg,1998-07-07,False,Isidingo,5.25,4
False,/5IBSPGPAEFEkEJo4leqvpq0RcKf.jpg,[16],233643,['JP'],ja,しーくれっとみっしょん～潜入捜査官は絶対に負けない！～,"Narcotics Enforcement Agent Riko Ikazuchi is undercover with her junior colleague Noma in an apartment that serves as the hideout for a criminal organization. Despite Riko and Noma posing as a newlywed couple, the criminals begin to suspect them after not hearing any marital intimacy during the night. To convince them that they are a loving couple, Noma starts touching Riko's body...",60.3786,/xZV8e1iKi85PFZlbQBdznvtpAVJ.jpg,2023-10-02,False,Secret Mission - Undercover Agents Never Back Down!,6.2,26
False,/ahyiECSHWcZi0lrSiVS4V9QydwP.jpg,"[10766, 18]",1526,['GB'],en,Brookside,The ground-breaking soap set in a housing estate on the outskirts of Liverpool.,61.2034,/17NsCtMBMKmzaKLDCfPp8gpSOr3.jpg,1982-11-02,False,Brookside,6.2,20
False,/k16YijUgyXWnDCQPLTuVr7dVPFl.jpg,"[35, 18]",1940,['US'],en,Entourage,Film star Vince Chase navigates the vapid terrain of Los Angeles with a close circle of friends and his trusty agent.,66.369,/pDueLVvdrR2jSMrQ2pFXI9ff5zB.jpg,2004-07-18,False,Entourage,7.363,673
False,/ywJcUIMTCjstPLvvyIiPWP3G3m3.jpg,[18],246246,['US'],en,Beauty in Black,"A stripper's fate takes a turn when she crosses paths with the wealthy, dysfunctional family behind a cosmetics dynasty and a devious trafficking scheme.",64.3725,/xKk4bFCCpZ9tvjUykvvMYLSBnjo.jpg,2024-10-24,False,Beauty in Black,8.404,314
False,/cTCn2EO69SERNfhaezJMoqBom4G.jpg,"[16, 10759, 18]",79481,['CN'],zh,斗破苍穹,"In a land where no magic is present. A land where the strong make the rules and weak have to obey. A land filled with alluring treasures and beauty, yet also filled with unforeseen danger. Three years ago, Xiao Yan, who had shown talents none had seen in decades, suddenly lost everything. His powers, his reputation, and his promise to his mother. What sorcery has caused him to lose all of his powers? And why has his fiancee suddenly shown up?",57.6686,/oyoahIcdamTXwjIaL3CqZ1v5CLl.jpg,2017-01-07,False,Fights Break Sphere,8.048,62
False,/1Rzdd9VjqXOE7rzMlaMdwHOTmkr.jpg,"[37, 18, 10751]",6081,['US'],en,Wagon Train,"The series initially starred veteran movie supporting actor Ward Bond as the wagon master, later replaced upon his death by John McIntire, and Robert Horton as the scout, subsequently replaced by lookalike Robert Fuller a year after Horton had decided to leave the series.

The series was inspired by the 1950 film Wagon Master directed by John Ford and starring Ben Johnson, Harry Carey Jr. and Ward Bond, and harkens back to the early widescreen wagon train epic The Big Trail starring John Wayne and featuring Bond in his first major screen appearance playing a supporting role. Horton's buckskin outfit as the scout in the first season of the television series resembles Wayne's, who also played the wagon train's scout in the earlier film.",71.4055,/csC6kMTKWmOcy9nKZEgdwd7Frb9.jpg,1957-09-18,False,Wagon Train,6.645,31
False,/zi7hR8mfpApWoj3N3poBsJW9uxL.jpg,[10764],92661,['US'],en,25 Words or Less,"Hosted by Meredith Vieira, two teams of celebrities and civilians face off in a fast paced word game with a top prize of $10,000.",70.9464,/gwu2aVl89amkSfBL5TqhvazYQAE.jpg,2018-08-06,False,25 Words or Less,5.2,4
False,/coHgKyLRwhbMktEWr6dwSYUg2BH.jpg,"[18, 35]",12637,['MX'],es,Rebelde,"A group of young adults will spend their adolescence at the Elite Way School, where they will learn about love, life and live their passion for music.",58.8952,/kQHXg2BOiODkF4yVI75NcodMmAJ.jpg,2004-10-04,False,Rebelde,8.4,5213
False,/gH5HQbMsSfPc0R41JYTefjB7klZ.jpg,"[10765, 10759, 18]",314,['US'],en,Star Trek: Enterprise,"During the mid-22nd century, a century before Captain Kirk's five-year mission, Jonathan Archer captains the United Earth ship Enterprise during the early years of Starfleet, leading up to the Earth-Romulan War and the formation of the Federation.",66.0808,/tsbBTABtNgu0ycsFpnIhiQ5woOM.jpg,2001-09-26,False,Star Trek: Enterprise,7.489,989
False,/wtONQBI3nbqFNOT2RoXXBgckMeX.jpg,[99],75415,['DE'],de,Galileo,"This daily German magazine show delivers interesting facts on numerous topics centering around technology, life, and bizarre knowledge.",58.7673,/VwqwId0kD9NIT0cTWx3Is6Jar5.jpg,1998-11-30,False,Galileo,4.8,8
False,/dJloUF9ojhhGA7AcxTl8Znpuoie.jpg,"[18, 80]",12433,['DE'],de,Ein Fall für zwei,"Ein Fall für zwei is a German television series, which premiered on September 11, 1981 on ZDF. The series, located in Frankfurt am Main, features two main characters who solve crimes: a defense attorney and a private investigator. Josef Matula, a former German police officer, has gone into private business. His method of investigation is very effective and direct, and he sometimes even resorts to dirty tricks. Claus Theo Gärtner has portrayed the role since the start of the series.",68.0966,/7cztFGBj6xmJLS39UlhRDRWoEAq.jpg,1981-09-11,False,A Case For Two,5.7,19
False,/jNrPCcdOhpRbPiuohIjzuOKMCu2.jpg,"[99, 9648, 10764]",12323,['US'],en,Beyond Belief: Fact or Fiction,"Can you tell the difference between fact and fiction? Several stories of strange, mysterious and incredible occurrences are chronicled during each episode. It is up to the viewer to decide which stories actually happened and which were completely fabricated by the show’s writers. The answer is revealed by Jonathan Frakes at the conclusion of each episode.",65.8673,/x6t4LPGYdCLqsdijZqSOxzic3Tj.jpg,1997-05-25,False,Beyond Belief: Fact or Fiction,7.258,64
False,/6k6vAUa0Fm73HB0QBOJbFGTgPq5.jpg,"[35, 80, 18]",186,['US'],en,Weeds,"After the unexpected death of her husband, a suburban mom resorts to selling weed to support her family.",67.5364,/gKUsBTa5b0GY7U4iWBseeBalfjO.jpg,2005-08-07,False,Weeds,7.474,1038
False,/wAZREM1qfwHFdXISMpjscwBXuUf.jpg,[10767],112261,['DE'],de,Abendschau,The Berliner Abendschau is the news magazine for Berlin.,73.2532,/96H80JGXSEdqzRJpXiuSZfJ13K7.jpg,2000-05-04,False,Abendschau,4.333,3
False,/1vwIV2zQ88Dx6PwY7ZFZyamhYhV.jpg,"[18, 10759]",76773,['US'],en,Station 19,"A group of heroic firefighters at Seattle Fire Station 19—from captain to newest recruit—risk their lives and hearts both in the line of duty and off the clock. These brave men and women are like family, literally and figuratively, and together they put their own lives in jeopardy as first responders to save the lives of others.",63.2163,/3gs9wBsvv1GJ3EzLheh5yGuTQis.jpg,2018-03-22,False,Station 19,8.201,1561
False,/ew6A5pSWhxuxzdWOLKFcpBwHeTT.jpg,"[16, 35, 18]",30395,['JP'],ja,YAWARA!,"Inokuma Yawara is just another young high school girl. Well, not quite - for Yawara is being raised by her grandfather, 7th dan Judo master Inokuma Jigorou, to be Japan's great hope for the women's Judo competition at the 1992 Olympics in Barcelona. All the same, Yawara just wants to live a normal life...",60.4049,/hRYqKPqAJp5PdrULbH75cLtVi6o.jpg,1989-10-16,False,Yawara!,6.667,9
False,Tidak tersedia,[10767],63069,['DE'],de,Die Johannes B. Kerner Show,,63.8334,Tidak tersedia,1998-01-22,False,The Johannes B. Kerner Show,7.5,4
False,/yXuZVMnOEsIhx1vtu9kJGpzmjGN.jpg,"[10759, 18, 80]",4386,['US'],en,Baywatch,Join the Baywatch lifeguards on their thrilling adventures filled with beautiful beaches and those iconic red swimsuits.,64.3681,/34t8WxHn1OcIVpcTxmjYmjX9tE4.jpg,1989-04-23,False,Baywatch,5.955,562
False,/eVwD4s4dBOK5Jn7CzOLBTo0vXNH.jpg,"[18, 9648, 10765]",63639,['US'],en,The Expanse,A thriller set two hundred years in the future following the case of a missing young woman who brings a hardened detective and a rogue ship's captain together in a race across the solar system to expose the greatest conspiracy in human history.,78.2563,/5vQlVWkIMPhZ88OWchJsgwGEK9.jpg,2015-12-14,False,The Expanse,8.073,2928
False,/lmtTtOjsIBxwKD7LsAD5eeyhq1g.jpg,[18],300507,['CA'],en,Crew Girl,"After a family scandal, teen rower Teagan Tao moves to a small town and joins an elite prep school's all-boys crew, sparking rivalry and attraction.",55.0357,/jkPZW1iHNvlI6077NxSxwITa1tj.jpg,2026-09-10,False,Crew Girl,8.167,39
False,/uAPcgeY0vSZLdwEokwRVxUclGLx.jpg,[18],288027,['IN'],bn,Sohag Chand,"Love conquers all: a curvy girl, a fit guy, pure fun.",74.1178,/jIl5E51O3oztmuyNZtXkbPSyKws.jpg,2022-11-28,False,Sohag Chand,0.0,0
False,/gTN0SAdXsDUE6SFFRo8QsJgXDIg.jpg,"[80, 9648, 18]",1486,['US'],en,21 Jump Street,21 Jump Street revolves around a group of young cops who would use their youthful appearance to go undercover and solve crimes involving teenagers and young adults.,65.0288,/9w2y0146P5EjLw63FHGWRRpqQ6v.jpg,1987-04-12,False,21 Jump Street,7.282,206
False,/3n5wfNqfRVeVeVTD7illBDnLoQ0.jpg,[10764],81610,['HR'],hr,Gospodin Savršeni,"A group of contestants navigates romantic dates, travels, and weekly eliminations as the bachelor gradually narrows his choices to the woman he believes is his perfect match.",53.2603,/hZGok8oFpyMqKq0ZhQ7Mb1KugYR.jpg,2018-11-19,False,The Bachelor Croatia,0.0,0
False,/9ZfSM7eZVLbjYdZB31tlUi2egR8.jpg,"[16, 10765]",53787,['JP'],ja,ARIA,"Set in the early 24th century against the backdrop of the city of Neo Venezia on the planet Mars. No longer the barren red planet, Mars has been flooded, inhabited and is something of a tourist hub for those looking for rest, relaxation and a gondola ride – the primary mode of travel in Neo Venezia. The Undines are professional gondoliers, tour guides for the people passing through. Akari Mizunashi is an Undine in training and this is a piece of her story.",62.1557,/1XgXgWmsX1Un8eBHPjcBYpoae6M.jpg,2005-10-06,False,Aria,8.6,38
False,/sEjNaoENrqIZONKNn1iLFB0Us9k.jpg,"[10765, 10759, 18]",1972,"['CA', 'US', 'GB']",en,Battlestar Galactica,"When an old enemy, the Cylons, resurface and obliterate the 12 colonies, the crew of the aged Galactica protect a small civilian fleet - the last of humanity - as they journey toward the fabled 13th colony, Earth.",61.9889,/99PJSbcO2LeM10uOGWeFihNp77j.jpg,2004-10-18,False,Battlestar Galactica,8.205,1856
False,Tidak tersedia,[10767],318325,['US'],en,Tony Awards,"The Antoinette Perry Award for Excellence in Theatre, more commonly known as a Tony Award, recognizes achievement in live Broadway theatre. The awards are presented by the American Theatre Wing and The Broadway League at an annual ceremony in New York City. The awards are given for Broadway productions and performances, and an award is given for regional theatre.",61.7543,/zFBRMVDgKRZ6dqTZwkefBbfDC1G.jpg,1956-04-01,False,Tony Awards,0.0,0
False,/nW7oUFiJrIWwll4mZ8tYays7XRm.jpg,"[35, 10765]",287620,['US'],en,Stuart Fails to Save the Universe,"After accidentally creating a new multiverse, comic book store owner Stuart Bloom must locate a quantum-interference device to restore reality.",61.7477,/txj8ujTZwGUjpCdhCsQBnTlh4aS.jpg,2026-07-23,False,Stuart Fails to Save the Universe,8.69,176
False,/netPctcZmTb1yW0xhxMgY1zVj3q.jpg,"[35, 18]",61418,['US'],en,Jane the Virgin,"A comedy-drama following a chaste young woman who is accidentally impregnated via artificial insemination as she struggles to inform her devoutly religious family and make the right choices concerning the child. Based on the telenovela ""Juana la virgen.""",61.6638,/DRRHgvsNEfBloMgIP8bBw4zi4E.jpg,2014-10-13,False,Jane the Virgin,7.9,913
False,/gEEp2TJC8gLVzLmdR8m7dxgPB3p.jpg,"[10759, 18, 35]",61387,['US'],en,NCIS: New Orleans,"A drama about the local field office that investigates criminal cases affecting military personnel in The Big Easy, a city known for its music, entertainment and decadence.",61.5604,/1WJJUUZODmRTcFydLDBUtiztL6x.jpg,2014-09-23,False,NCIS: New Orleans,7.3,480
False,/iDu6LmIVHWiCdcW6CZcOP5Kx7Gr.jpg,"[80, 18, 35]",66840,['US'],en,Bull,"Dr. Jason Bull is the brilliant, brash, and charming founder of a hugely successful trial consulting firm.",61.5402,/r6bM2rNjSk5b9gWBOOKCVgKbjc0.jpg,2016-09-20,False,Bull,7.053,408
False,/rqbCbjB19amtOtFQbb3K2lgm2zv.jpg,"[16, 10765, 10759]",1429,['JP'],ja,進撃の巨人,"100 years ago, the last remnants of humanity were forced to retreat behind the towering walls of a fortified city to escape the massive, man-eating Titans that roamed the land outside their fortress. Only the members of the Scouting Legion dared to stray beyond the safety of the walls – but even those brave warriors seldom returned alive. Those within the city clung to the illusion of a peaceful existence until the day that dream was shattered, and their slim chance at survival was reduced to one horrifying choice: kill – or be devoured!",61.4791,/hTP1DtLGFamjfu8WqjnuQdP1n4i.jpg,2013-04-07,False,Attack on Titan,8.7,7703
False,/5NrSIzfcBOFI9HRGV4nRYgMGhDU.jpg,"[10759, 18, 35]",77169,['US'],en,Cobra Kai,"This Karate Kid sequel series picks up 30 years after the events of the 1984 All Valley Karate Tournament and finds Johnny Lawrence on the hunt for redemption by reopening the infamous Cobra Kai karate dojo. This reignites his old rivalry with the successful Daniel LaRusso, who has been working to maintain the balance in his life without mentor Mr. Miyagi.",61.4029,/6GDW4EsgsXlYrL1ASb5eCHQK4er.jpg,2018-05-02,False,Cobra Kai,8.195,7013
False,/38g8BjnbRpxdTER5guYi6ANWsjk.jpg,"[10765, 18]",2426,['US'],en,Angel,"The vampire Angel, cursed with a soul, moves to Los Angeles and aids people with supernatural-related problems while questing for his own redemption. A spin-off from Buffy the Vampire Slayer.",61.4021,/y5COQHIM38bQETJK2m76jHItWwm.jpg,1999-10-05,False,Angel,7.85,1031
False,/qMOYjQ0xPjFL7E8QyQJw5I7xpnw.jpg,"[80, 18, 35]",306114,['GR'],el,Ριφιφί,"""RIFIFI"" is inspired by the notorious bank robbery that took place in Athens in 1992. Who carried it out and why? The authorities spoke of organized crime, terrorist groups, and highly educated, ruthless perpetrators. But was it really like that? Through the power of fiction, the new production by COSMOTE TV combines the biggest heist ever committed in Greece with a true story of human tragedy, creating a character-driven series full of emotion and strong elements of humor.",61.3847,/ngCwoSAGQBB1qKnPinRInmvfMDj.jpg,2025-12-15,False,Rififi,8.353,17
False,/AhLtSrSpAPtpBEmA3T0N3d5MPe8.jpg,"[18, 9648, 10766]",212907,['ES'],es,La promesa,"In 1913 Spain, a woman gets a job at the palace of La Promesa as a reward for saving the marquesses' son - but nobody knows that she has her own plans, which involve avenging her mother's death and finding her missing brother.",61.2832,/y656ZhHU2Hh3bmC5vBtMa2vKpUM.jpg,2023-01-12,False,La promesa,8.538,132
False,/bEjFkaFctIXgCUeYn4ei3ECULQi.jpg,[35],500,['US'],en,Mad About You,"Young, urban newlyweds Paul and Jamie Buchman try to sustain their marital bliss while sidestepping the hurdles of love in the '90s.",61.2701,/vvnslQjc1LnERuroGVh8bPdBi2r.jpg,1992-09-23,False,Mad About You,6.782,268
False,/kmwOP8ep8QZBKxC6gZ6igkR9pLq.jpg,"[35, 18, 10751]",228091,['HK'],cn,香港八十系列,"This sitcom  series premiered in 1981 and changed its name every year, from ""Hong Kong 81"" to ""Hong Kong 86."" It was eventually replaced by a new sitcom called ""City Stories."" A total of 1330 episodes were produced, making it the second-longest-running series in Hong Kong, after ""Come Home Love: Lo and Behold"".

Each episode of this series is inspired by current social issues, with early storylines often satirizing society's flaws. The characters, such as ""Chen Ji,"" ""Mrs. Shun,"" ""Uncle Mao,"" ""Jue Wu Yin,"" ""Miss Su,"" ""A Wei,"" and ""Ah Kang,"" mostly hail from the grassroots, leaving a lasting impression on the audience. For example, ""Mrs. Shun,"" portrayed by Lydia Shum, later became a term to describe uneducated women who follow trends blindly. ""Chen Ji,"" played by Lawrence Ng, is a stockbroker who loves to show off his wealth, and his behavior typified that of many Hong Kongers, becoming a byword for the city's nouveau riche.",61.2541,/6IpuLrhh7XZfIvz0OmFOSJdSORe.jpg,1981-06-08,False,HK 80's,0.0,0
False,/9o9SS26mUY4cp4iSFk7iwBeAQuP.jpg,"[35, 18]",1215,['US'],en,Californication,"A self-loathing, alcoholic writer attempts to repair his damaged relationships with his daughter and her mother while combating sex addiction, a budding drug problem, and the seeming inability to avoid making bad decisions.",61.2407,/jPqOY8cq9KXQN4bD7zJGHCNvcb4.jpg,2007-08-13,False,Californication,7.625,1378
False,/u3rph1KVUOKbOtrPIgCb27H08Fy.jpg,[35],5371,['US'],en,iCarly,"Watch Carly, Sam, and Freddie, as they try to balance their everyday 8th grade lives with their newfound fame managing and starring in the most awesome show on the web.",61.218,/zswxst53aM8g2LysdVbtQNJAiKM.jpg,2007-09-08,False,iCarly,7.9,1576
False,/cl5FVcBEgddaC7dUL8HDMH6m2tp.jpg,"[16, 35, 10762]",63401,['US'],en,We Bare Bears,"Three brother bears awkwardly attempt to find their place in civilized  society, whether they're looking for food, trying to make human friends,  or scheming to become famous on the internet. Grizzly, Panda and Ice  Bear stack atop one another when they leave their cave and explore the  hipster environs of the San Francisco Bay Area, and it's clear the  siblings have a lot to learn about a technologically driven world. By  their side on many adventures are best friend Chloe (the only human  character in the cast), fame-obsessed panda Nom Nom, and Charlie, aka  Bigfoot.",60.621,/3xWzlLZ0kAD6SkVZTekFM9lxZyP.jpg,2015-08-24,False,We Bare Bears,7.733,1869
False,/3wGykQ9hQzX6YVayQRvEDVhU8bF.jpg,"[35, 18]",2506,['US'],en,Wings,Brothers Brian and Joe Hackett attempt to run an airline on the New England island of Nantucket while surrounded by their various wacky friends and employees.,59.8266,/eqf5p8fU7liYAMznUBMWMeSYfCQ.jpg,1990-04-19,False,Wings,6.861,148
False,/9as2hYKrhbKWj4ePtFMftQfEsEX.jpg,"[10759, 18]",2303,['US'],en,Hawaii Five-O,"Hawaii Five-O is an American police procedural drama series produced by CBS Productions and Leonard Freeman. Set in Hawaii, the show originally aired for 12 seasons from 1968 to 1980, and continues in reruns. Jack Lord portrayed Detective Lieutenant Steve McGarrett, the head of a special state police task force which was based on an actual unit that existed under martial law in the 1940s. The theme music composed by Morton Stevens became especially popular. Many episodes would end with McGarrett instructing his subordinate to ""Book 'em, Danno!"", sometimes specifying a charge such as ""murder one"".",64.5966,/8iFAlqhfY1D0ithTrfKTxObPlUH.jpg,1969-06-04,False,Hawaii Five-O,7.2,164
False,/4Kw16UfxZ4jTOmlXIBMOtgVpAM2.jpg,[10766],17892,['DE'],de,Unter uns,"Unter uns is a German television soap opera, first broadcast on RTL on 28 November 1994. Centered around the lives of the people in a residential house, which is set in the fictional Schillerallee in Cologne. Since the show debuted the baker's family Weigel is the series core family. Unter uns isn't based on a foreign soap opera like Verbotene Liebe or Gute Zeiten, schlechte Zeiten. After Gute Zeiten, schlechte Zeiten, the show was the second daily soap for RTL, followed years later in 2006 by Alles was zählt. The show aired its 3,500th episode on 30 December 2008.",54.7343,/aD1QIba9mohAsdPHCjpWtrlumyp.jpg,1994-11-28,False,Between Us,7.8,5
False,/yGdYv9YZ4Fk9YQcj1oWnNZJOpG2.jpg,"[10751, 35, 18]",15576,['TR'],tr,Yabancı Damat,,56.7569,/ugW8lozhM22cRgnqGApUPyLtsfE.jpg,2004-11-12,False,Borders of Love,6.2,25
False,/a600KQ3DdQUQl5LewN5imbL0BaF.jpg,[18],39793,['GB'],en,Call the Midwife,"Drama following the lives of a group of midwives working in the poverty-stricken East End of London during the 1950s, based on the best-selling memoirs of Jennifer Worth.",73.1305,/b1p0nL00x563ACkcmGNIRP4ZnkA.jpg,2012-01-15,False,Call the Midwife,7.6,267
False,/hYAFCCbfhYdSdKxnlNqVadzg7dk.jpg,"[35, 10765]",4455,['US'],en,Get Smart,"Maxwell Smart, a hilariously inept and maladroit secret agent for CONTROL, battles the nefarious—though equally incompetent—KAOS.",65.1281,/AqhPucVAvnocglq5WYXbh6t9wuE.jpg,1965-09-18,False,Get Smart,7.96,448
False,/zhtEYosjlYtNavbvImxcs36We4i.jpg,"[16, 10765]",42912,['JP'],ja,イナズマイレブン,"Mamoru Endou is a cheerful goalkeeper in Raimon Jr High, with six other players in the team. But there was a day when the team was almost lead to disbandment by Natsumi unless they are able to win the match against the Teikoku Gakuen, currently the best team in Japan. He tried to save the club by gathering four more players to join the team.",63.8544,/9kQWvBMPWz1gykKLXuX6JBjC9uQ.jpg,2008-10-05,False,Inazuma Eleven,7.998,317
False,/1DeieABNUMFcPYuJnic6m1Zknwv.jpg,[18],4544,['US'],en,Strong Medicine,The lives of staff in the womens' health clinic of a fictitious hospital in Philadelphia.,66.7627,/SxrWagwCtPrlI6K50fRl81Omxk.jpg,2000-07-23,False,Strong Medicine,7.412,17
False,/aJtG4txtmiRHwAAqENQHZvBs6kY.jpg,"[18, 35]",136315,['US'],en,The Bear,"Carmy, a young fine-dining chef, comes home to Chicago to run his family sandwich shop. As he fights to transform the shop and himself, he works alongside a rough-around-the-edges crew that ultimately reveal themselves as his chosen family.",58.8804,/eKfVzzEazSIjJMrw9ADa2x8ksLz.jpg,2022-06-23,False,The Bear,8.2,1937
False,/lhg7eA6CTOCL10QNVdKiyxkgPsL.jpg,"[10759, 16, 35, 10751, 9648, 10765]",40075,['US'],en,Gravity Falls,"Twin brother and sister Dipper and Mabel Pines are in for an unexpected adventure when they spend the summer helping their great uncle Stan run a tourist trap in the mysterious town of Gravity Falls, Oregon.",60.9535,/qwi3p6PzKfQZ4YXBzv3CP5pO2dE.jpg,2012-06-15,False,Gravity Falls,8.6,3608
False,/wWXFRPABf2D0eFjYNXNM0JhmTZF.jpg,"[35, 10751]",1759,['US'],en,The Cosby Show,"The Cosby Show is an American television situation comedy starring Bill Cosby, which aired for eight seasons on NBC from September 20, 1984 until April 30, 1992. The show focuses on the Huxtable family, an upper middle-class African-American family living in Brooklyn, New York.",59.9148,/dc6sR5FWN4uX8fZENq2UTsrSg3x.jpg,1984-09-20,False,The Cosby Show,6.983,515
False,/1D9UrX1kv9woJdOOuzIbxYxE6JJ.jpg,"[35, 10762, 16]",2235,['US'],en,Goof Troop,"Goofy is a single father raising his son, Max in Spoonerville. As it happens, Goofy and Max end up moving in next door to Goofy's high school friend Pete and his family. Pete's son PJ and Max become best friends practically doing everything together.",50.8111,/vfUUKRmfKkxo7TOEOjWZ1xRHOH.jpg,1992-09-05,False,Goof Troop,6.734,175
False,/oF8PNdntjZ7DUrAvnhNPPNRi0q6.jpg,"[16, 10759, 35, 10765]",45950,['JP'],ja,ハイスクールD×D,"Issei Hyodo is your average perverted high school student whose one wish in life is to have his own harem, but he's got to be one of the unluckiest guys around. He goes on his first date with a girl only to get brutally attacked and killed when it turns out the girl is really a vicious fallen angel. To top it all off, he's later reincarnated as a devil by his gorgeous senpai who tells him that she is also a devil and now his master! One thing's for sure, his peaceful days are over. In a battle between devils and angels, who will win?",60.1177,/5a9vaaLDAZTYjgfWIw7ZYhL1m1A.jpg,2012-01-06,False,High School DxD,8.5,2069
False,/gnK2nptRXra4RnKgGqAWFSqP5aG.jpg,"[10759, 16, 35, 10762, 10751]",607,['US'],en,The Powerpuff Girls,"A series about Blossom, Bubbles, and Buttercup, three kindergarten-aged girls with superpowers, as well as their ""father"", the brainy scientist Professor Utonium, who all live in the fictional city of Townsville, USA. The girls are frequently called upon by the town's childlike and naive mayor to help fight nearby criminals using their powers.",57.3634,/468mmhMd21pY4Yx0S0woqeEcxtL.jpg,1998-11-18,False,The Powerpuff Girls,7.519,1031
False,Tidak tersedia,[10762],40628,['DE'],de,Ralphi,Ralphi – Der Schlaubär aus der Augsburger Puppenkiste is a German television series.,53.5593,Tidak tersedia,2005-03-27,False,Ralphi,0.0,0
False,/aI7FDsSnhUtD8Qnzak1L86QjQhB.jpg,"[10764, 10767]",201900,['TW'],zh,小姐不熙娣,,53.4833,/hEi1zZmS0Bgm8j2X7j8Rvv2yfHJ.jpg,2022-02-14,False,Dee Girls Talk,7.667,3
False,/rFJUwDiZeSDWUR04nb3w62RqXK9.jpg,"[10765, 35, 10751, 18]",4482,['US'],en,Bewitched,"Samantha Stephens is a seemingly normal suburban housewife who also happens to be a genuine witch, with all the requisite magical powers. Her husband Darrin insists that Samantha keep her witchcraft under wraps, but situations invariably require her to indulge her powers while keeping her bothersome mother Endora at bay.",65.2467,/7UZVO1SclbgVWM2ELrwWGaS7i94.jpg,1964-09-17,False,Bewitched,7.848,765
False,/3yoTM5JtkxnPZvVzQOrL0c2ILVM.jpg,"[10759, 10768]",232018,['FR'],fr,Has Fallen,A protection officer and an MI6 operative team up after a terrorist attack. They suspect a mole as they race to thwart a larger conspiracy threatening Paris.,59.3027,/eyK6fy2NWfjmyBjUvRAR14FynPK.jpg,2024-09-23,False,Has Fallen,7.0,123
False,/axanatjrKAXS34wMOBtwYjXTbAb.jpg,"[10759, 35, 80]",4397,"['US', 'DE']",en,V.I.P.,"While attending a Hollywood premiere with a famous action star, a crazed fan pulls a gun—but her movie hunk turns into a coward, and it's Vallery who becomes the hero. Suddenly, she's thrown into a world of action and danger as owner of a Hollywood protection agency, Vallery Irons Protection (V.I.P.), taking risks to protect others at a price few are willing to pay.",58.5071,/2pHBPVGn2DpYEAHBdT62nc0untt.jpg,1998-09-26,False,V.I.P.,5.343,70
False,/cFCDlwg7zUSn4V5C9blmnHmQTgm.jpg,"[10759, 35, 18]",1404,['US'],en,Chuck,"When Buy More computer geek Chuck Bartowski unwittingly downloads a database of government information and deadly fighting skills into his head, he becomes the CIA's most vital secret. This sets Chuck on a path to become a full-fledged spy.",62.8544,/vEZvGVVMjk1TRs59nfypTI5lAXj.jpg,2007-09-24,False,Chuck,7.704,1255
False,/vV5LKWmuysEe5wsuZJGbdiL5XJ2.jpg,"[10759, 18, 10765]",194583,['US'],en,The Walking Dead: Dead City,"Maggie and Negan travel to post-apocalyptic Manhattan - long ago cut off from the mainland. The crumbling city is filled with the dead and denizens who have made it a world full of anarchy, danger, beauty, and terror.",58.5342,/wq3vuQzQgbS83zX3malAFWMsSwX.jpg,2023-06-18,False,The Walking Dead: Dead City,7.901,803
False,/kN5kSlWEHFaVKsM8sbeigF0TpHv.jpg,[99],215920,['US'],en,Oddity Archive,"The Oddity Archive is a web series that revolves around the ""cultural dustbin"", especially as it pertains to media. The Archive also functions as an actual archive of sorts, with a modest collection of off-air Betamax and VHS recordings (about 400 total as of June, 2014). There's also a decent collection of ephemeral video, ""ripoff"" and ""drugstore"" LP's/cassettes/8-tracks, as well as (working) obsolete technology.",51.4258,/xR3vmpzfzyhiEwaTO2BwUfeHY4a.jpg,2012-07-05,False,Oddity Archive,8.0,1
False,/8TThBwlIZnzCFkj21rv5Nv2lTNG.jpg,"[16, 10762, 35, 10751]",82,['US'],en,Animaniacs,"The two Warner Brothers Yakko and Wakko and their Warner sister Dot had been (supposedly) created in the 1930's, but their cartoons were too screwy for the general public to handle. The three Warners were locked up in the studio water tower until they escaped in the 90's. There, they run wild, causing chaos everywhere!",60.0129,/c1b2UtrhbMOdHKISB2ZvINo9eyc.jpg,1993-09-13,False,Animaniacs,8.007,789
False,/Am2ZRSkoOQd00kmhUF7QtOFbLWQ.jpg,"[18, 80]",3828,['US'],en,Hill Street Blues,A realistic glimpse into the daily lives of the officers and detectives at an urban police station.,62.6671,/elvCmYxmwVzv2va3rLKponOJOfm.jpg,1981-01-15,False,Hill Street Blues,7.6,129
False,/4aSGUc5MuWAWrzpWRhJjwyuDQPn.jpg,[],299690,['FR'],fr,Le 20H,,50.5372,/8nC9IQaq0Dlhz0Fugs43DMdpJzf.jpg,1975-01-06,False,Le 20H,10.0,1
False,/rNnyng9ibodrXozaRf8Tk03Wxu3.jpg,[18],97072,['IN'],hi,Charmsukh,"Charmsukh is an erotic, drama web-series streamed on ULLU network with each episode having unique storyline.",59.515,/6Kt9zIsrtqs1x1XyNFxOeEjlkKB.jpg,2019-11-22,False,Charmsukh,7.0,3
False,/9zcbqSxdsRMZWHYtyCd1nXPr2xq.jpg,"[10765, 10759]",82856,['US'],en,The Mandalorian,"After the fall of the Galactic Empire, lawlessness has spread throughout the galaxy. A lone gunfighter makes his way through the outer reaches, earning his keep as a bounty hunter.",59.9086,/sWgBv7LV2PRoQgkxwlibdGXKz1S.jpg,2019-11-12,False,The Mandalorian,8.402,11253
False,/nz6vpYyN1pEwBYeoAVIu2316d0z.jpg,[18],69158,['US'],en,The Good Fight,"Picking up one year after the events of the final broadcast episode of ""The Good Wife"", an enormous financial scam has destroyed the reputation of a young lawyer, Maia Rindell, while simultaneously wiping out her mentor and godmother Diane Lockhart's savings. Forced out of her law firm, now called ""Lockhart, Deckler, Gussman, Lee, Lyman, Gilbert, Lurie, Kagan, Tannebaum & Associates"", they join Lucca Quinn at one of Chicago's preeminent law firms.",62.8082,/8qoOHOfbUbrCcHZnDVxGcwOWinV.jpg,2017-02-19,False,The Good Fight,7.554,353
False,/htD5SJpPOvkmAowU80KrWnN59WO.jpg,"[16, 35, 10765, 10759]",119495,['JP'],ja,陰の実力者になりたくて！,"Shadowbrokers are those who go unnoticed, posing as unremarkable people, when in truth, they control everything from behind the scenes. Sid wants to be someone just like that more than anything, and something as insignificant as boring reality isn’t going to get in his way! He trains in secret every single night, preparing for his eventual rise to power—only to be denied his destiny by a run-of-the-mill (yet deadly) traffic accident. But when he wakes up in a another world and suddenly finds himself at the head of an actual secret organization doing battle with evil in the shadows, he’ll finally get a chance to act out all of his delusional fantasies!",57.6069,/7JKYmtLydAwo9ZsEmAknZiO4U8g.jpg,2022-10-05,False,The Eminence in Shadow,8.078,332
False,/4P2gbaCGdZyP4i95TmmA6nS9HJh.jpg,[10764],64356,['KR'],ko,슈퍼맨이 돌아왔다,"An up-close look at celebrity dads who have to take care of their kids for the next 48 hours without any help. Will it be a dad-tastrophe, or can they finish their wives' to-do lists while having fun with their kids?",63.5755,/qjBx2RCnyyBPgu9qBV7j3UiXjeo.jpg,2013-11-03,False,The Return of Superman,7.7,16
False,/cKsmzu5YpayNxc6Gs9KD8wyJV8M.jpg,"[18, 10749]",2942,['US'],en,The Tudors,"The Tudors is a history-based drama series following the young, vibrant King Henry VIII, a competitive and lustful monarch who navigates the intrigues of the English court and the human heart with equal vigor and justifiable suspicion.",57.67,/7pdeNK1CUqj1yuG9VMDeynnq9xK.jpg,2007-04-01,False,The Tudors,7.819,861
False,/tWdNZ3xuFBhJ2ZoQ9vShNGHTb85.jpg,"[16, 35, 10751, 10762]",82728,['AU'],en,Bluey,"Bluey is an inexhaustible six year-old Blue Heeler dog, who loves to play and turns everyday family life into extraordinary adventures, developing her imagination as well as her mental, physical and emotional resilience.",59.0798,/9p4pNoGcuyCfHcGWKNrTopqMWtq.jpg,2018-10-01,False,Bluey,8.6,745
False,/kxHkP4YnRIWEcW08CpCRqnxiMSH.jpg,"[16, 35, 10751]",102321,['US'],en,Looney Tunes Cartoons,"A series of short form cartoons starring the iconic and beloved Looney Tunes characters. Bugs Bunny, Daffy Duck, Porky Pig and other marquee Looney Tunes characters are featured in their classic pairings in simple, gag-driven and visually vibrant stories.",59.7193,/2pDQfZMJq95hckoaez9ou93Hmqy.jpg,2020-05-27,False,Looney Tunes Cartoons,7.799,284
False,/jHn97wWrdq9KEPSAxnFilYClb40.jpg,[35],50214,['RO'],ro,La bloc,,57.2895,/qzR5bN2HP3chve5QxoOpfUVCrrC.jpg,2002-04-01,False,La bloc,6.8,11
False,/sRXjqCRIln6LqMYzRPcoMYgrID9.jpg,[10767],24270,['DE'],de,maybrit illner,Political talk show on current topics presented by Maybrit Illner.,59.1546,/iwdH2ZJbiqEX1cPdU7eJYCFkNMX.jpg,1999-10-21,False,maybrit illner,9.0,2
False,/jnwRlthXIgJB75Mt9GEl93Dczki.jpg,"[16, 18, 10765]",61374,['JP'],ja,東京喰種トーキョーグール,"Ken Kaneki, a bookworm college student, meets Rize, a girl his own age with whom he shares many interests.",56.8005,/1m4RlC9BTCbyY549TOdVQ5NRPcR.jpg,2014-07-04,False,Tokyo Ghoul,8.253,2598
False,/eEOx2lpnWm4lVF5jfqtKsWlyuJX.jpg,"[18, 80]",87940,['CA'],en,Hudson & Rex,"Detective Charlie Hudson teams up with what he calls his ""highly trained law enforcement animal"" German Shepherd dog named Rex who he prefers to team up with because he doesn't talk his ear off.

Based on the Austrian–Italian series, Kommissar Rex.",62.8581,/l5N985pVvDC41QwEprORSoGz3Q5.jpg,2019-02-25,False,Hudson & Rex,8.4,125
False,/c1CBVe8UzltKScrjnM3aBFd8SA1.jpg,"[16, 10759, 35, 10762]",79061,['US'],en,Craig of the Creek,"Craig and his two friends, Kelsey and JP, embark on adventures in the untamed wilderness of the Creek, a place where children can run wild and free. The group of friends solve mysteries, fulfil quests and compete in battles against the other kids.",58.8756,/u4LaONJSBi0khRe2L8nqBk81dlc.jpg,2018-03-30,False,Craig of the Creek,8.142,268
False,/lDVOl7wTFUIqwlSrWsGjBCHt3fQ.jpg,"[16, 10765, 10759]",101172,['CN'],zh,吞噬星空,"On the Earth, a catastrophe triggered the variation of all kinds of species. The superior survived and the inferior were extinct. Under this circumstance, Luo Feng inherited from the owner of Yunmo Star and became one of the three strongest people on the Earth. He lost his flesh during the fight against giant swallowed monster but then he took the flesh of the monster. In the flesh, he developed a human body. Later, he stepped out of the Earth and headed to the universe.",56.0144,/dShQsQFLSivwCIRjC7crsnznPXY.jpg,2020-11-29,False,Swallowed Star,8.511,45
False,/3MmRal3Uw3O0TVMvhfM63Z3mPz3.jpg,"[35, 10765]",126027,['US'],en,Ghosts,"Samantha and Jay throw caution to the wind when they convert their recently inherited country estate into a bed-and-breakfast. Call it mislaid plans. Not only is the place falling apart, but it’s also inhabited by spirits of previous residents -- whom only Samantha can see and hear.",58.6823,/8yBQYa6AdvMY5H9CiAv0HkvF3UE.jpg,2021-10-07,False,Ghosts,8.1,475
False,/e2hpVdY2WVJDz3y0nEHszhtR24q.jpg,[18],300388,['TR'],tr,Güller ve Günahlar,"As a boy, Serhat lost both his father and fortune but built an empire on family and integrity. His world shatters when his wife Berrak hides a devastating secret and falls into a coma. While searching for answers, his heart hardens—until he meets Zeynep, a passionate florist chasing the same truth, igniting a journey of trust, passion, and redemption.",54.5883,/ksEsR8aSPahJ0kvLS0nUBqwpEFa.jpg,2025-10-11,False,Sins and Roses,8.3,10
False,/eJOy7YWAHgOS3V477sdTsq4v9jp.jpg,"[10759, 16, 10765, 35]",82684,['JP'],ja,転生したらスライムだった件,"Corporate worker Mikami Satoru is stabbed by a random killer, and is reborn to an alternate world. But he turns out to be reborn a slime! Thrown into this new world with the name Rimuru, he begins his quest to create a world that’s welcoming to all races.",60.0427,/pzujcdPAoH361NObVrtbA7zACE7.jpg,2018-10-02,False,That Time I Got Reincarnated as a Slime,8.4,982
False,/4AnH3QjLqEsryQlXOM42iS88qFT.jpg,[35],48323,['TR'],tr,Tatlı Kaçıklar,,49.3681,/8OPD12MMcudyOnCR6oXRumKwFVb.jpg,1996-11-06,False,Tatlı Kaçıklar,6.357,14
False,/heotfhl53QuJw3YGfNFLhsfZs27.jpg,[18],30,['US'],en,St. Elsewhere,"St. Elsewhere is an American medical drama television series that originally ran on NBC from October 26, 1982 to May 25, 1988. The series starred Ed Flanders, Norman Lloyd and William Daniels as teaching doctors at a lightly-regarded Boston hospital who gave interns a promising future in making critical medical and life decisions.",63.2207,/mEfcA56iisaOfnK8FsY1sSE2wLu.jpg,1982-10-26,False,St. Elsewhere,5.672,93
False,/6gkfJAOkEDXEsVAIegim1aW6ulo.jpg,[35],66262,['RU'],ru,Stand Up,The new humorous show in the genre of stand-up. Here people talk about their problems. Thank God we have them!,68.4178,/gF83fV90UilloL2pvIypzNhVk2j.jpg,2013-09-22,False,Stand Up,6.0,3
False,/wq5ZykCAFrboIpz36O8pbrJG2dF.jpg,[16],60761,['JP'],ja,ダイヤのA,"Scouted for his potential, brash left-handed pitcher Eijun Sawamura joins baseball powerhouse Seido High to become the undisputed ace of the team.",62.4964,/wh9dA4w0iUMVpY7htFSiLDhLTYJ.jpg,2013-10-06,False,Ace of the Diamond,7.9,76
False,/gf3eAemoiFnZ6Tb9HEDBxr1lliI.jpg,[10767],33847,['US'],en,The Talk,"A panel of well-known news and entertainment personalities discussing current events, pop culture, contemporary issues, family, celebrity and the trending topics of the day.",65.0611,/7sizkzLu7RNowjfojv6eUn2tAzA.jpg,2010-10-18,False,The Talk,3.036,14
False,/8bV8f6HBNyENObv6qRGT7j2EmX9.jpg,"[18, 35]",314939,['KR'],ko,너 말고 다른 연애,"A realistic, emotionally resonant romance about a couple in their tenth year together whose comfortable relationship is tested by unexpected feelings.",46.7439,/iKgdhgBPi1cCRRqsUgaxUDRuFP6.jpg,2026-09-12,False,A Love Other Than Yours,8.0,1
False,/9czVEnJemvP6gcJlMEjUeuISL1c.jpg,"[10759, 80, 18]",67178,['US'],en,Marvel's The Punisher,A former Marine out to punish the criminals responsible for his family's murder finds himself ensnared in a military conspiracy.,58.893,/tM6xqRKXoloH9UchaJEyyRE9O1w.jpg,2017-11-17,False,Marvel's The Punisher,8.166,3356
False,/tFAYW86LlHhtZjFCiRTL2YBXLsE.jpg,"[10767, 35]",211176,['TR'],tr,Çimen Show,Interactive talk show hosted by Cem İşçiler and Fazlı Polat.,52.2201,/al6P8dCkFJ1hbYP0vDHU8oJ6x7N.jpg,2020-10-20,False,Çimen Show,9.1,4
False,/hq9HQJEByWvIS3OPX55Cxb7hsUt.jpg,"[10751, 16, 35]",1996,['US'],en,The Flintstones,"The misadventures of two modern-day Stone Age families, the Flintstones and the Rubbles.",59.2493,/30P6ifagQ3fguTsI33KMmDLTAx6.jpg,1960-09-30,False,The Flintstones,7.441,1023
False,/iq7kBdJfpbyt9hMZUaF6B0osr3v.jpg,"[10759, 80, 18]",4297,"['CA', 'US']",en,The Equalizer,"Robert McCall is a former agent of a secret government agency who is now running his own private crime fighting operation where he fashions himself as ""The Equalizer."" It is a service for victims of the system who have exhausted all possible means of seeking justice and have nowhere to go. McCall promises to even out the odds for them.",59.9222,/7nrKPxGJWYe5cacNN9AV9bVplNZ.jpg,1985-09-18,False,The Equalizer,7.145,69
False,/qV98q6BLTHWBVjVZQdwUkQhzD9y.jpg,[],244984,['KR'],ko,아이돌 라디오,A South Korean radio show created by MBC Radio specially for idols.,60.0444,/k4lmwjHqJBtLRhSn51wIWNTtEQd.jpg,2018-07-23,False,Idol Radio,0.0,0
False,/zgDwmwSjBnQDLd3S0KwhzUiYFVn.jpg,[10751],11694,['AU'],en,Sale of the Century,"$ale of the Century was an Australian game show that aired on the Nine Network from 14 July 1980 – 29 November 2001. Tony Barber hosted a game show with essentially the same format under the title Temptation from 1970 to 1976, and was also the initial host of Sale for over a decade before being replaced by Glenn Ridge in 1991. Hostesses over the years have included Victoria Nicholls, Delvene Delaney, Alyce Platt, Jo Bailey, Nicky Buckley and Karina Brown. Pete Smith was Sale's announcer for the majority of its run. Ron Neate was announcer for only the first ten episodes in 1980 before Smith took over.

From 30 May 2005 – 23 January 2009, the series was revived under its original Australian title, Temptation.

The Sale of the Century format has been used internationally.",54.7565,/lN60OogUKs06REoxDZSQ0npDFKC.jpg,1980-07-14,False,Sale of the Century,4.8,5
False,/5xABToqBpOaKgrYRRX77jt8HXjN.jpg,[10767],73369,['CA'],fr,Les échangistes,"Host Penelope McQuade welcomes three celebrities each evening, along with two different swapping contributors who will intervene, make critical comments and spice up the conversations!",46.8088,/1xiWskAbqimvHzTsTYp0h6oXzL9.jpg,2016-04-04,False,Les échangistes,0.0,0
False,/sih377ne4tNY0MLSvNuHBfxeVKg.jpg,[10764],112732,['CN'],zh,哈哈哈哈哈,Road-type outdoor reality show. The five-kazakhstan tour group takes time out of the busy and trivial daily life to embark on a journey from east to west across China.,51.2991,/wynP4QFfZNYHW0ETAbKVY9UjSbF.jpg,2020-11-06,False,HaHaHaHaHa,7.444,9
False,/qx2d9ePiF6tXn7YBjFA4NpOXBxf.jpg,"[16, 18]",92892,['JP'],ja,あひるの空,"Sora joins the high school basketball club, but his unmotivated teammates don't care about the game. To get anywhere, he has to change their minds.",57.4082,/jAVcBnYvxEHY5CR0lDnaPkjNTX3.jpg,2019-10-01,False,Ahiru no Sora,8.434,189
False,/asDINJT3b7tEa76uWI1rZ5TWdJF.jpg,[35],125935,['US'],en,Abbott Elementary,"In this workplace comedy, a group of dedicated, passionate teachers — and a slightly tone-deaf principal — are brought together in a Philadelphia public school where, despite the odds stacked against them, they are determined to help their students succeed in life. Though these incredible public servants may be outnumbered and underfunded, they love what they do — even if they don’t love the school district’s less-than-stellar attitude toward educating children.",60.146,/nBe1e3JJEZ6veGrVXNF0fRoLu56.jpg,2021-12-07,False,Abbott Elementary,7.499,334
False,/ePMIf2Ba8oeyz9z9GpoyWFfbNaZ.jpg,[18],5021,['US'],en,The Waltons,The Waltons live their life in a rural Virginia community during the Great Depression and World War II.,62.8716,/51HX9eNn5ZPjRIngDvnk4KzFb1a.jpg,1972-09-14,False,The Waltons,7.118,106
False,/v2moumGovVAmDASYkjakIl2WrOM.jpg,"[18, 10759]",67133,['US'],en,MacGyver,20-something Angus MacGyver creates a clandestine organization where he uses his knack for solving problems in unconventional ways to help prevent disasters from happening.,60.5748,/2zAogx9dmSAu2HYxbWzHe4ZaNY5.jpg,2016-09-23,False,MacGyver,7.289,983
False,/51eUZbANuBk9KBA4V3PALGEGs2k.jpg,[18],316241,['TH'],th,Pls Love รักได้ไหม,"Cold and seemingly-perfect business heiress Peem reunites with Parn, a woman she once shared a fleeting seaside romance with–now working as a hostess at a luxury club in Bangkok. Determined to keep her close, Peem hires her as a personal assistant, forcing them to confront unresolved feelings, pride, and painful misunderstandings. As secrets and class differences threaten to pull them apart, both women must decide if they are brave enough to trust and love each other without judgement.",54.2026,/4wCj3cqVJUi2lmNVe05YaPj5ys8.jpg,2026-09-11,False,Pls Love,9.667,3
False,/bLcF9mcinphgFlXEfk7RkCSfqCv.jpg,[18],260249,"['MX', 'US']",es,El juicio,"A teenager and her father struggle for justice after she is sexually assaulted by the scion of a successful businessman. Not only will the father and daughter have to navigate a failed judicial system, but they must also contend with a wealthy adversary bent on using all his power to protect his son.",52.9333,/3k5HpocqX4grgmqCecT2OdYMyT0.jpg,2026-09-11,False,The Trial,9.268,41
False,/jBFOVEE5sMIyT141YIqIwyU8Y1D.jpg,"[18, 80]",116799,['US'],en,The Lincoln Lawyer,Hotshot LA defense attorney Mickey Haller will do whatever it takes to win as he navigates the criminal justice system from his trademark Lincoln.,59.4565,/4jSaIqEU8CPBBNn4iVCK6wzPjSx.jpg,2022-05-13,False,The Lincoln Lawyer,7.7,565
False,/Ao5XqVJj74hYWnnEG98MvRLBHdY.jpg,"[10766, 18]",3769,['US'],en,Dynasty,"The saga of a wealthy Denver family in the oil business: Blake Carrington, the patriarch; Krystle, his former secretary and wife; his children: Adam, lost in childhood after a kidnapping; Fallon, pampered and spoiled; Steven, openly gay; and Amanda, hidden from him by his ex-wife, the conniving Alexis. Most of the show features the conflict between 2 large corporations, Blake's Denver Carrington and Alexis' ColbyCo.",57.9774,/wxKEdlB4Zuq2THGqKYLnGKU37g9.jpg,1981-01-12,False,Dynasty,6.504,135
False,/2sAQs9nIhLXcJU7rz8Vq19j8rO0.jpg,[18],82428,['US'],en,All American,"When a rising high school football player from South Central L.A. is recruited to play for Beverly Hills High, the wins, losses and struggles of two families from vastly different worlds - Compton and Beverly Hills - begin to collide. Inspired by the life of pro football player Spencer Paysinger.",59.6375,/c8FTtjQcQfqSI0McmVc1OOOf7Z7.jpg,2018-10-10,False,All American,8.1,497
False,/m291MEBjhuRqb0nh9ojnm9gzScq.jpg,"[18, 10759, 80]",202555,['US'],en,Daredevil: Born Again,"Matt Murdock, a blind lawyer with heightened abilities, is fighting for justice through his bustling law firm, while former mob boss Wilson Fisk pursues his own political endeavors in New York. When their past identities begin to emerge, both men find themselves on an inevitable collision course.",64.3589,/xDUoAsU8lQHOOoRkFiBuarmACDN.jpg,2025-03-04,False,Daredevil: Born Again,8.166,1111
False,/lZbSA0xExNp6XabNa5Hqwab9th5.jpg,"[35, 10767]",93660,['US'],en,A Little Late with Lilly Singh,"The comedian, actress, social media sensation, producer and author of ""How to Be a Bawse: A Guide to Conquering Life,"" Lilly Singh brings her unique perspective to late night as she hosts celebrity interviews, talks current events, performs musical and sketch comedy, plays games, and more.",54.0302,/1o8OOaHP4JTKCSDDgsBrkRZVA1O.jpg,2019-09-16,False,A Little Late with Lilly Singh,3.366,41
False,/7z1QYCB1cu06u3oJwIupRlZ8SrX.jpg,"[37, 10759, 18]",10980,['US'],en,"Have Gun, Will Travel","Have Gun – Will Travel is an American Western television series that aired on CBS from 1957 through 1963. It was rated number three or number four in the Nielsen ratings every year of its first four seasons. It was one of the few television shows to spawn a successful radio version. The radio series debuted November 23, 1958.

The television show is presently shown on the Encore-Western channel.

Have Gun – Will Travel was created by Sam Rolfe and Herb Meadow and produced by Frank Pierson, Don Ingalls, Robert Sparks, and Julian Claman. There were 225 episodes of the TV series, 24 written by Gene Roddenberry. Other contributors included Bruce Geller, Harry Julian Fink, Don Brinkley and Irving Wallace. Andrew McLaglen directed 101 episodes and 19 were directed by series star Richard Boone.",59.7572,/6aJRq7FGs2axLOdZNJ2G4IOQtMx.jpg,1957-09-14,False,"Have Gun, Will Travel",7.33,44
False,/5jmvqIDEecXaHFII3NRSuKfkQyx.jpg,"[10759, 35, 10767]",72974,['JP'],ja,ダウンタウンのガキの使いやあらへんで！,"A Japanese variety show hosted by popular Japanese owarai duo, Downtown, with comedian Hōsei Tsukitei (formerly known as Hōsei Yamasaki) and owarai duo Cocorico co-hosting.",54.1284,/59IPwylg1xLeYigjH9bDauN7MCq.jpg,1989-10-03,False,Downtown no Gaki no Tsukai ya Arahende!!,0.0,0
False,/tEm6hydl6wJ13gfrasriMug96SS.jpg,[18],4266,['US'],en,Party of Five,Five brothers and sisters are determined to stay together following the tragic loss of their parents.,59.8097,/5LZgFeMynMeeKX8Bn9s1RWe9n9S.jpg,1994-09-12,False,Party of Five,7.011,138
False,/vIeMoVqSqhEr2AaG9feqKBjeb8z.jpg,"[35, 10751]",2685,['US'],en,Family Matters,"A long-running dramedy centering on the Winslow family, a middle-class African American family living in Chicago, and their pesky next-door neighbor, ultra-nerd Steve Urkel. A spin-off of Perfect Strangers.",59.4552,/tT7C8BLZSNQJnjNCz9ZLohIHJAz.jpg,1989-09-22,False,Family Matters,6.755,373
False,/s9Ulu17lLYu7ubaWJbkDvZN2A3l.jpg,[10767],296126,['NL'],nl,RTL Tonight,"In RTL Vanavond's new talk show, presenters Renze Klamer, Beau van Erven Dorens, and Humberto Tan are joined by a whole squad of well-known divers. And there are some notable names among them.",56.5581,/m56sR1upTuxs3UZJU7vbku1cSAc.jpg,2025-08-31,False,RTL Tonight,7.0,1
False,/4pNHwINB5yGbVoZk5Ck0iPApctZ.jpg,"[18, 80]",1059,['US'],en,T. J. Hooker,"Sergeant Thomas Jefferson Hooker is a tough-as-nails veteran police officer with the LCPD who turns his back on a gold badge and goes back to patrolling the streets and training recruits. Along with his young partners in blue, Hooker take on Lake City's toughest criminals.",57.926,/zcHUwD20mqMD4g8LKdpKD12QRhE.jpg,1982-03-13,False,T. J. Hooker,6.536,98
False,/h7WvQD5ZXjR6yfsA2AvjsLELju7.jpg,[10764],219934,['CN'],zh,种地吧,"A labor documentary interactive reality show that selects 10 young individuals to form the 'Farming Squad,' which will authentically document their entire process of operating a farm on 142.8 acres of land over 190 days. This includes sowing, irrigating, fertilizing, and harvesting, as well as live-streaming their sales to establish a self-sustaining farmers' market.",52.0164,/vl5WKVXgL1tQs9D9wGE2ido6dwW.jpg,2023-02-04,False,Become a Farmer,8.25,4
False,/aXwtwGjS7QjwY9HRPb1gH5stxvs.jpg,"[10759, 80, 18, 9648]",4333,['GB'],en,The Saint,"Simon Templar is The Saint, a handsome, sophisticated, debonair, modern-day Robin Hood who recovers ill-gotten wealth and redistributes it to those in need.",60.1639,/zwNVpAJkE4Gu1jv922IH7GOQlen.jpg,1962-10-04,False,The Saint,7.4,136
False,/dLaVpZGAcDdEOlxdAeutCrf4P16.jpg,"[18, 10766]",48390,['VE'],es,Engañada,Engañada is a 2003 telenovela produced by Venevisión. It starred Verónica Schneider and Jorge Aravena as the main protagonists with Desideria De Caro as the main antagonist. The telenovela also aired on Univision in 2003. The exterior shots of the countryside were filmed in at the Parque de la Flora Exótica de Yaracuy and Hacienda de Santa Teresa de Aragua in Venezuela.,54.3692,/5YyO8RodQDTx7EJqnXMARk88GSr.jpg,2003-04-29,False,Engañada,10.0,1
False,/btUwsz9ttVBVyqtEyZvFBQFyJgv.jpg,"[35, 10751]",4313,['US'],en,Full House,"After the death of his wife, Danny enlists his best friend and his brother-in-law to help raise his three daughters, D.J., Stephanie, and Michelle.",56.9228,/7g0EyKsIaYjYw3gCIBKMHHE0Kcu.jpg,1987-09-22,False,Full House,7.541,1174
False,Tidak tersedia,[10767],80515,['US'],en,The Reichen Show,A list of celebrity interviews and sensational topics.,57.4446,Tidak tersedia,2005-11-11,False,The Reichen Show,4.8,5
False,/jB66SWgijY4bU8J4msxj768U9Qe.jpg,[10764],3626,['US'],en,American Idol,"Each year, hopeful singers from all over the country audition to be part of one of the biggest shows in American television history. Who will become the new American Idol?",62.459,/iIlKBCqv5YkjQIWj7hYcFndxoLp.jpg,2002-06-11,False,American Idol,4.981,182
False,/qwoFxyMtArLpZZzG3mmRDEjGgCM.jpg,"[18, 10766]",239526,['ES'],es,Sueños de libertad,Begoña Montes is a woman who lives trapped in a toxic marriage and seeks the long-awaited freedom in Spain in 1958.,56.6804,/ohItaiKnas60gxQrfQCrCToWmGW.jpg,2024-02-25,False,Dreams of Freedom,6.1,16
False,/1iAc3ML51uNe16jlxTQV84mLHG2.jpg,[10766],40879,['DE'],de,Dahoam is Dahoam,The lives of the residents of the fictitious village of Lansing in Upper Bavaria.,55.8126,/tGXZEUgSbgufoOpXMImSKPDd5A3.jpg,2007-10-08,False,Dahoam is Dahoam,4.75,6
False,/z04L1YRsQ1x7H4tN2BqIKD0Ker0.jpg,[10764],88580,['CN'],zh,王牌对王牌,,52.5892,/dJLq9SHSJ04sVghgStXR1ypGHDA.jpg,2016-01-29,False,Trump Card,6.333,6
False,/k4pL7iYZh6piaEAEDKppMH0i44W.jpg,[35],2455,['US'],en,Coach,"Hayden Fox, the curmudgeonly coach of Minnesota State University's Screaming Eagles football team, tries to navigate his way through the sports world, fatherhood and family life without dropping the ball.",56.9924,/jxfsNMQxlgsoUoLOTF4CB6s5gxO.jpg,1989-02-28,False,Coach,6.687,67
False,/8N6Yy9VeI7mNbh483wKNZnhsKE4.jpg,"[16, 10759, 10762, 10751]",14511,['US'],en,WordGirl,"Disguised as mild-mannered fifth-grader Becky Botsford, WordGirl arrived on Earth when she and her monkey sidekick Captain Huggy Face crashed their spaceship. Now they fight crime and defend the town from a plethora of madcap villains and scoundrels, while at the same time enriching viewers' vocabulary usage.",54.4143,/vDxyfOf1lHfETsol3uhrjf9tLfg.jpg,2007-09-07,False,WordGirl,6.7,19
False,/4WWlz8co7RbVBuCny2CicYuWJ8y.jpg,[35],63809,['IT'],it,Camera Café,The adventures and mis-adventures of a group of co-workers are shown by a camera on top of the coffee-machine in the relax area.,55.468,/vmdCodGh2nUPRDBQbIVsxGaIMyK.jpg,2003-10-06,False,Camera Café,6.897,63
False,/yqKI437ohJAF9EQYkPYH0PTBDEt.jpg,"[16, 35, 10765]",4229,['US'],en,Dexter's Laboratory,"Dexter, a boy-genius with a secret laboratory, constantly battles his sister Dee Dee, who always gains access despite his best efforts to keep her out, as well as his arch-rival and neighbor, Mandark.",58.4407,/inJJn8lUPWdvdy2h259UnoHWVqC.jpg,1996-04-28,False,Dexter's Laboratory,7.658,918
False,/lswRmm6czR4QTnwXRtacMfyxgJ0.jpg,"[10759, 18, 10764]",46707,['US'],en,WWE Main Event,WWE Main Event is a professional wrestling television program produced by WWE that airs on Peacock and streams on Hulu Plus in the United States. The show features WWE wrestlers and complements WWE's primary programs Raw and SmackDown.,58.7321,/yVZdqmVMI09F7GzFvDJCc36oBkT.jpg,2012-10-03,False,WWE Main Event,7.9,59
False,/kitfuCa2TqX6oY5HvdFRjMMaLwc.jpg,[10764],2370,['US'],en,Hell's Kitchen,Aspiring restaurateurs brave Ramsay and his fiery command of the kitchen as he puts the competitors through an intense culinary academy to prove they possess the right combination of ingredients to win a life-changing grand prize.,60.5857,/shOVFku8daIGRpgjTdMZBxUAvsV.jpg,2005-05-30,False,Hell's Kitchen,6.846,338
False,/gklrevVndG98GHGDwfm8y8kxESo.jpg,"[10759, 18, 9648]",129552,['US'],en,The Night Agent,"Brought together by a midnight phone call, an FBI agent and a cybersecurity expert must unravel an ever-growing web of political conspiracies.",55.9475,/4c5yUNcaff4W4aPrkXE6zr7papX.jpg,2023-03-23,False,The Night Agent,7.7,1269
False,/s4jP2FlmBlFn3BgQJ0tWACl4bZN.jpg,[10763],651,['US'],en,60 Minutes,America's popular television News magazine in which an ever changing team of CBS News correspondents contribute segments ranging from hard news coverage to politics to lifestyle and pop culture.,60.3591,/vDlT8YU1pF8z37RfNaCOyJ5uO7l.jpg,1968-09-24,False,60 Minutes,6.5,85
False,/Anedep7H7KwaakxhLc1TA6GfWHb.jpg,[35],44857,['US'],en,The Mindy Project,"Obstetrician/gynecologist Mindy Lahiri tries to balance her personal and professional life, surrounded by quirky co-workers in a small medical practice in New York City.",58.0972,/A3txgCPox6hJlOZ0TDTOxch7rVa.jpg,2012-09-25,False,The Mindy Project,6.276,192
False,/5hS2OIuZSKGkR8R5l3bY5zh04Ce.jpg,"[16, 10765, 10759, 18]",31724,['JP'],ja,コードギアス 反逆のルルーシュ,"Japan has been invaded and conquered by the Britannian Empire. Japan is now known as Area 11 and its citizens known as Elevens. The Britannian Empire takes away Japan's autonomous power and imposes its rule through the use of Knightmares. The Empire's rule has never faltered, but cracks have begun to show...",54.8859,/x316WCogkeIwNY4JR8zTCHbI2nQ.jpg,2006-10-05,False,Code Geass: Lelouch of the Rebellion,8.357,936
False,/s6Tgp4JJSHaJIFO589WQ6oH3a9x.jpg,[99],130990,['JP'],ja,小さな旅,,45.3486,/5j8HLZzU1KY0ceoWvRAmeRUFMuU.jpg,1983-04-08,False,Chiisana Tabi,9.0,1
False,/pPALpad1Fh14g7ejyQjqKzlhrBw.jpg,"[80, 18, 10759]",61889,['US'],en,Marvel's Daredevil,Lawyer-by-day Matt Murdock uses his heightened senses from being blinded as a young boy to fight crime at night on the streets of Hell’s Kitchen as Daredevil.,56.8661,/QWbPaDxiB6LW2LjASknzYBvjMj.jpg,2015-04-10,False,Marvel's Daredevil,8.176,5401
False,/ixgFmf1X59PUZam2qbAfskx2gQr.jpg,"[18, 9648, 10765]",95396,['US'],en,Severance,"Mark leads a team of office workers whose memories have been surgically divided between their work and personal lives. When a mysterious colleague appears outside of work, it begins a journey to discover the truth about their jobs.",55.7537,/pPHpeI2X1qEd1CS1SeyrdhZ4qnT.jpg,2022-02-17,False,Severance,8.394,2971
False,/p09oos2PjdtJjOjvLbqAFnRPHRN.jpg,"[10762, 10751]",49281,['GB'],en,CBeebies Bedtime Stories,Join a host of different celebrities for a different story read each night just before bedtime.,57.0016,/b0ScjqTEs9XNpGsFueXdwPbWHtC.jpg,2009-03-09,False,CBeebies Bedtime Stories,7.625,8
False,/bhim19hZohZRNNs9fzH0FCnu1n6.jpg,"[18, 10751, 10766]",49347,['TR'],tr,Elif,"A kind 6-year-old girl is placed under the protection of her mother's best friend, who keeps a well-hidden secret, and is a maid for a wealthy family, in whose mansion she lives.",39.1542,/337YdJG3TUMzpdnbJyP7K9oA72e.jpg,2014-09-15,False,Elif,5.7,10
False,Tidak tersedia,[99],318058,['CN'],zh,A Girl's Guide to 21st Century Sex,,58.7697,Tidak tersedia,2006-10-30,False,A Girl's Guide to 21st Century Sex,0.0,0
False,/rhYgYFWcH13gDUSf523ftltWH72.jpg,"[37, 80, 18]",43901,['US'],en,Longmire,A Wyoming sheriff rebuilds his life and career following the death of his wife. Based on the “Walt Longmire” series of mystery novels written by best-selling author Craig Johnson.,58.9167,/yrdt5lscyJ5j5GSbhl99x3SRN66.jpg,2012-06-03,False,Longmire,7.703,338
False,/4GyFKGTPncLuUI8MX8Ft9tDcwUW.jpg,"[10763, 10767]",225797,['JP'],ja,DayDay.,"A show covering entertainment, trend news, and hot topics, featuring in-depth discussions on relevant issues, real-time viewer polls, the latest weather updates, and horoscopes.",57.6575,/3GNRL2Ug42v7uVuLLeR5bQhcwko.jpg,2023-04-03,False,DayDay.,0.0,0
False,/Ap8YYP6FfDYqDZKokGp3FmWPrh6.jpg,[10767],106099,['US'],en,Raw Talk,"In the aftermath of Monday Night Raw, catch up with your favorite Superstars to hear their thoughts and opinions on all of the evening's action. These men and women hold nothing back as they engage in Raw Talk.",44.2474,/dIbARSwdeBlFQXTNwWC1LK8bHmm.jpg,2016-10-30,False,Raw Talk,4.5,4
False,/tMZZ8W30TtGRcydsxrtXcL3j7YT.jpg,[18],341,['US'],en,Brothers and Sisters,The close-knit Walker family deals with struggles and triumphs.,60.0015,/u49srJvTHKlgdakN4SQzFysfBlu.jpg,2006-09-24,False,Brothers and Sisters,7.116,202
False,/dvDkq5Mcv27vpHRvF1ywFGroh03.jpg,"[10759, 18]",62286,['US'],en,Fear the Walking Dead,"What did the world look like as it was transforming into the horrifying apocalypse depicted in ""The Walking Dead""? This spin-off set in Los Angeles, following new characters as they face the beginning of the end of the world, will answer that question.",58.6806,/eKt4ELpQZUKGZCKIDobEbwHwk3I.jpg,2015-08-23,False,Fear the Walking Dead,7.607,5243
False,/eUZgRR8bN1EyHmrUXWW9ElBmzGg.jpg,"[35, 10767, 10751]",10534,['US'],en,The Red Skelton Show,"The Red Skelton Show is an American variety show that was a television staple for two decades, from 1951 to 1971. It was second to Gunsmoke and third to The Ed Sullivan Show in the ratings during that time. Skelton, who had previously been a radio star, had appeared in several motion pictures as well. Although his television series is largely associated with CBS, where it appeared for more than fifteen years, it actually began and ended on NBC. During its run, the program received three Emmy Awards, for Skelton as best comedian and the program as best comedy show during its initial season, and an award for comedy writing in 1961.",55.5425,/6e54gnblIDcwDGOGhzPyV0fB6Rw.jpg,1951-09-30,False,The Red Skelton Show,7.4,19
False,/pr78HhmOYlA0fwaoYNcH1FstqBH.jpg,"[16, 10765, 10759]",45782,['JP'],ja,ソードアート・オンライン,"In the near future, a Virtual Reality Massive Multiplayer Online Role-Playing Game (VRMMORPG) called Sword Art Online has been released where players control their avatars with their bodies using a piece of technology called Nerve Gear. One day, players discover they cannot log out, as the game creator is holding them captive unless they reach the 100th floor of the game's tower and defeat the final boss. However, if they die in the game, they die in real life. Their struggle for survival starts now...",59.7416,/9m8bFIXPg26taNrFSXGwEORVACD.jpg,2012-07-08,False,Sword Art Online,8.146,2181
False,/2ZYYy3hzbzSpyyKS8lBTL9Ozd6F.jpg,[10764],86623,['KR'],ko,구해줘! 홈즈,"Celebrities are here to find your home sweet home! The show features two teams of celebs competing to help their clients find the new houses for them. As ""real estate coordinators,"" celebs visit realtors and discover houses that fit the needs of the clients. They aren't afraid of cold weather, continuous allies to go through, nor stiff steps to climb. In the end, clients grades how much they are happy with celebs' proposals. Which team will get the clients pleased?",50.1812,/eAk01dqFDBCb5WITUwj7TQRzqci.jpg,2019-03-31,False,Where Is My Home,6.5,2
False,/r6jUY6q3ObYOeFFWxM7jemS7IWE.jpg,"[18, 80]",202297,['US'],en,Fire Country,"Seeking redemption and a shortened prison sentence, young convict Bode Donovan joins a firefighting program that returns him to his small Northern California hometown, where he and other inmates work alongside elite firefighters to extinguish massive blazes across the region.",56.0624,/6XnA02VRG4dhBpTZWGZuXQdYGDW.jpg,2022-10-07,False,Fire Country,8.003,183
False,/xtCzLQOocIajjQ5Mhwp834BQhVX.jpg,"[80, 10759, 18]",74823,['TR'],tr,Çukur,"When a mafia family named Koçovars are in danger of losing control of their neighborhood, “The Pit,” their youngest son must come back home, a place he could never truly escape.",52.473,/fBXDSBDw5Zug6E2xTB265LzYVKz.jpg,2017-10-23,False,The Pit,7.613,93
False,/6wVEWwNpOOIWalkqsoV8SNGBryI.jpg,"[16, 10762, 35, 10751]",1025,['US'],en,The Bullwinkle Show,"A variety show, with the main feature being the serialized adventures of the two title characters, the anthropomorphic moose Bullwinkle and flying squirrel Rocky. The main adversaries in most of their adventures are the Russian-like spies Boris Badenov and Natasha Fatale. Supporting segments include Dudley Do-Right, Peabody's Improbable History, and Fractured Fairy Tales, among others.",55.3955,/cAMWBJyYynFWxJNrIvVnHlN2e9P.jpg,1959-11-19,False,The Bullwinkle Show,7.1,61
False,/gEs0kv3PNIWSYgqTjswTiCHiUe4.jpg,"[35, 10767, 10764]",38657,['US'],en,Ridiculousness,"Rob Dyrdek takes the funniest amateur internet videos and builds them into an episode of edgy, funny, and most importantly, timeless television.",55.3264,/kON3gq2IwpJPYndLzpcf7bl4nFs.jpg,2011-08-29,False,Ridiculousness,6.762,124
False,/7xQR6ixywZofrEHKfI1z6CWKFsC.jpg,[10764],3670,['US'],en,Cops,"Follow real-life law enforcement officers from various regions and departments of the United States armed with nothing but with cameras to capture their actions, performing their daily duty to serve and protect the public.",55.3188,/xtEQVy408xsVw5ZX6Yu35pwJ1Ja.jpg,1989-03-11,False,Cops,6.636,191
False,/eGlzynULE0e7pyEB8qrlyLc1ALb.jpg,"[16, 10762, 18]",219779,['CN'],zh,Martin Morning,,55.276,/mARR5e6egBNSt87Ad6bhI6Fh7rw.jpg,2015-12-15,False,Martin Morning,10.0,1
False,/w9zV6lOILeqaOilJzI1Xa9NRhXY.jpg,"[10759, 18, 10751, 35]",5368,['US'],en,Lassie,"Lassie is the pet of Jeff Miller, an 11-year-old farm boy. The two become best friends and enjoy family adventures in the American countryside, teaching each other about love, nature and commitment.",55.116,/vqbVr4fYRZb28ywczaidn29JJTA.jpg,1954-09-12,False,Lassie,6.345,74
False,/lGL2A5oxXhbvlajPVPGxLHAoOGk.jpg,"[10766, 18]",23216,['BR'],pt,Tocaia Grande,,55.1113,/i2ntLxFY3iTlSjg7kpJZWw4IVHk.jpg,1995-10-16,False,Большая засада,0.0,0
False,/wR5x19DbeD2FiwU2fbYvXVtx1we.jpg,"[80, 18, 9648]",39185,['GB'],en,Vera,"A sharp detective with a messy life, DCI Vera Stanhope patrols her “patch” of northeast England, pursuing the truth in cases of murder, kidnapping, and blackmail. Vera is obsessive about her work and faces the world with caustic wit, guile and courage.",55.0942,/yeYImRVVEX6LM2151oEkmNUKLVR.jpg,2011-05-01,False,Vera,7.4,177
False,/5NOQNDMVXe8t5wIuY6r6b6iUXcc.jpg,[18],1274,['US'],en,Six Feet Under,"When death is your business, what is your life? For the Fisher family, the world outside of their family-owned funeral home continues to be at least as challenging as—and far less predictable than—the one inside.",55.0841,/sCgzLaVlFy8KxtxRPvt1V5MNTDb.jpg,2001-06-03,False,Six Feet Under,8.112,1177
False,/snS0ZuK1tafLslgFffpfScp4UdT.jpg,[10767],20477,['GB'],en,Wogan,"Chat show hosted by Terry Wogan, featuring live studio interviews with famous and notable personalities.",54.9452,/7NNaUmZWzJsqMvDNu2WB0HsVmvu.jpg,1982-05-04,False,Wogan,5.286,7
False,/sWaYMwzkJrhc4ZrgAvJhE4Nl5Pz.jpg,[18],4259,['US'],en,Studio One,"An American radio–television anthology series, created in 1947 by Canadian director Fletcher Markle, who came to CBS from the CBC. Studio One, presented by Westinghouse, was one of the first of the anthology TV programs. The episodes were often abridged remakes of movies from years gone by and many future well-known television and movie actors appeared in the productions.",54.8735,/rTauMq9Zi9KM2gGzX0qO80JoBmS.jpg,1948-11-07,False,Studio One,5.385,13
False,/c4zV2ysi5Qlns4CPjRJj3hBGMSx.jpg,"[10765, 35, 10759]",2287,['US'],en,Batman,"Wealthy entrepreneur Bruce Wayne and his ward Dick Grayson lead a double life: they are actually crime fighting duo Batman and Robin. A secret Batpole in the Wayne mansion leads to the Batcave, where Police Commissioner Gordon often calls with the latest emergency threatening Gotham City. Racing to the scene of the crime in the Batmobile, Batman and Robin must (with the help of their trusty Bat-utility-belt) thwart the efforts of a variety of master criminals, including The Riddler, The Joker, Catwoman, and The Penguin.",54.8433,/1ZEJuuDh0Zpi5ELM3Zev0GBhQ3R.jpg,1966-01-12,False,Batman,7.308,618
False,/mh2UczqEXJJVgqohbyZbHTuxwhL.jpg,[18],157741,['US'],en,Landman,"Set in the proverbial boomtowns of West-Texas and a modern-day tale of fortune-seeking in the world of oil rigs, the series is an upstairs/downstairs story of roughnecks and wildcat billionaires that are fueling a boom so big it’s reshaping our climate, our economy and our geopolitics.",54.8426,/hYthRgS1nvQkGILn9YmqsF8kSk6.jpg,2024-11-17,False,Landman,8.201,643
False,/AqCZow3yUrQn8ltGgS0p1dcBqLo.jpg,"[16, 35, 10765, 10751]",81665,['US'],en,Summer Camp Island,"Oscar and Hedgehog are dropped off at a strange summer camp, full of fantastical things ranging from magical camp counselors to sticky notes that are portals to other dimensions.",54.8162,/syipk7iIpV4DTvGuBuEqrVbAbaY.jpg,2018-07-07,False,Summer Camp Island,7.7,60
False,/f3A5AXismJfyHSOf9boynQ4eOHD.jpg,"[18, 10766]",2908,['AU'],en,The Sullivans,"The Sullivans is an Australian drama television series produced by Crawford Productions which ran on the Nine Network from 1976 until 1983. The series told the story of an average middle-class Melbourne family and the effect World War II had on their lives. It was a consistent ratings success in Australia, and also became popular in the United Kingdom, Ireland, Netherlands, Gibraltar and New Zealand.",54.792,/xTy7RlozhINyeAVSj1D1gJxSAgH.jpg,1976-11-15,False,The Sullivans,5.4,8
False,/gmQbEibys6LuPTgB7is3AEKTdrE.jpg,"[37, 18]",10180,['US'],en,The Virginian,"The Shiloh Ranch in Wyoming Territory of the 1890s is owned in sequence by Judge Henry Garth, the Grainger brothers, and Colonel Alan MacKenzie. It is the setting for a variety of stories, many more based on character and relationships than the usual western.",54.7915,/oAbCE44r6wtmAnfzZI2SxyeaBmW.jpg,1962-09-19,False,The Virginian,6.5,35
False,/kCcH5XGInPxDuhwfZJUBUFb0JUi.jpg,"[10763, 10767]",42265,['DE'],de,Taff,"Taff is a tabloid news magazine airing on the German television network, ProSieben.",54.7824,/2XJlnWPmoNLuaa85ol8Xe3GXYVm.jpg,1997-03-11,False,Taff,4.333,6
False,/KI2sFvqJHzc95WM7dcX9kM8tY1.jpg,"[16, 18, 10765]",73833,['JP'],ja,魔法使いの嫁,"Hatori Chise has lived a life full of neglect and abuse, devoid of anything resembling love. Far from the warmth of family, she has had her share of troubles and pitfalls. Just when all hope seems lost, a fateful encounter awaits her. When a man with the head of a beast, wielding strange powers, obtains her through a slave auction, Chise's life will never be the same again. The man is a ""magus,""a sorcerer of great power, who decides to free Chise from the bonds of captivity. The magus then makes a bold statement: Chise will become his apprentice--and his bride!",58.4384,/xXGAFMGiG55oS8uzuVz7V5JxFb2.jpg,2017-10-08,False,The Ancient Magus' Bride,8.354,445
False,/5WVAGHTNMWhNwk5l3FoeAScmw7M.jpg,[18],2673,['US'],en,The O.C.,"Ryan Atwood, a teen from the wrong side of the tracks, moves in with a wealthy family willing to give him a chance. But Ryan's arrival disturbs the status quo of the affluent, privileged community of Newport Beach, California.",58.0815,/xDc6BMGDaeyalpSZ9KKk7RCBCz5.jpg,2003-08-05,False,The O.C.,7.711,973
False,/lAsz5DYQpXcOONSVuZdZIrtZoIv.jpg,"[9648, 18, 80]",4920,['US'],en,Damages,"Damages is an American legal thriller television series created by the writing and production trio of Daniel Zelman and brothers Glenn and Todd A. Kessler. The plot revolves around the brilliant, ruthless lawyer Patty Hewes and her protégée, recent law school graduate Ellen Parsons. Each season features a major case that Hewes and her firm take on, while also examining a chapter of the complicated relationship between Ellen and Patty. The first two seasons center around the law firm Hewes & Associates. Later seasons center more on Patty and Ellen's relationship as Ellen begins to distance herself from Hewes & Associates and begins an independent career.",55.8001,/bowEbW8Q3Oc02BvHBKTL5gWv9Nx.jpg,2007-07-24,False,Damages,7.5,250
False,/73uQJImy9J9w93zFEh8JtdQVOQR.jpg,"[16, 10765, 35, 9648]",30980,['JP'],ja,とある魔術の禁書目録,"Touma Kamijou is a student living in Academy City, a highly advanced place in terms of technology. Despite being gauged as a level zero esper (no powers), he possesses on his right hand the Imagine Breaker, an ability that negates any power whatsoever.

Touma finds a young girl named Index who is trying to run away from Necessarius, a powerful magic organization that she is member of. Blessed with the skill of memorizing any sort of information, she holds 103,000 forbidden magical books within her head.

As science and magic cross paths, Touma must face several dangers amid espers and magicians who appear in the exciting scientific town.",54.0645,/v3Ka0J3iMte50oiH4cmXPISM3rm.jpg,2008-10-05,False,A Certain Magical Index,7.505,200
False,/3jTQ36ExdnVlhB9AWLCdioPfzVS.jpg,[10764],78376,['KR'],ko,동상이몽,"Same Bed, Different Dreams is a South Korean television entertainment program, distributed and syndicated by SBS every Monday at 11:10 pm. Before February 15, 2016 the program was aired every Saturday at 8:45 pm. It's a program where teens and their parents come and openly share their issues with the show’s panel, trying to resolve their problems with each other. Same Bed, Different Dreams 2 - You Are My Destiny is a South Korean television entertainment program, distributed and syndicated by SBS. It's the second season of the show Same Bed, Different Dreams which underwent a format change, now focusing on the life of celebrity couples.",47.154,/rFElUD9KdeRL9bu89wGG3Vm6Mud.jpg,2015-04-25,False,"Same Bed, Different Dreams",0.0,0
False,/7uyRCBMQIWwJSWIR2aCrvPjbPzi.jpg,"[16, 18, 10765]",196944,['JP'],ja,わたしの幸せな結婚,"Miyo's abusive family deems her worthless – but together with her powerful husband-to-be, her true self and hidden powers slowly begin to shine.",54.5973,/5RZIBqSYHhpQF6s8Dgw2aXlA4ZS.jpg,2023-07-05,False,My Happy Marriage,8.3,250
False,/8AkvTlCLmGipNEGL9wYVfWMiPLd.jpg,"[80, 18]",39483,['US'],en,Major Crimes,Major Crimes explores how the American justice system approaches the art of the deals as law enforcement officers and prosecutors work together to score a conviction. Los Angeles Police Captain Sharon Raydor heads up a special squad within the LAPD that deals with high-profile or particularly sensitive crimes.,53.6024,/fZ502JXujnxVtprmigTO2jA205P.jpg,2012-08-13,False,Major Crimes,7.369,214
False,/mp2AFsWsuyxCzenJh3DTKw7z4jG.jpg,"[18, 35]",291496,['KR'],ko,이런 엿같은 사랑,An ambitious prosecutor loses her memory and moves in with a boxing coach who claims to be her boyfriend. Can this sticky situation turn into real love?,51.431,/tSZ4aFpTGc8Oj52SuzPUUZ7WKL0.jpg,2026-08-07,False,Our Sticky Love,8.812,101
False,/2Qg2fViQzWenpUaMjhv0kNhCbE9.jpg,"[18, 35, 10765]",71738,['US'],en,The Orville,"Follow the crew of the not-so-functional exploratory ship in the Earth's interstellar fleet, 400 years in the future.",59.9404,/78xnHh9H5wYcUeZoB0bt1UgInAW.jpg,2017-09-10,False,The Orville,7.619,1473
False,/x8fMHWgeamkxxobagD7GOwcG3YH.jpg,"[18, 10766, 35]",29,['US'],en,"Mary Hartman, Mary Hartman","In the fictional town of Fernwood, Ohio, suburban housewife Mary Hartman seeks the kind of domestic perfection promised by Reader’s Digest and TV commercials. Instead she finds herself suffering the slings and arrows of outrageous fortune: mass murders, low-flying airplanes and waxy yellow buildup on her kitchen floor.",57.0008,/O1bcYEBW8v7JOMNVpYOBTL6PjL.jpg,1976-01-05,False,"Mary Hartman, Mary Hartman",7.263,19
False,Tidak tersedia,[18],13126,['US'],en,Matinee Theater,"Matinee Theater is an American anthology series that aired on NBC during the Golden Age of Television, from 1955 to 1958. The series, which ran daily in the afternoon, was frequently live. It was produced by Albert McCleery, Darrell Ross, George Cahan and Frank Price with executive producer George Lowther. McCleery had previously produced the live series Cameo Theatre which introduced to television the concept of theater-in-the-round, TV plays staged with minimal sets.

Jim Buckley of the Pewter Plough Playhouse recalled:

When Al McCleery got back to the States, he originated a most ambitious theatrical TV series for NBC called Matinee Theater: to televise five different stage plays per week live, airing around noon in order to promote color TV to the American housewife as she labored over her ironing. Al was the producer. He hired five directors and five art directors. Richard Bennett, one of our first early presidents of the Pewter Plough Corporation, was one of the directors and I was one of the art directors and, as soon as we were through televising one play, we had lunch and then met to plan next week’s show. That was over 50 years ago, and I’m trying to think; I believe the TV art director is his own set decorator —yes, of course! It had to be, since one of McCleery’s chief claims to favor with the producers was his elimination of the setting per se and simply decorating the scene with a minimum of props. It took a bit of ingenuity.",57.1146,/sL6FFh0JultfM2K7PJq4iDVu8AL.jpg,1955-10-31,False,Matinee Theater,5.286,7
False,Tidak tersedia,[18],16440,['VE'],es,El Desafio,"El Desafio is a Venezuelan telenovela that was produced by and seen on Venezuela's Radio Caracas Televisión. Martin Hahn and Salvador Garmendia were the telenovela's writers, Salvador Garmendia was also in charge of dramatics, Carlos Lamus was its executive producer, Renato Gutierrez was its director, and Hernando Faria was the producer. This telenovela lasted 113 episodes and was distributed internationally by RCTV International.",35.4242,/6zQeNgaogCqgW8nSTBt0N662IXe.jpg,1995-05-29,False,El Desafio,10.0,1
False,/k1FVoLHTV9gJZBIE1Z4nMeQthuE.jpg,[10767],95226,['FR'],fr,Champs-Elysées,,59.6778,/uA6Waea7ozD7OEXNGaSqPtydPdd.jpg,1982-01-16,False,Champs-Elysées,6.778,9
False,/cueZSeFdiOQGHtsD9iFwITWM6oj.jpg,"[18, 10751, 35, 10766]",32891,"['AR', 'MX']",es,Sueña Conmigo,"Clara and Luca are two teenagers who fall in love through music. She wants to be famous and so that her parents don't find out that she is participating in a contest, she calls herself Roxy-Pop. Luca is in love with Clara but doesn't know that she and Roxy-Pop are the same person.",53.9184,/iaFOfNJ5PtEhnda2rtnExLz0rY6.jpg,2010-07-20,False,Dream Of Me,0.0,0
False,/7RrcmIQ7e37M3vMkUNAKCEA6uEy.jpg,"[80, 18]",46533,['US'],en,The Americans,"Set during the Cold War period in the 1980s, The Americans is the story of Elizabeth and Philip Jennings, two Soviet KGB officers posing as an American married couple in the suburbs of Washington D.C. and their neighbor, Stan Beeman, an FBI Counterintelligence agent.",54.4617,/w1UBlxEXhbKe8sp0fxFZh7MqTce.jpg,2013-01-30,False,The Americans,7.885,1112
False,/hbcQ5hArQQ9lCMRo3VVdEco7xC3.jpg,[80],3940,['US'],en,Judge Judy,"Judge Judy is an American arbitration-based reality court show presided over by retired Manhattan Family Court Judge Judith Sheindlin. The show features Sheindlin adjudicating real-life small claims disputes within a simulated courtroom set. All parties involved must sign contracts, agreeing to arbitration under Sheindlin. The series is in first-run syndication and distributed by CBS Television Distribution.

Judge Judy, which premiered on September 16, 1996, reportedly revitalized the court show genre. Only two other arbitration-based reality court shows preceded it, The People's Court and Jones and Jury. Sheindlin has been credited with introducing the ""tough"" adjudicating approach into the judicial genre, which has led to several imitators. The two court shows that outnumber Judge Judy's seasons, The People's Court and Divorce Court, have both lasted via multiple lives of production and shifting arbiters, making Sheindlin's span as a television arbiter the longest.",49.9834,/pRjTr7Om4qcjxVVZZW68zQA6J8x.jpg,1996-09-16,False,Judge Judy,5.747,99
False,/kUbFHFrbVBpo1XiNCczFqfhvRvG.jpg,[10751],279914,['SK'],sk,Sľub,,50.9771,/ywaHSBDEAgxqjebw5CQoAjISwA5.jpg,2025-01-13,False,Promise,8.5,2
False,/uM6WJodeCyTp7h7NhE4rgd0RbRZ.jpg,"[35, 16]",74204,['US'],en,Big Mouth,Teenage friends find their lives upended by the wonders and horrors of puberty in this edgy comedy from real-life pals Nick Kroll and Andrew Goldberg.,54.5083,/1Zio9w1tAd3r5Gu4d9AzTSx2hnT.jpg,2017-09-29,False,Big Mouth,7.605,1258
False,/gmO3aezFgDcrhcymhNSJLGZ3CT.jpg,"[16, 10751, 10765, 35]",37606,['US'],en,The Amazing World of Gumball,"The life of Gumball Watterson, a 12-year old cat who attends middle school in Elmore. Accompanied by his pet, adoptive brother, and best friend Darwin Watterson, he frequently finds himself involved in various shenanigans around the city, during which he interacts with various family members: Anais, Richard, and Nicole Watterson, and other various citizens.",54.1268,/VYnnyA2hyxi3VUPgCA71mMtt69.jpg,2011-05-03,False,The Amazing World of Gumball,8.533,1793
False,/xX9eu8jpckvBzdrgrZ0OvbukknJ.jpg,"[35, 10751]",16183,['BR'],pt,A Grande Família,"The daily lives of a typical Brazilian middle-class family, that are always very close and tries, in their way, to survive the financial and relationship difficulties.",52.9821,/draJzGrnfB8gEqCGJrPhNORu0nz.jpg,2001-03-29,False,A Grande Família,8.4,45
False,/5gdqwB0uYyh2oIGNGZg2a1032Ni.jpg,"[16, 18]",256744,['JP'],ja,花は咲く、修羅の如く,"The story is set in Tonakishima, a small island with a population of 600. Hana, a high school girl who lives on the island, loves recitals, and holds regular reading sessions for the island's children. Mizuki, the president of the Broadcasting Club, senses Hana's power to attract people through her reading and invites her to join the club. Hana joins the Broadcasting Club and experiences many firsts with the other members.",39.328,/WUfHP1VrHKFBXbKuCDoB6hSUa9.jpg,2025-01-08,False,Flower and Asura,6.5,14
False,/vLCIWnDNPC9bWDN7cAEMvTdqe1j.jpg,"[10762, 16, 35]",4274,['US'],en,Tom & Jerry Kids Show,"Tom and Jerry in their childhood days, playing cat-and-mouse games even then.",55.6313,/pApniCXhegDnhxQda7RcpG8gFP0.jpg,1990-09-08,False,Tom & Jerry Kids Show,6.396,135
False,/mjS9Gd3a0BZWvesYcXFJJXaap1t.jpg,"[18, 35]",50839,['SK'],sk,Panelák,,53.1981,/9ezvgffrRN8iWdhv6a4MA1g15Tv.jpg,2008-02-18,False,Panelák,4.8,6
False,/3mDSrhLUX2cAhaPqurNBslPh8rz.jpg,"[80, 18]",106158,['US'],en,Law & Order: Organized Crime,The detectives of the Organized Crime Control Bureau work to dismantle New York City's most vicious and violent illegal enterprises.,57.2899,/4AvB6Dg8eAbfWv5WOqzCCv2zS90.jpg,2021-04-01,False,Law & Order: Organized Crime,7.9,309
False,/ullfy98STkno11rDGi44SK6llwx.jpg,"[16, 35]",96316,['JP'],ja,彼女、お借りします,"Kinoshita Kazuya is a 20-year-old failure of a college student. He managed to kiss his girlfriend once, but was dumped after a month. Completely spiteful, Kazuya uses a certain method to date a girl. He goes to their meeting place and a beautiful girl brushing her long, black hair behind her ear was there, smiling at him. Her name was Mizuhara Chizuru. Something real is born after just a single rental! A reckless rom-com filled with love and excitement is about to begin!",53.1998,/6ZpDPUNtVw6UdJoStvVlRZ62yAi.jpg,2020-07-11,False,Rent-a-Girlfriend,8.276,994
False,/1qOA3kMtQO8bjnW8M2smjA8tp10.jpg,"[80, 9648, 18]",76669,['ES'],es,Élite,"When three working class kids enroll in the most exclusive school in Spain, the clash between the wealthy and the poor students leads to tragedy.",52.8299,/3NTAbAiao4JLzFQw6YxP1YZppM8.jpg,2018-10-05,False,Elite,8.003,9419
False,/eEXwPg7nIERmRHC1yJoBf3Q5C7k.jpg,"[18, 80]",71694,['US'],en,Snowfall,"Los Angeles. 1983. A storm is coming and its name is crack. Set against the infancy of the crack cocaine epidemic and its ultimate radical impact on the culture as we know it, the story follows numerous characters on a violent collision course.",54.1102,/y7ntzl7msiaS6o7dvDbNG7XFYcR.jpg,2017-07-05,False,Snowfall,8.384,812
False,/qBc0ST7YNvZVfCawuoxAm9QXTWB.jpg,"[35, 18, 10759, 80]",3469,['GB'],en,Minder,Roguish comedy drama following the misadventures of small-time crook Arthur Daley.,56.3269,/4s9hiyQvTaMe1bK91HRCTgDTAoF.jpg,1979-10-29,False,Minder,7.133,30
False,/7Yj4QbECkH3JavlZxw4NWReoN7B.jpg,"[80, 18]",1621,['US'],en,Boardwalk Empire,"Atlantic City at the dawn of Prohibition is a place where the rules don't apply. And the man who runs things -- legally and otherwise -- is the town's treasurer, Enoch ""Nucky"" Thompson, who is equal parts politician and gangster.",52.6302,/zyHLWVmqS8m7bxABJjcDFMYLdF8.jpg,2010-09-19,False,Boardwalk Empire,8.021,1323
False,/d8bAI2EDM7L2q94wDZfjb82KRoh.jpg,"[16, 35, 10765]",91801,['JP'],ja,魔入りました！入間くん,"Fourteen-year-old Iruma Suzuki has just been abandoned and sold to a demon by his irresponsible parents! Surprisingly, the next thing he knows he's living with the demon who has adopted him as his new grandson and has been transferred into a school in the Netherworld where his new demon grandfather works as the principal. Thus begins the cowardly Iruma-kun's extraordinary school life among the otherworldly as he faces his true self, takes on challenges, and rises to become someone great.",52.5508,/gKz8wiKsbgefAkxjpBCmJPnnXJE.jpg,2019-10-05,False,Welcome to Demon School! Iruma-kun,8.281,306
False,/tco0lyOHy3bjy2hyishbuCk0Yvg.jpg,"[10751, 35, 16]",72350,['US'],en,DuckTales,"The adventures of billionaire Scrooge McDuck and his nephews Huey, Dewey and Louie, their famous uncle Donald Duck, pilot extraordinaire Launchpad, Mrs. Beakly, Webby and Roboduck. Adventures and hidden treasures are everywhere, in their hometown Duckburg and all around the world.",56.9249,/3klapeIKLp9IBy4uHo7szTeMTdQ.jpg,2017-08-12,False,DuckTales,7.851,326
False,/kBHTKoJgciatWm4AHY897sM2uUI.jpg,"[10759, 18]",4571,['US'],en,Hunter,"Hunter is an American police drama television series created by Frank Lupo, and starring Fred Dryer as Sgt. Rick Hunter and Stepfanie Kramer as Sgt. Dee Dee McCall, which ran on NBC from 1984 to 1991. However, Kramer left after the sixth season to pursue other acting and musical opportunities. In the seventh season, Hunter partnered with two different women officers. The titular character, Sgt. Rick Hunter, was a wily, physically imposing, and often rule-breaking homicide detective with the Los Angeles Police Department. The show's main characters, Hunter and McCall, resolve many of their cases by shooting dead the perpetrators.

The show's executive producer during the first season was Stephen J. Cannell, whose company produced the series.",49.1199,/ekbguSlAI6RIbM9l9WAR78zJNZ7.jpg,1984-09-18,False,Hunter,7.108,102
False,/2l2KlVJAmGrnnhURaMfESslMVh3.jpg,"[10764, 35]",257161,['CN'],zh,喜人奇妙夜,"Amazing Night is an original new comedy variety show jointly produced by Tencent Video and Mi Wei. Huang Bo, Qin Hao, Jia Bing, Gao Yuanyuan, Ma Dong, Jin Jing, Song Muzi will be the audience representatives, in addition, each issue there is a mysterious audience representative, to accompany you to spend a wonderful comedy night!",48.5029,/nQFCp0Tlfqq3NhF2kiNAGwXLfnX.jpg,2024-06-28,False,Amazing Night,5.7,7
False,/vlrxPnchslAdjVwBZ0EfPbUXtD9.jpg,"[18, 10751, 10766]",99711,['IN'],hi,कसौटी ज़िंदगी के,"A re-imagination of Anurag and Prerna's soul-stirring romance. Made for each other, will these star-crossed lovers unite against the odds of betrayal, revenge, and retribution?",45.7044,/cr9psfSEC31PsajxpfJMdi6dJnP.jpg,2018-09-25,False,Kasauti Zindagii Kay,5.8,4
False,/acJDjIEdm66k2oKsr0xbOPvn0wH.jpg,[10767],2225,['US'],en,Who Wants to Be a Millionaire?,American version of the tense gameshow where contestants tackle a series of multiple-choice questions to win large cash prizes.,57.1781,/oZ7fBwLRgKYyJcliFOfp03xv6Mk.jpg,1999-08-16,False,Who Wants to Be a Millionaire?,6.302,43
False,/wJyR4XDvMKsIB0Bw5zkvKgZxRPQ.jpg,"[16, 35]",13943,['US'],en,Beavis and Butt-Head,"Two dimwitted teenagers discuss TV, heavy-metal music, nachos, and trying to ""score with chicks."" When the duo aren't sitting on the couch, they try to pick up girls at the local convenience store, slack off at school, or wreak havoc while working at a burger joint.",49.2847,/8BwmD9hMsfUHTAAsVephjJS8pIF.jpg,1993-03-08,False,Beavis and Butt-Head,7.089,476
False,Tidak tersedia,[],107802,['TW'],zh,台湾水浒传,,40.896,/xD1nUGQkYzmic2SBlGDSqRt8Uun.jpg,1994-04-04,False,台湾水浒传,0.0,0
False,/sNCpbcCcRadDBMTh6An1dBMakqr.jpg,"[10759, 16, 35, 10765, 10762]",3570,['JP'],ja,美少女戦士セーラームーン,"One day, Usagi Tsukino, clumsy 2nd-year middle school student, stumbles upon a talking cat named Luna. Luna tells her that she is destined to be Sailor Moon, ""champion of love and justice"", and she must search for the fabled Moon Princess. Usagi finds friends that turn out to be destined senshi as well, and together they fight to save the world from the certain doom brought upon by the Dark Kingdom.",55.8617,/m0e8QxAM0n3XK9GPvkxzRB0YL4k.jpg,1992-03-07,False,Sailor Moon,8.4,1049
False,/2OAoGOvysScieVhIazrWTXj2ESp.jpg,"[10765, 18, 9648]",46896,['US'],en,The Originals,"The Vampire Diaries spin-off that follows the Mikaelsons, a family of millennia-old, power-hungry vampires who want to reclaim the city they built, New Orleans, and dominate all those who have wronged them.",54.6394,/keJOhJXGiLL54EW6QocbyvQGquA.jpg,2013-10-03,False,The Originals,8.585,3650
False,/aG9lB7wVTeStYZ8eCQN0t7VVmW8.jpg,"[10767, 35]",76949,['ES'],es,La resistencia,,54.1813,/yFwkWTDUjLN0LQmidsUJWEViCmo.jpg,2018-02-01,False,La resistencia,5.636,22
False,/1GY7ih45OzZKjNCJ97XHxBCtuSU.jpg,"[80, 18, 9648]",8358,['US'],en,Lie to Me,"The world's leading deception researcher, Dr. Cal Lightman, studies facial expression, body language and tone of voice to determine when a person is lying and why, which helps law enforcement and government agencies uncover the truth. But his skills also make it easier for him to deceive others.",53.0615,/2xpQxwsGYtdGDrmLvCosTZ0I54R.jpg,2009-01-21,False,Lie to Me,7.874,1735
False,Tidak tersedia,"[18, 10765]",53828,['TR'],tr,Beşinci Boyut,"an angel guides different people each episode, showing them life choices, consequences, and paths to spiritual enlightenment, focusing on themes of faith, good vs. evil, and finding inner peace through loving God",44.1937,/bdqxZNDaPdJ1PiNNsMDeolZmRgg.jpg,2005-09-12,False,Fifth Dimension,0.0,0
False,/d3yNn379emGP8xztqeOsB9oLNG2.jpg,"[16, 18, 9648]",72517,['JP'],ja,ようこそ実力至上主義の教室へ,"Kiyotaka Ayanokouji enrolls at the prestigious Tokyo Koudo Ikusei Academy, but is assigned to Class 1-D, where students with behavioral problems are housed. The school awards points equivalent to 100,000 yen per month and allows unusual freedom in classes, masking a more complex system.",50.8309,/yuHanbUUIv2UWRxxQFt9n8jtmOJ.jpg,2017-07-12,False,Classroom of the Elite,8.4,860
False,/m8iQSgowqLOp54P9g1PEjr7MaG7.jpg,"[10759, 80, 18, 10751, 9648, 35]",32836,['TR'],tr,Arka Sokaklar,"The series tells the story of the family lives of the police officers working in a special team of the Istanbul Police Department's Public Security Department and their adventures on the streets of Istanbul. The team encounters different and diverse human stories during their missions. The Istanbul Police Chief Rıza Soylu (Zafer Ergin), with his years of experience and fatherhood, approaches these stories, which at times make them smile and at other times are heartbreaking, and guides the other young members of the team.",47.5953,/jEcUxk30fW7JWLacojjdO3YN51d.jpg,2006-07-31,False,Back Streets,5.6,29
False,/d87JXX3DLkRJMfm5StCmmnmhHuX.jpg,"[18, 35]",76331,['US'],en,Succession,Follow the lives of the Roy family as they contemplate their future once their aging father begins to step back from the media and entertainment conglomerate they control.,52.7583,/z0XiwdrCQ9yVIr4O0pxzaAYRxdW.jpg,2018-06-03,False,Succession,8.311,1776
False,/3j190a4ZV7ArjxfdKoJi0QGFJ2H.jpg,[18],20532,['GB'],en,BBC Play of the Month,"A BBC television anthology series featuring productions of classic and contemporary stage plays usually broadcast on BBC1. Each production featured a different work, often using prominent British stage actors in the leading roles. The series was transmitted from October 1965 to September 1983.",59.6562,/2JdkYwK9k87M4ZhOhynoTeK3mtQ.jpg,1965-10-19,False,BBC Play of the Month,5.2,8
False,/cm3lmKnEAYLs2eJmn4AcFIu18X4.jpg,"[16, 35]",76075,['JP'],ja,ゆるキャン△,"Nadeshiko, a high school student who had moved from Shizuoka to Yamanashi, decides to see the famous, 1000 yen-bill-featured Mount Fuji. Even though she manages to bike all the way to Motosu, she's forced to turn back because of worsening weather. Unable to set her eyes on her goal, she faints partway to her destination. When she wakes up, it's night, in a place she's never been before, with no way of knowing how to get home. Nadeshiko is saved when she encounters Rin, a girl who is out camping by herself. This outdoorsy girls story begins with this first encounter between Nadeshiko and Rin.",53.0954,/1c5xBDBQQwa1bvX5fibAeymReGg.jpg,2018-01-04,False,Laid-Back Camp,8.181,130
False,/c2wPZsH2LZT8Z3Dqo3yt7dl4g5d.jpg,"[99, 10763, 10767, 10768]",31732,['US'],en,Democracy Now!,"A United States daily progressive, nonprofit, independently syndicated program of news, analysis, and opinion.",52.3927,/pwMvc40mOHyZ9IsFPTcW0Jdm57l.jpg,2001-01-01,False,Democracy Now!,6.9,7
False,/1pnaMzcTXU6LmBd9rf4ZvNGBnce.jpg,"[35, 10751, 10762, 10765]",61852,['US'],en,Henry Danger,"When 13-year-old Henry Hart lands a job as Danger, the sidekick-in-training to superhero Captain Man, he must learn to navigate a double life balancing the challenges of 8th grade with the crazy adventures of a real-life crime fighter!",56.6377,/f3TEP5SROTpL6e520ohhSNbUv1E.jpg,2014-07-26,False,Henry Danger,8.3,1171
False,/luUTaPpTBM8BjP4wgCLxNIPkx6k.jpg,"[10759, 18]",19530,"['TW', 'CN']",zh,霹靂布袋戲,"Pili is a puppet show from Taiwan. It is made by Pili International Multimedia. The TV series started in 1985, and it still continues today. It is one of the most popular TV shows in Taiwan. Pili puppet show is performed by many kinds of puppets, some of them are cool, some are intelligent, and some are funny. Unlike traditional puppet shows, Pili puppet show uses state-of-the-art animation to help present its fighting art. The delicate design of the appearance and characteristics of each puppet has made Pili puppet show a well-known entertainment in Taiwan.",54.1359,/sBVfyRYPmKSARRTodsTbwHqgcRA.jpg,1988-06-01,False,Pili,6.9,7
False,/rQmzx7qyoK5YiXJHnv0jdgVlKyl.jpg,"[16, 10759, 10765]",270603,['JP'],ja,追放された転生重騎士はゲーム知識で無双する,"Born into a prestigious family of master swordsmen, Elymas Edvaughn's future shatters when he awakens the so-called ""defective"" Heavy Knight class. Disowned and cast out, he regains memories of another life—and realizes this world mirrors a VR game he once mastered. Armed with knowledge no one else possesses, he sets out to rewrite his fate and prove the strength of the ""weakest"" class.",49.4109,/bADzMfofNWYdxLnlqNuMkO6du34.jpg,2026-07-03,False,The Exiled Heavy Knight Knows How to Game the System,8.5,22
False,/aJcUU3LMlqMKBi8L3eaxGfAbd4G.jpg,"[10759, 10765, 35]",110492,['US'],en,Peacemaker,"The continuing story of Peacemaker, a vainglorious superhero/supervillain who believes in peace at any cost — no matter how many people he has to kill. After a miraculous recovery from his duel with Bloodsport, Peacemaker soon discovers that his freedom comes at a price.",52.12,/yb4F1Oocq8GfQt6iIuAgYEBokhG.jpg,2022-01-13,False,Peacemaker,8.183,3550
False,/fi3F610zUye8u7HaaGYUGviZTwj.jpg,"[10766, 18, 10751, 35]",2674,['AU'],en,Neighbours,"Neighbours is an Australian television soap opera.  The show's storylines concern the domestic and professional lives of the people who live and work in Erinsborough, a fictional suburb of Melbourne, Victoria. The series primarily centres around the residents of Ramsay Street, a short cul-de-sac, and its neighbouring areas, the Lassiters complex, which includes a bar, hotel, cafe, news office and park. Neighbours began with three families created by Watson – the Ramsays, the Robinsons and the Clarkes. Watson said that he wanted to show three families who are friends living in a small street. The Robinsons and the Ramsays had a long history and were involved in an ongoing rivalry.",52.9858,/bXY78bQsKCIiD17Sr6yO4wLIXqS.jpg,1985-03-18,False,Neighbours,6.074,61
False,/w0s1EmnmgkBYMSqZIrYgbiRt3j6.jpg,[35],1558,['US'],en,Home Improvement,"The daily trials and tribulations of handyman Tim Taylor, a TV show host raising three boys with help from his loyal co-host, domineering wife, and unseen neighbor.",58.2859,/aBBXL6YIYbUPBRAVYdEUW46oqsA.jpg,1991-09-17,False,Home Improvement,7.366,748
False,/Mi1MJrq43NGWcvuV2T6fqjqjAv.jpg,[10764],31342,['BR'],pt,A Fazenda,"A Fazenda is the current Brazilian version of the The Farm reality television show based on the Swedish television series of the same name that was originally created in 2001 by Strix and produced in association with Sony Entertainment and Endemol.

The show is based on a group of celebrities living together twenty-four hours a day in a Farm, isolated from the outside world while having all their steps followed by cameras around-the-clock, with no privacy for three months.

The contestants compete for the chance to win the grand prize by avoiding weekly eviction, until the last celebrity remains at the end of the season that can claim the grand prize. The show is presented by news reporter Britto Junior alongside actress Chris Couto and directed by Rodrigo Carelli. Record's website and a Record-owned pay-per-view channel offer round-the-clock coverage.",50.8115,/yhtmlN21r2s4vCgpLgMkGqv8uaf.jpg,2009-05-31,False,A Fazenda,3.176,17
False,/4YEKWpzftiuTfFrgUrviFJd1VM0.jpg,[10766],231962,['ZA'],af,Diepe Waters,"A South African, Afrikaans-language telenovela which takes place in and around a competitive swimming club, Die Swartmarlyne.",52.3248,/c3w7Dms8Pfqx5HFT2jjKd1RgO0W.jpg,2022-10-03,False,Diepe Waters,8.2,4
False,/cyieN1P9Xo5SvLasSUT7SaAAzfy.jpg,"[80, 18]",1436,['US'],en,Justified,"A character drama based on the 2001 Elmore Leonard short story ""Fire in the Hole."" Leonard's tale centers around U.S. Marshal Raylan Givens of Kentucky, a quiet but strong-willed official of the law. The tale covers his high-stakes job, as well as his strained relationships with his ex-wife and father.",52.0719,/ie1quhMk09lDtvtAyQAHTu09R9Z.jpg,2010-03-16,False,Justified,7.987,889
False,/qMFJgJrrSArM69NXLAPiWx7JCa1.jpg,[18],14944,['US'],en,Robert Montgomery Presents,"Robert Montgomery Presents is an American dramatic television series which was produced by NBC from January 30, 1950 until June 24, 1957. The live show had several sponsors during its seven-year run, and the title was altered to feature the sponsor, usually Lucky Strike cigarettes, for example, Robert Montgomery Presents Your Lucky Strike Theater, ....The Johnson's Wax Program, and so on.",52.4733,/jZLS9pS4JGltYIB43c2UvXhqZqW.jpg,1950-01-30,False,Robert Montgomery Presents,6.0,8
False,/QbtctI8EzlhsyFDMUMyG3fli8B.jpg,"[10759, 18, 10768]",63333,['GB'],en,The Last Kingdom,"A show of heroic deeds and epic battles with a thematic depth that embraces politics, religion, warfare, courage, love, loyalty and our universal search for identity. Combining real historical figures and events with fictional characters, it is the story of how a people combined their strength under one of the most iconic kings of history in order to reclaim their land for themselves and build a place they call home.",52.9736,/8eJf0hxgIhE6QSxbtuNCekTddy1.jpg,2015-10-10,False,The Last Kingdom,8.256,2047
False,/6mCtuOIjQlOuXg938DmYZ3dvaiU.jpg,"[18, 35]",10282,['US'],en,American Playhouse,American Playhouse is an anthology television series periodically broadcast by Public Broadcasting Service in the United States.,50.6335,/34LLeInneWvMyIHcCpDCrkOxDe7.jpg,1982-01-12,False,American Playhouse,6.6,8
False,/ucsg6ywfOf0u21sM54orBcXGjGs.jpg,[35],46831,['RS'],sr,Државни посао,"The backbone of the ""Državni Posao (Government Job)"" are satirical talks between the three actors, the comments are reminiscent of the ""stand-up"" form. These are short, witty comments and observations on daily life, circumstances, sociopolitical situation, sports, entertainment world, their personal opinions on various topics. The main idea is to present day in a non-existent government company and three employees of thinking about daily events in it, but also about life and society in general. Topics drawn from the daily and weekly press, for various blogs, websites, talk about movies, series, shows - radio and television. The idea is that actors humorously comment on current events, to laugh viewers and encourage them to think about them.",57.3249,/sceVlRK5RvnU1qjNipyWDHQXB7x.jpg,2012-09-24,False,Government Job,7.9,11
False,/nfbBsEbyOOf9i1KJPhteOlPZr2Y.jpg,"[18, 80]",2093,['US'],en,Matlock,"Thrifty, folksy and cantankerous, Matlock charges a premium for his services but is worth every penny: This renowned attorney, always clothed in his trademark light-gray suit and driving his signature Ford Crown Victoria, has an uncanny knack for finding overlooked clues and exposing murderers in dramatic courtroom scenes.",57.2447,/2eGYyekQjcAXVmcYW1g4keR4plV.jpg,1986-03-03,False,Matlock,7.042,143
False,/ynd225o8GuCahYGjHtFdEt8Xizm.jpg,[10766],235484,['ZA'],af,Suidooster,"Suidooster is a South African television soap opera produced by Suidooster Films which revolves around a matriarch, her family, friends and the people of Suidooster, a small shopping and business centre in the fictional Cape Town suburb of Ruiterbosch.",51.6892,/sS0N6EfeaeykTpvVwIDEtB07SNr.jpg,2015-11-16,False,Suidooster,7.0,24
False,/ftNmVV8LuNVmtB8mzoUTucozVKE.jpg,[35],61662,['CA'],en,Schitt's Creek,"Formerly filthy rich video store magnate Johnny Rose, his soap star wife Moira, and their two kids, über-hipster son David and socialite daughter Alexis, suddenly find themselves broke and forced to live in Schitt's Creek, a small depressing town they once bought as a joke.",53.5878,/iRfSzrPS5VYWQv7KVSEg2BZZL6C.jpg,2015-01-13,False,Schitt's Creek,7.791,750
False,/AqZ48TMJRPCpbuy09S0RXFAhvFa.jpg,"[10759, 80, 10765]",2473,['GB'],en,The Avengers,"A quirky spy show of the adventures of eccentrically suave British Agent John Steed and his predominantly female partners. Jonathan Steed - an urbane, proper gentleman spy - teams with various assistants throughout the series' run, including Dr. David Keel, Cathy Gale, Emma Peel and Tara King, to repeatedly save the world from diabolical schemes plotted by equally diabolical evil-doers (among them robots and man-eating monsters).",54.4368,/7D2DosFWqmNc0vfZJPqwY5uIvsR.jpg,1961-01-07,False,The Avengers,7.769,156
False,/1wgqpYNtQDn7TDkyQ2jsIAqxorW.jpg,[18],33907,['GB'],en,Downton Abbey,"A chronicle of the lives of the aristocratic Crawley family and their servants in the post-Edwardian era—with great events in history having an effect on their lives and on the British social hierarchy.

",53.525,/cf9vkwFmwvdzBlcpAYEVQfsKoTp.jpg,2010-09-26,False,Downton Abbey,8.117,1253
False,/zAgcM7zwWAVOIT9dMMzQx7e4vdX.jpg,"[10765, 9648, 18]",6357,['US'],en,The Twilight Zone,"An anthology series containing drama, psychological thriller, fantasy, science fiction, suspense, and/or horror, often concluding with a macabre or unexpected twist.",53.4839,/7uY4pCOxbEdv4M8jTE4uMPVoSIW.jpg,1959-10-02,False,The Twilight Zone,8.509,1073
False,/jnzoh5qoxRLFRIQAxnl6D3RStPC.jpg,"[16, 10759, 10765]",91363,['US'],en,What If...?,"Taking inspiration from the comic books of the same name, each episode of this animated anthology series questions, revisits and twists classic Marvel Cinematic moments.",51.0386,/lztz5XBMG1x6Y5ubz7CxfPFsAcW.jpg,2021-08-11,False,What If...?,8.0,4728
False,/4ixh7PNNWd1VaohzKD7pcP33SiN.jpg,[16],126437,['JP'],ja,アオアシ,"Ashito Aoi is a young, aspiring soccer player from a backwater town in Japan. His hopes of getting into a high school with a good soccer club are dashed when he causes an incident during a critical match for his team, which results in their loss and elimination from the tournament. Nevertheless, he catches the eye of someone important who happened to be visiting from Tokyo. How will things turn out for Ashito?",51.6847,/erwRgEPtUtyv3Vkmxt0MhjKi5kA.jpg,2022-04-09,False,Aoashi,7.8,69
False,/kdTRIa25We8UDRNuBC9fhXRlHGY.jpg,"[16, 35]",71785,['JP'],ja,おそ松さん,The lives of the now 20-something NEET Matsuno sextuplets and the bizarre adventures they find themselves into in the modern day.,51.6891,/vEsmh6m9fUhJzGfLxUpliT3vqdh.jpg,2015-10-05,False,Mr. Osomatsu,6.569,29
False,/utqCOvMmjjMTlXNZz6PHOzRM5QP.jpg,"[10751, 16, 35, 10762]",47480,['US'],en,The Tom and Jerry Show,"The iconic cat and mouse rivals are back in a fresh take on the classic series. Preserving the look, characters and sensibility of the original, this series shines a brightly colored, high-definition lens on the madcap slapstick and never-ending battle that has made Tom and Jerry two of the most beloved characters of all time.",54.1095,/41EWXLXTZO4MLb2BL28mWZuydyq.jpg,2014-04-09,False,The Tom and Jerry Show,7.369,130
False,/kP7pCxfml6erWC9aB72ALtNawJq.jpg,"[10751, 35, 16, 10765]",126824,['US'],en,The Patrick Star Show,"Follow a younger Patrick Star living at home with his family, where he hosts his own variety show for the neighborhood from his television-turned-bedroom.",52.7774,/44zbV1t35gxgcSN7sTlkUY85GC9.jpg,2021-07-09,False,The Patrick Star Show,5.907,54
False,/1xFGbReR3wAm6CHA2nPAJhXHMxW.jpg,"[80, 18, 9648]",2223,['US'],en,The F.B.I.,"The F.B.I. is an American television series that was broadcast on ABC from 1965 to 1974. It was sponsored by the Ford Motor Company, and the characters almost always drove Ford vehicles in the series. Alcoa was co-sponsor of Season One only.",54.5275,/tUlL68lFmnonSg180QJ59ipnd7c.jpg,1965-09-19,False,The F.B.I.,5.6,25
False,/pIe3Gn1NcE0fQJZuNn31CCSxR2Y.jpg,"[35, 18]",1906,['GB'],en,Shameless,"The story of a young group of siblings pretty much abandoned by their parents, surviving by their wits - and humor - on a rough Manchester council estate. Whilst they won't admit it, they need help and find it in Steve, a young middle class lad who falls for Fiona, the oldest sibling, and increasingly finds himself drawn to this unconventional and unique family. Anarchic family life seen through the eyes of an exceptionally bright fifteen year old, who struggles to come of age in the context of his belligerent father, closeted brother, psychotic sister and internet porn star neighbors.",54.6204,/kE30UWJvJZ03KIIJMmL6m6YoG0l.jpg,2004-01-13,False,Shameless,7.516,160
False,/4SoqPyzYWoujPWlMNXuZlEPlRmu.jpg,"[10766, 35]",45761,['BR'],pt,Andando nas Nuvens,The adventures of a man with amnesia who struggles to rediscover his past while learning to live in the present.,45.4152,/7AzB173IsIJzwmQn8Kgo4ExerMa.jpg,1999-03-22,False,Walking the Clouds,8.4,13
False,/7v3bO3pNnyLHLlwETtmyQxKV2Ba.jpg,"[35, 10766, 18]",73362,['IT'],it,Il paradiso delle signore,"Follow Teresa Iorio, a young woman who leaves her rural Sicilian hometown for Milan to find work--and much more--at a newly opened department store: The Ladies' Paradise.",49.4641,/1XKjPCtprWqjKhTiyYORVwgWePA.jpg,2015-12-08,False,The Ladies' Paradise,7.7,16
False,/9dTbuwQy6WoVNy9hqBAuwR1MoUU.jpg,[35],2317,['US'],en,My Name Is Earl,"When petty criminal Earl Hickey wins the lottery, he sets off on a quest to repair his questionable karma.",46.1199,/57shLTTkHvhLUhyP1t0lNZPoAxD.jpg,2005-09-20,False,My Name Is Earl,7.651,1179
False,/cLTAda6fMRirkCY1xfO4pmcHVkk.jpg,"[10759, 18]",200709,['KR'],ko,약한영웅,"With the aid of unexpected friends, a gifted but introverted student confronts bullies and violent foes — unaware of how dangerous his world will become.",51.7742,/dbqNBeLvAWFqpAvdBc0cecaqytT.jpg,2022-11-18,False,Weak Hero,8.693,535
False,/A8We2BSM6hJ1VWzncssnU2fFsft.jpg,"[16, 10759, 10765]",513,['US'],en,Batman Beyond,"As new villains overrun Gotham City of the future, the aging Bruce Wayne hangs up the cape of the once invincible Batman. But when troubled teenager Terry McGinnis stumbles upon the Dark Knight's secret, a new alliance is forged. And a triumphant new Batman is born.",51.5098,/d01V9s1hjYYJwAeocLNmrhY0ToU.jpg,1999-01-10,False,Batman Beyond,8.165,637
False,/qnOBRkVHwW258xl6CJz9K7qJCGz.jpg,[10764],88939,['CN'],zh,向往的生活,"The show documents the simplistic lifestyle of living away from the bustling city centers. Each season takes place in a different rural part of China. The cast members are only provided with the basic life necessities and have to take care of everything else such as cooking their own meals and building their own furniture. To ""buy"" different cooking ingredients and other tools, they have to complete certain tasks assigned by the production crew, such as planting and harvesting crops. Different guests join the cast in each episode and help out with the daily chores. The goal of the program is to bring the audience along on a slower pace of life and to illustrate the joys of a simple lifestyle.",45.9827,/vyKJRdzZaOyWTJt62O3vBTbdz96.jpg,2017-01-15,False,Back to Field,8.083,12
False,Tidak tersedia,[10767],91185,['DE'],de,Riverboat,,54.4491,/uU7FdI2s6VcUFJF6eByzbrTLszm.jpg,1992-01-03,False,Riverboat,5.2,4
False,/xHjRfQIRlxug491JrKiEYl9vHM1.jpg,"[16, 10765]",69500,['JP'],ja,夏目友人帳,"Natsume Takashi has the ability to see spirits, which he has long kept secret. However, once he inherits a strange book that belonged to his deceased grandmother, Reiko, he discovers the reason why spirits surround him.",57.5719,/6iIoK9LEM92hBEZD3aVQVCWeaRC.jpg,2008-07-08,False,Natsume's Book of Friends,8.185,111
False,/xV0Xro8G20SgxYfGrXun26k7eVp.jpg,"[16, 10759]",210879,['JP'],ja,るろうに剣心 －明治剣客浪漫譚－,"Ten years have passed since the end of Bakumatsu, an era of war that saw the uprising of citizens against the Tokugawa shogunate. The revolutionaries wanted to create a time of peace, and a thriving country free from oppression. The new age of Meiji has come, but peace has not yet been achieved. Swords are banned but people are still murdered in the streets. Orphans of war veterans are left with nowhere to go, while the government seems content to just line their pockets with money.",51.5799,/zT77Y6iQGmYGBqbhQi0ySD60o9i.jpg,2023-07-07,False,Rurouni Kenshin,8.3,150
False,Tidak tersedia,[99],63009,['DE'],de,Xenius,,37.0051,/yZ1G3k1hwFt42ILgsU2O3wLNJIp.jpg,2009-01-19,False,Xenius,4.0,2
False,/qAq9RBeHZoTMDFqQZ2o4cE5CJIQ.jpg,"[16, 10759, 35, 10765, 10762]",226688,['JP'],ja,BEYBLADE X,Beginner blader Robin Kazami joins up with influencer Multi Nana-iro and former champion Jaxon Cross to form this unlikely trio - ready to climb to the top of The X and win the title of champion blader!,50.6125,/66wkm14IWdrY5LaKZDAbkD2T9Jt.jpg,2023-10-06,False,Beyblade X,7.1,13
False,/fhmpYAxnF17CRWRcAWSeDRPWJi5.jpg,"[10765, 35, 10759, 18]",15819,['US'],en,Warehouse 13,"After saving the life of the President, two secret service agents - Myka Bering and Pete Lattimer - find themselves assigned to the top secret Warehouse 13. The Warehouse is a massive, top secret facility that houses dangerous and fantastical objects. Together, Pete and Myka along with fellow agents Claudia, Steve Jinks and Warehouse caretaker Artie, must recover artifacts from around the globe before they can cause catastrophic damage.",53.2928,/2AIi7giGzw4Jt709FaL8gOe9GQu.jpg,2009-07-07,False,Warehouse 13,7.684,781
False,/cjvyqIvCKQtUzd3J5TbVnCFbSNZ.jpg,"[10759, 16, 35, 10765]",240,['US'],en,Jackie Chan Adventures,"Archaeologist Jackie Chan joins forces with his adventurous 11-year-old niece, Jade, to race around the world in search of twelve powerful magical talismans before they fall into the hands of the sinister Dark Hand crime syndicate. Along the way, they're aided by Uncle, Jackie's eccentric yet brilliant uncle, whose ancient knowledge and mystical expertise often prove to be the key to defeating dark forces.",52.1571,/by2GTFpd2BQ5uJxWPlfcmfrNrfB.jpg,2000-09-09,False,Jackie Chan Adventures,8.148,893
False,/ypxQFuwYXa0yDBvl3zjwh8dY7Ie.jpg,"[16, 10759, 18, 35]",34660,['JP'],ja,最遊記,"Many years ago, humans and demons lived in harmony. But that unity  ended when demons started attacking humans and plotted a mission to  unleash Gyumao - an evil demon imprisoned for thousands of years. Now,  Genjo Sanzo, a rogue priest, must team up with three demons - Sha Gojyo,  Son Goku, and Cho Hakkai - and embark on a perilous journey to the west  to stop these demons from resurrecting Gyumao and restore the balance  between humans and demons on Earth.",52.1938,/xwvt1GANKwCELIXSeDdhZ2rEItQ.jpg,2000-04-04,False,Saiyuki,6.333,18
False,/yQw23xxmVBFVHPCF6V68TAIIfno.jpg,"[10759, 18]",219760,['US'],en,The Terminal List: Dark Wolf,"Before The Terminal List, Navy SEAL Ben Edwards finds himself entangled in the black operations side of the CIA. The deeper Ben goes into the 'gray', the harder it will become to not give himself over to his darker impulses. Every man has two wolves inside him – light and dark – fighting for control. Which wolf will Ben Edwards feed?",51.8933,/9mYeRoWguq5etbwJRdF8BXFKiF.jpg,2025-08-27,False,The Terminal List: Dark Wolf,7.7,289
False,/dTUSRTCucb59nfl5RKwDExXAir9.jpg,[10751],6431,['GB'],en,Opportunity Knocks,"A radio, and later television, talent show originally hosted by Hughie Green, with a late-1980s revival hosted by Bob Monkhouse, and later by previous winner Les Dawson.",47.645,/x2rFkNNK5RWWoQA1zy2CRPHpxGX.jpg,1956-06-13,False,Opportunity Knocks,0.0,0
False,/m6APcUIeNdFormiiKsGaG8Hdu49.jpg,[35],39297,['US'],en,Last Man Standing,A married father of three tries to maintain his manliness in a world increasingly dominated by women.,53.3617,/ofUvbcwxcA0E7qYUlhBx4gZmAzX.jpg,2011-10-11,False,Last Man Standing,7.226,368
False,/cfpEjMTT3BZxa7ohtK4fY7ETL81.jpg,"[18, 80, 35]",1527,['CA'],en,Due South,"Constable Benton Fraser, an officer of the Royal Canadian Mounted Police, is attached to the Canadian consulate but works with Chicago Police Department to solve crimes.",48.7936,/5j0mNks65Py4fW1GeYpGHe7BN3V.jpg,1994-09-22,False,Due South,7.576,85
False,/A4f1Nl1Zd9exVJuUt1tWvZ6iFT6.jpg,[18],83411,['CN'],zh,我和x先生,Diverse real stories of boys who love boys and want to make it work.,43.9314,/aNTpkqlqfUcv4ZR9U96Sc06p500.jpg,2015-05-21,False,Mr. X and I,5.5,4
False,/gvrEWoL5LaljggThtnSLdueTY17.jpg,"[10759, 18]",30188,['US'],en,WWE Heat,"Feel the heat of the Attitude Era as WWE Superstars such as ""Stone Cold"" Steve Austin and The Rock compete in exclusive matches.",47.5219,/sRtZSPKCiHmd1mVhBnNbReEUl08.jpg,1998-08-02,False,WWE Heat,5.3,9
False,/yqZ5ACKeNJ30mylUEzvtWZu4pGU.jpg,"[10759, 80, 18, 35]",67116,['US'],en,Lethal Weapon,A slightly unhinged former Navy SEAL lands a job as a police officer in Los Angeles where he's partnered with a veteran detective trying to keep maintain a low stress level in his life.,51.5466,/grGOtTZ0OfNQoWnNtdJOiY1LB8e.jpg,2016-09-21,False,Lethal Weapon,7.302,812
False,/uJUe985oIuRiD3hmHQYskIMc2WU.jpg,"[80, 18]",62560,['US'],en,Mr. Robot,"A young programmer, Elliot, suffers from a debilitating anti-social disorder and decides that he can only connect to people by hacking them. He wields his skills as a weapon to protect the people that he cares about. Elliot finds himself in the intersection between a cybersecurity firm he works for and the underworld organizations that are recruiting him to bring down corporate America.",53.2329,/kv1nRqgebSsREnd7vdC2pSGjpLo.jpg,2015-06-24,False,Mr. Robot,8.273,5590
False,/eJd5TfoiFG5JOhuMZgdvpTgp8eK.jpg,[80],41018,['DE'],de,SOKO Wismar,,47.39,/jvc2fWkPfr5CdiK18k9VOM6xYZ5.jpg,2004-10-06,False,SOKO Wismar,5.917,12
False,/aCnxysaFUn1Zco2K5SjpgEaf0rk.jpg,[18],3673,['GB'],en,Crown Court,"Crown Court is an afternoon television courtroom drama produced by Granada Television for the ITV network that ran from 1972, when the Crown Court system replaced Assize courts and Quarter sessions in the legal system of England and Wales, to 1984.",54.1397,/8nT9SyvLcIkXeYRT6me3Tb8YHGV.jpg,1972-10-18,False,Crown Court,5.7,6
False,/QZaPkNUvhdcKONuO2fXuqtcQRo.jpg,"[9648, 18, 10759]",110316,['JP'],ja,今際の国のアリス,"With his two friends, a video-game-obsessed young man finds himself in a strange version of Tokyo where they must compete in dangerous games to win.",50.788,/Ac8ruycRXzgcsndTZFK6ouGA0FA.jpg,2020-12-10,False,Alice in Borderland,8.091,2833
False,/ulBGaxq9GmJexyEOi4Xci74g6Vt.jpg,"[16, 10765, 9648, 10759]",224263,['US'],en,Stranger Things: Tales from '85,"Winter. Hawkins. 1985. Welcome back to a town crawling with secrets, where beloved heroes are facing fresh mysteries... and an all-new breed of strange.",51.9462,/xyVpiSZNA2fYJUuuagkqiSHJqjr.jpg,2026-04-23,False,Stranger Things: Tales from '85,7.6,109
False,/xadC4VMl6UPRdBINAUgTBmYL7BF.jpg,"[80, 18, 9648]",39276,['US'],en,Unforgettable,"Former Syracuse, New York, police detective Carrie Wells has hyperthymesia, a rare medical condition that gives her the ability to visually remember everything. She reluctantly joins the New York City Police Department's Queens homicide unit after her former boyfriend and partner asks for help with solving a case. The move allows her to try to find out the one thing she has been unable to remember, which is what happened the day her sister was murdered.",53.3617,/AvbMRqe3wSe4DBzIYl56CBlcalw.jpg,2011-09-20,False,Unforgettable,7.245,351
False,/wUTmtKS7EGJDMTvv1ZSoAiRM3OL.jpg,[10766],51263,['DK'],da,Hvide løgne,,50.0399,/3gFAQiswymJWbg1Xcsv3qFtty4Z.jpg,1998-03-01,False,Hvide løgne,7.0,3
False,/ttB60pxSxMyyW9mIDlq89RLf0vQ.jpg,"[80, 18, 9648]",86848,['US'],en,Evil,"Skeptical forensic psychologist Kristen Bouchard joins priest-in-training David Acosta and technology expert Ben Shakir as they investigate supposed miracles, demonic possessions, and other extraordinary occurrences to assess for a scientific explanation or if something truly supernatural is at work.",53.0288,/auRAAVxlyT6YACql96UdtnpFHy3.jpg,2019-09-26,False,Evil,7.833,1078
False,/1YTo2OpO7GP6k5cq9A0pR6hAWZP.jpg,"[16, 18, 10765]",32377,['JP'],ja,装甲騎兵ボトムズ,The story of stoic Armored Trooper pilot Chirico Cuvie and his quest for answers after a sudden betrayal leaves him on the run from his own military.,49.2515,/hYv6w515vwe3IowcvbPrk4R6ckl.jpg,1983-04-01,False,Armored Trooper VOTOMS,7.063,16
False,/lUincM93AWXWQbq0Y3PIKu10HEL.jpg,"[10759, 10765, 18]",34967,['US'],en,Falling Skies,"Falling Skies opens in the chaotic aftermath of an alien attack that has left most of the world completely incapacitated. In the six months since the initial invasion, the few survivors have banded together outside major cities to begin the difficult task of fighting back. Each day is a test of survival as citizen soldiers work to protect the people in their care while also engaging in an insurgency campaign against the occupying alien force.",53.2594,/uP6p0aWcIpYwA0HjY4bYR4naz5g.jpg,2011-06-19,False,Falling Skies,7.12,1389
False,/bblnBLNL8w45P8QYXsbC8b1GlLs.jpg,"[10759, 18]",474,['US'],en,Nash Bridges,Fun-loving San Francisco Police Department investigator Nash Bridges is part of the elite Special Investigations Unit. He tackles crime using his keen sense of humor and charm. Joe Dominguez comes out of retirement to become Bridges' wisecracking yet more rule-abiding partner.,53.3461,/hJeHSCFoxWN2Pt2lg56CKOi9g87.jpg,1996-03-29,False,Nash Bridges,6.552,115
False,/siQgEbkDwku6n5XFFN0IG8kjMZh.jpg,"[10763, 10767]",1709,['US'],en,Today,"Today is a daily American morning television show that airs on NBC. The program debuted on January 14, 1952. It was the first of its genre on American television and in the world, and is the fifth-longest running American television series. Originally a two-hour program on weekdays, it expanded to Sundays in 1987 and Saturdays in 1992. The weekday broadcast expanded to three hours in 2000, and to four hours in 2007.

Today's dominance was virtually unchallenged by the other networks until the late 1980s, when it was overtaken by ABC's Good Morning America. Today retook the Nielsen ratings lead the week of December 11, 1995, and held onto that position for 852 consecutive weeks until the week of April 9, 2012, when it was beaten by Good Morning America yet again. In 2002, Today was ranked #17 on TV Guide's 50 Greatest Television  Shows of All Time.",46.8338,/27Sje8LhDZ0J71MuKdr7F8Auc4t.jpg,1952-01-14,False,Today,5.6,32
False,/zoAxfThy7ntyCutBeNgdaKhRoSX.jpg,[18],1425,['US'],en,House of Cards,"Betrayed by the White House, Congressman Frank Underwood embarks on a ruthless rise to power. Blackmail, seduction and ambition are his weapons.",53.7158,/hKWxWjFwnMvkWQawbhvC0Y7ygQ8.jpg,2013-02-01,False,House of Cards,8.003,3302
False,Tidak tersedia,[10767],26552,['US'],en,Tonight Starring Jack Paar,"Tonight Starring Jack Paar is an American talk show hosted by Jack Paar under The Tonight Show franchise from 1957 to 1962. It originally aired during late-night.

During most of its run it was broadcast from Studio 6B inside the RCA Building. The same studio would also host early episodes of The Tonight Show Starring Johnny Carson, and Late Night with Jimmy Fallon. Its theme song was an instrumental version of ""Everything's Coming Up Roses"", and the closing theme was ""So Until I See You"" by Al Lerner.",51.9038,/cOmIwXd4NCdjyab7gAIY9557ZQU.jpg,1957-07-29,False,Tonight Starring Jack Paar,7.5,6
False,Tidak tersedia,[],294546,['US'],en,Board AF,Board AF - the table top game show! We'll be playing all kinds of board & card games - so let us know what you want to see!,53.8787,/uuebWZJEnOIiPqLdoxQQRAPuGyc.jpg,2016-10-16,False,Board AF,0.0,0
False,/qZ1odCAlNZhUIeLXZXU06JxRqjo.jpg,"[10766, 18]",27181,['DE'],de,Rote Rosen,"Rote Rosen is a German telenovela produced by Studio Hamburg Serienwerft Lüneburg and broadcast by Das Erste since November 6, 2006. The show is a complex telenovela, who tells one love story every season about women in their forties.",43.2502,/swL2qUjGrChFyj14ExwA0pwWtzv.jpg,2006-11-06,False,Rote Rosen,3.0,5
False,/3AZPKPlZnyV7qIsEbJJfg6YY9o7.jpg,[10767],106587,['RU'],ru,Мужское / Женское,A talk show about relationships. In the program are discussed all kinds of gender issues and scandalous human stories.,47.3142,/p6C0g6ZQ4jj9kW7Om8Z3Fjkzw1c.jpg,2014-09-29,False,Muzhskoye / Zhenskoye,5.5,2
False,/8dGgunEwWsPcXHv87gI19QncLrw.jpg,"[10765, 35, 10751]",1660,['US'],en,I Dream of Jeannie,"While on a mission, American astronaut Captain Tony Nelson is forced to make an emergency landing that will forever change his life. On a deserted South Pacific island, Captain Nelson happens upon a bottle containing a beautiful two-thousand-year-old female genie named Jeannie. Rescuing her from the bottle nets Tony the requisite three wishes, and then some, when Jeannie pledges total devotion to her new ""master"".",52.2098,/ljlyB3C3uU8Hd1krfEsYn2BVyaj.jpg,1965-09-18,False,I Dream of Jeannie,7.824,843
False,/FNeJtRUd5XID186SHzjNNneP3f.jpg,"[18, 10766]",61733,['US'],en,Empire,A powerful family drama about the head of a music empire whose three sons and ex-wife all battle for his throne.,52.7967,/gTrzYR6gWMhQ8yINW9JCLeoJHvf.jpg,2015-01-07,False,Empire,7.137,763
False,/k1UpU2cfa4PbDUBnJtr43TpdNBg.jpg,[18],1423,['US'],en,Ray Donovan,"Set in the sprawling mecca of the rich and famous, Ray Donovan does the dirty work for LA's top power players, and makes their problems disappear. His father's unexpected release from prison sets off a chain of events that shakes the Donovan family to its core.",50.9097,/cwJ6nLNvX62By0yoLYWFhRelPkF.jpg,2013-06-30,False,Ray Donovan,7.496,864
False,/kRRYafjTZh8gnZDLKSg5imj80es.jpg,"[10765, 10759, 18]",1663,['US'],en,The Six Million Dollar Man,"Follow the adventures of Steve Austin, cybernetically enhanced astronaut turned secret agent, employed by the OSI, under the command of Oscar Goldman and supervised by the scientist who created his cybernetics, Rudy Wells. Steve uses the superior strength and speed provided by his bionic arm and legs, and the enhanced vision provided by his artificial eye, to fight enemy agents, aliens, mad scientists, and a wide variety of other villains.",52.6059,/5pd6DayQgZxK9lQHdZZYZuXyaZ2.jpg,1974-01-18,False,The Six Million Dollar Man,7.286,446
False,/bBziqQXj6ELvVCpPfxGM9OWJpWa.jpg,"[18, 10759, 80]",89393,['US'],en,9-1-1: Lone Star,"Nearly 20 years ago, Owen Strand was the lone survivor of his Manhattan firehouse on 9/11. In the wake of the attack, Owen had the unenviable task of rebuilding his station. After a similar tragedy happens to a firehouse in Austin, Owen, along with his troubled firefighter son, T.K., takes his progressive philosophies of life and firefighting down to Texas, where he helps them start anew. On the surface, Owen is all about big-city style and swagger, but underneath he struggles with a secret he hides from the world - one that could very well end his life.",50.7611,/BOTITv548LYGB4xRD3rHfbwkqm.jpg,2020-01-19,False,9-1-1: Lone Star,8.053,1242
False,Tidak tersedia,[35],60698,['IN'],hi,Comedy Nights with Kapil,Comedy Nights with Kapil is a comedy show which provides a distinctive take on the everyday life of a common man as the show explores the story of every household and how our common man Kapil is affected by the simplest issues in life around him.,41.6095,/9rScFaEadiT3r46LuT9wWOkh3fo.jpg,2013-06-22,False,Comedy Nights with Kapil,6.795,22
False,/7NNNXo0qG2SqH4JoG7GPvJ2hzes.jpg,"[10765, 18]",93740,['US'],en,Foundation,Follow a band of exiles on their monumental journey to save humanity and rebuild civilization amid the fall of the Galactic Empire.,50.9379,/tg9I5pOY4M9CKj8U0cxVBTsm5eh.jpg,2021-09-23,False,Foundation,7.706,1827
False,/1BQqYdAAwTo1HBnXJrCNj6DQ9B3.jpg,"[16, 35, 10765, 10759, 10762]",2129,['US'],en,The Adventures of Jimmy Neutron: Boy Genius,"Jimmy Neutron is the smartest kid in town. As a genius, Jimmy thinks most things can be solved with the invention of a new gizmo. But Jimmy usually takes the easy way out, and his backfiring gadgets result in comedic adventures.",50.542,/dxUNSVBU03LuVSZ3rriui6a7Xvk.jpg,2002-07-20,False,The Adventures of Jimmy Neutron: Boy Genius,7.382,875
False,/nDhhWFhjEaihxFFiqJ7mfUX1DlY.jpg,[35],32294,['US'],en,Hot in Cleveland,"Three fabulous, eccentric, LA best friends of a certain age have their lives changed forever when their plane unexpectedly lands in Cleveland and they soon rediscover themselves in this new ""promised land.""",53.3051,/oSd0I8hc62W8xZVCOpZvRXS90Ty.jpg,2010-06-16,False,Hot in Cleveland,7.2,138
False,/icPBB9V5IX1hggtNs1fvskP2lsi.jpg,[9648],332401,['DE'],de,City of Blood,"Berlin — a city-state on the brink. While a privileged few live beneath a climate-controlled dome, those outside struggle to survive in a world ravaged by heat, corruption, and crime. After years apart, sisters Bea and Phoebe are reunited and uncover a dark secret: Vampires are determined to seize political power — and blood has become the city's new currency.",48.6161,/Njr0Rlb4CobAfrGE8NVffYDGqx.jpg,2026-09-16,False,City of Blood,6.385,13
False,/tXJf6radpACrCQPYIU0ARFsVV7z.jpg,"[37, 18]",4324,['US'],en,"Dr. Quinn, Medicine Woman",Dr. Michaela Quinn journeys to Colorado Springs to be the town's physician after her father's death in 1868.,53.9412,/rF32uo83bzezkEUQ8VGarbCJi32.jpg,1993-01-01,False,"Dr. Quinn, Medicine Woman",7.6,489
False,/mKikck71CvVISUSTLk29fwRbH4y.jpg,"[35, 10765]",83631,['US'],en,What We Do in the Shadows,"A documentary-style look into the daily (or rather, nightly) lives of a group of vampires in Staten Island who have “lived” together for hundreds and hundreds of years.",50.0857,/wa3ZQE9kLnqwN3vQ0NNjg1NPsCa.jpg,2019-03-27,False,What We Do in the Shadows,7.999,1055
False,/6g75a6wnJWrljoLJBjaNWcsK7Lq.jpg,"[80, 18]",3322,['US'],en,Oz,"The daily lives of prisoners in Emerald City, an experimental unit of the Oswald Maximum Security Prison where ingroups - Muslims, Latinos, Italians, Aryans - stick close to their mutual friends and terrorize their mutual enemies.",51.2146,/oTQ9PUnCgf9CimYeWuDGp8iaT07.jpg,1997-07-12,False,Oz,8.046,879
False,/2CUdryUjbdOrWymDJSlHvlcoPsj.jpg,[10764],127163,['DE'],de,Das perfekte Dinner,,50.3726,/1DTwcRiOMmn20hHLxKeiNoI0ux2.jpg,2005-11-21,False,Das perfekte Dinner,6.0,1
False,/66Qqh7rJTCOSZgJkVAJa3wfUMMI.jpg,"[18, 80]",3716,['US'],en,Dragnet,"Follows the cases of a dedicated Los Angeles police detective, Sergeant Joe Friday, and his partners. The show takes its name from the police term ""dragnet"", meaning a system of coordinated measures for apprehending criminals or suspects.",47.435,/393BVqnVaioYBE5f3LMUwFRAwPQ.jpg,1951-12-16,False,Dragnet,6.5,36
False,/h8A6J31szyLPWU2HXS2wZkp8aQa.jpg,"[18, 10766]",3437,['US'],en,Hotel,"Hotel is an American prime time drama series which aired on ABC from September 21, 1983 to May 5, 1988 in the timeslot following Dynasty.

Based on Arthur Hailey's 1965 novel of the same name, the series was produced by Aaron Spelling and set in the elegant and fictitious St. Gregory Hotel in San Francisco. Establishing shots of the hotel were filmed in front of The Fairmont San Francisco atop the Nob Hill neighborhood. Episodes followed the activities of passing guests, as well as the personal and professional lives of the hotel staff.",53.4225,/bYOQJm7O7cEPvkcMp3VI6TSP6Eg.jpg,1982-08-21,False,Hotel,6.846,26
False,/30s2nURgAviUQiLu2vtHUfNPZs2.jpg,"[10762, 16, 35, 10765, 10759]",155256,['CN'],zh,开心超人联盟,,51.098,/9Il7a5oQSpo12wGCkBwkB5S1H3O.jpg,2010-07-02,False,Happy Toon,7.429,7
False,/9hfA9zMsyckwZ8WLMVQYKG8YSwY.jpg,[18],80350,['US'],en,New Amsterdam,"The new medical director breaks the rules to heal the system at America's oldest public hospital. Max Goodwin sets out to tear up the bureaucracy and provide exceptional care, but the doctors and staff are not so sure he can succeed. They've heard this before. Not taking ""no"" for an answer, Dr. Goodwin's instinctive response to problems large and small is four simple words: ""How can I help?"" He has to disrupt the status quo and prove he'll stop at nothing to breathe new life into this underfunded and underappreciated hospital, returning it to the glory that put it on the map.",53.5823,/jsH4AeGZn5Q6h314A3OTUHKxHhR.jpg,2018-09-25,False,New Amsterdam,8.3,1115
False,/31DYtr1OvZOyMDwToZsNp0L9ib8.jpg,"[18, 35]",1737,['US'],en,Four Star Playhouse,"Four Star Playhouse is an American television anthology series that ran from 1952 to 1956, sponsored in its first bi-weekly season by The Singer Company; Bristol-Myers became an alternate sponsor when it became a weekly series in the fall of 1953. The original premise was that Charles Boyer, Ida Lupino, David Niven, and Dick Powell would take turns starring in episodes. However, several other performers took the lead from time to time, including Ronald Colman and Joan Fontaine.

Blake Edwards was among the writers and directors who contributed to the series. Edwards created the recurring character of illegal gambling house operator Willie Dante for Dick Powell to play on this series. The character was later revamped and spun off in his own series starring Howard Duff, then-husband of Lupino.

The pilot for Meet McGraw, starring Frank Lovejoy, aired here, as did another episode in which Lovejoy recreated his role of Chicago newspaper reporter Randy Stone, from the radio drama Nightbeat.",51.8169,/xbf9pv1YfMvbQeOWOMCOJ70zTtp.jpg,1952-09-25,False,Four Star Playhouse,6.8,11
False,/iAzH3jFEaDMkjEsNNBUpGzSJ6VR.jpg,"[18, 10759, 10765]",75450,['US'],en,Titans,A team of young superheroes led by Nightwing (formerly Batman's first Robin) form to combat evil and other perils.,51.0421,/8e6QiSexmYKaiHGPvbhaFMmQEhc.jpg,2018-10-12,False,Titans,7.851,2902
False,/lnHFty7PsAnizaNjb509Kps6qeP.jpg,"[16, 35, 10765, 10759]",2309,['US'],en,Danny Phantom,"Danny Fenton was once your typical kid until he accidentally blew up his parents' laboratory and became ghost-hunting superhero Danny Phantom. Now half-ghost, Danny's picked up paranormal powers, but only his sister, Jazz, and best friends, Samantha and Tucker, know his secret. Danny's busy fighting ghosts, saving Casper High and hiding his new identity all while trying to graduate.",46.8213,/pBUOFBmZLaIxzjDjQP7d3QZrd4w.jpg,2004-04-03,False,Danny Phantom,8.307,1180
False,/39bnzUkZTfekyz1HVXN4eHxiCaX.jpg,"[16, 35, 10765]",80609,['JP'],ja,キテレツ大百科,"The main character is a scientific genius boy named Kiteretsu, who has built a companion robot named Korosuke. He frequently travels in time with his friends and Korosuke in the time machine he built. Miyoko is a girl in his neighborhood who is basically his girlfriend. Tongari is his rival, who happen to share some similar traits of Honekawa Suneo. Buta Gorilla is a typical neighborhood bully, who also share similar traits of Gian except that he often antagonizes Korosuke (though they are in grade school).",50.3932,/3UoNmOT7E7o7FcGmzTMmcw1WGGU.jpg,1988-03-27,False,Kiteretsu Daihyakka,7.9,16
False,/b9XrA0RAIyyJLcsEvGOxAK0PvYU.jpg,"[10767, 99]",237020,['CN'],zh,百家讲坛：专题集,,48.3224,/3eHAbgJ8yElDfpWhGxWVNULXF4k.jpg,2001-07-09,False,Lecture Room,7.0,3
False,/miVfaepSfWV9uIbPEnC3EvExVSn.jpg,[10767],46188,['FR'],fr,Vivement dimanche,,52.6294,/nRrrsDkH1kYgjvTpirkwMqZFjc5.jpg,1998-09-20,False,Vivement dimanche,3.556,9
False,/6WUb3YhgNSpI2Hk33OKiNi0WKUz.jpg,"[10766, 18]",9027,['AR'],es,Rebelde Way,"Four teenagers at an elite school in Buenos Aires are drawn together by their love of music, despite their differing social and economic backgrounds.",39.6327,/3ROiiGuYqXkm1CKX1h3KtmSvI8z.jpg,2002-05-27,False,Rebelde Way,8.026,383
False,/XuJi5lKkYLCFpJprfSUZveRof7.jpg,"[35, 18, 10751]",4500,['US'],en,The Wonder Years,"The story of Kevin Arnold facing the trials and tribulations of youth while growing up during the 1960s and 70s. Told through narration from an adult Kevin, Kevin faces the difficulties of maintaining relationships and friendships on his enthralling journey into adulthood.",52.8312,/tkaduqdhFrF1vp8L55OJfB5jw8Z.jpg,1988-01-31,False,The Wonder Years,8.348,1115
False,/qCW9ztyYsRtywJXKvzw5FIXIkQl.jpg,"[35, 18]",59804,['LT'],lt,Moterys meluoja geriau,Moterys meluoja geriau is a Lithuanian TV series produced by TV3. It is the most watched Lithuanian drama of all time. It is based on a novel by Daiva Vaitkevičiūtė. The series follows four young women and their love interests.,48.1347,/wXv3Fv7TQE0UC7goU587M9CiMkt.jpg,2008-02-04,False,Women lie better,4.5,2
False,/ybdN4cyWBlfgamgYca2XwYL2Kqn.jpg,"[16, 10759, 9648]",258901,['JP'],ja,SANDA,"In near-future Japan with ultra-low birthrates, children are treasured but monitored. Santa is banned as dangerous. One snowy December 25th, middle-schooler Kazushige Sanda, descendant of Santa, is attacked by classmate Fuyumura who wants him to find her missing friend, Ono. ""Santa, please find my friend."" To protect children from adults, Sanda decides to become Santa and fight the adults.",34.334,/ab36zMKFexfl3ROR48UcJQ8AuY4.jpg,2025-10-04,False,SANDA,7.5,43
False,/8HmnlwlljiC0h3TA4oc0SErUIs6.jpg,"[16, 10762]",14525,['FR'],fr,Martin Matin,"Martin, an ordinary nine-year-old boy, has one strange characteristic: every morning he awakes to find himself transformed into fantastic and legendary beings. Despite the transformations, he goes to school with his friends, and adventures then ensue.",45.4274,/6hRjWz6tmJuUqfvFlQdBArVtPLb.jpg,2003-01-01,False,Martin Morning,6.7,19
False,/hZmWDFV7qVAlhvEqJ23txLD7oHa.jpg,[35],1739,['US'],en,According to Jim,"Jim is the typical all-American guy — a macho ""everyman"" — with a soft spot for his beautiful wife and children. Jim's boyish bravado and humorous antics keep a certain level of turmoil in their home, but there's never a doubt that this ""opposites attract"" couple are in their marriage for keeps!",49.1497,/iNegoiByXFILSmBccfISNpVmTAK.jpg,2001-10-03,False,According to Jim,6.535,404
False,/Agx8RmlBBDJrlH9MyUOd5JYYZPS.jpg,"[80, 18]",332657,['US'],en,Route 187,"Citizens combat urban violence until a bus driver and student's murders by thugs spark outrage, leading authorities to hunt the culprits captured on video.",47.0007,/yfP9A3IaKE00U1ap1y7wAoZRzeC.jpg,2026-09-16,False,Route 187,6.958,12
False,/nAY6ZoWlRzzyvYSfWGmg3MdnFme.jpg,"[10764, 35]",64978,['US'],en,Whose Line Is It Anyway?,"Comedian Aisha Tyler hosts this improv comedy show where the actors on the show - Wayne Brady, Colin Mochrie, Ryan Stiles along with a special guest each episode -must put their comedic skills to the test through a series of spontaneous improv games, prompted only by random ideas supplied by the studio audience.",47.2663,/4ZHAjDQQu3tly31K2sdAXKHqf7C.jpg,2013-07-16,False,Whose Line Is It Anyway?,7.691,110
False,/1IUDDaEry6BY7RcxXa5l1OcHA82.jpg,"[18, 10751]",209256,['JP'],ja,北の家族,The 13th NHK Asadora. Starring Youko Takahashi in a story about a brother and sister coming of age in Hakodate and Kanazawa.,36.9814,/pkaupLRkuQq86oIHAD1a0JNJIT2.jpg,1973-04-02,False,Kita no kazoku,0.0,0
False,/jHkeqXYUU4khZEig88AFLMUOmep.jpg,"[18, 9648, 10765]",50825,['US'],en,Sleepy Hollow,Ichabod Crane is resurrected and pulled two and a half centuries through time to unravel a mystery that dates all the way back to the founding fathers.,50.0861,/2RHj62XneYMCRPAyQrEIrKVij12.jpg,2013-09-16,False,Sleepy Hollow,7.424,1138
False,/tZ2kKliPcBVEKQOTYbndFdIKIB8.jpg,[35],2187,['US'],en,Reno 911!,"This partially unscripted comedy brings viewers into the squad car as incompetent officers swing into action, answering 911 calls about everything from speeding violations and prostitution to staking out a drug den. Within each episode, viewers catch a ""fly on the wall"" glimpse of the cops' often politically incorrect opinions, ranging from their personal feelings to professional critiques of their colleagues.",50.5716,/jIoeMgmcGdgTDqQUq4sDWFNsPUD.jpg,2003-07-23,False,Reno 911!,7.254,201
False,/xcSH4KdTxvVmLARyrEeZOYrHjGR.jpg,[35],61692,['US'],en,Fresh Off the Boat,"A '90s-set single-camera comedy about a hip-hop-loving Asian kid growing up in suburban Orlando, being raised by an immigrant father obsessed with all things American and an immigrant mother often bewildered by white culture.",50.3681,/o8ekdtv98EnrymVLw3VJ2WoFBoM.jpg,2015-02-04,False,Fresh Off the Boat,7.222,306
False,/tdDRR3qnwwicr2DJbaaF8CDW168.jpg,"[16, 35, 10751, 10762]",7869,['US'],en,The Penguins of Madagascar,"The adventures of four penguins—Skipper, Kowalski, Private, and Rico, who perform various commando-like missions to protect their home in the Central Park Zoo. The penguins often have to deal with problems caused, or made worse, by their zoo neighbors, King Julien XIII (a ring-tailed lemur), Maurice (an aye-aye), and Mort (a mouse lemur).",48.3202,/1fRG81M83HgwupmndtgZQOBHh8o.jpg,2008-11-28,False,The Penguins of Madagascar,7.507,469
False,/vvei6LsMbWm69pkHMueSSHDXa9O.jpg,"[10751, 10766]",225590,['HK'],cn,開心華之里,"The frugal and harsh father, CHENG SAM, and the open-minded and generous mother, LEUNG HANG MUI, are a lively couple in the family. Other family members include their lazy and rude son, YUEN YUK PO; their optimistic and irresponsible daughter, YUEN YUET CHU; their defiant and domineering daughter-in-law, HO SHUK KIANG, and their honest and confident son-in-law, YEUNG JO GAI. Their granddaughter, MUN HEI, is a free-spirited girl while their grandson, MUN CHOI, is a cunning and opportunistic businessman. The family's fortunes are tied to their partners, CHU CHI WAH and CHAN WING MAN. Together, they form a tapestry of modern urban life.",48.2494,/ote6nMem0bXPr96d48YVUyStlcA.jpg,1993-05-10,False,Mind Our Own Business,9.0,1
False,/l418EclewHc7BWxR00fg4CwBm2m.jpg,"[10763, 35, 10767, 10764]",88033,['FR'],fr,Les Guignols de l'info,"A parody of a newscast, the show is a caricature of the political world, the media, personalities or more generally of French society and the current world.",43.1054,/9u7oDri9TvJXffoe6cyD2EDkQi2.jpg,1988-08-29,False,The News Puppets,8.0,21
False,/18meLlRgXkIsDqMoPeXSCHlnGDA.jpg,[99],46813,['DE'],de,Quarks,,32.7457,/3yfcWfWGnRQ4EAJKxpUdRRb47Hz.jpg,1993-04-14,False,Quarks,9.4,5
False,/xFbQjMq2pQvyYcoVDb6uZhmNSJC.jpg,"[10766, 10762, 10751, 35]",109959,['PT'],pt,Floribella,,47.76,/2N7dheuQDyG2c1bWDBRtxMofCO0.jpg,2006-03-31,False,Floribella,7.4,5
False,/aatG9iVAUL7U7OyFEmupESpOrD2.jpg,"[80, 18]",69740,['US'],en,Ozark,"A financial adviser drags his family from Chicago to the Missouri Ozarks, where he must launder $500 million in five years to appease a drug boss.",49.4233,/pCGyPVrI9Fzw6rE1Pvi4BIXF6ET.jpg,2017-07-21,False,Ozark,8.199,2921
False,/bOiT83l2txv8oErjW3oae04Oq1G.jpg,"[16, 10759, 10765, 35]",44371,['JP'],ja,宇宙船サジタリウス,"Uchūsen Sagittarius is a 77-episode Japanese science fiction anime series directed by Kazuyoshi Yokota and created by Nippon Animation and TV Asahi. It aired from January 10, 1986 to October 3, 1987.

The series is based on Altri Mondi, an Italian comic book drawn by physicist Andrea Romol.",44.0171,/pGlKqwpaqdig9208sgJQCi65YnB.jpg,1986-01-10,False,Spaceship Sagittarius,6.625,8
False,/u7XADmNNOyuza7UkoAa94bycqp3.jpg,"[18, 9648]",39358,['US'],en,Revenge,"When Emily Thorne moves to the Hamptons, everyone wonders about the new girl, but she knows everything about them, including what they did to her family. Years ago, they took everything from her. Now, one by one, she's going to make them pay.",50.6606,/qx7XytRgg1F03NN5BoK8jx3Cyft.jpg,2011-09-21,False,Revenge,7.551,856
False,/2wMwu8CXTZsnteGLrfVkMXpD0il.jpg,[10767],2156,['US'],en,The Tyra Banks Show,"The Tyra Banks Show, also known as and shortened to Tyra or The Tyra Show, is an American talk show hosted by Tyra Banks. The last new episode aired on Friday, May 28, 2010. The show featured many special guest stars which include Mike Epps, Cheryl Tiegs, Miley Cyrus, LL Cool J, Rihanna, Michael Rapaport, and Robbi Morgan.",47.9784,/du7W8UdGmqpqUUCZdOGGZNmD6uS.jpg,2005-09-12,False,The Tyra Banks Show,5.0,23
False,/SQnLhAgFW1czxu0WldQJMWFP5i.jpg,[18],276612,['IN'],ta,Ninaithen Vandhai,"Ezhil is devastated after his wife Indhumathi’s death. A simple village girl, Sudarvizhi, steps in to be his children's caretaker. But can Sudarvizhi fill the void in Ezhil and his children’s hearts?",48.1828,/csdQGYq7zZ6Tt3BwIE3dfT3QcHr.jpg,2024-01-22,False,Ninaithen Vandhai,0.0,0
False,/lodNd9ITHf32q8ybHArHqoWOcXf.jpg,"[10765, 10759, 18]",85949,['US'],en,Star Trek: Picard,"Set twenty years after the events of Star Trek Nemesis, we follow the now-retired Admiral Picard into the next chapter of his life.",47.1416,/nIlAKIrLKxOeoEnc0Urb65yNCp.jpg,2020-01-23,False,Star Trek: Picard,7.235,1954
False,/uvCkSZwCTKnBtBOvDpcOvQA6xBg.jpg,"[16, 35, 18, 10759]",42705,['JP'],ja,はじめの一歩,"Makunouchi Ippo is an ordinary high school student in Japan. Since he spends most of his time away from school helping his mother run the family business, he doesn't get to enjoy his younger years like most teenagers. Always a target for bullying at school (the family fishing business grants him a distinct odor), Ippo's life is one of hardship. One of these after-school bullying sessions turns Ippo's life around for the better, as he is saved by a boxer named Takamura. He decides to follow in Takamura's footsteps and train to become a boxer, giving his life direction and purpose. Ippo's path to perfecting his pugilistic prowess is just beginning...",50.6806,/fEYVJu08En9A7n0e5TTpeoSjtIm.jpg,2000-10-03,False,Fighting Spirit,8.67,1234
False,/1szJqm8ksrwbPheLfEZn2ohTGbg.jpg,"[16, 10751, 10765, 10762, 35]",5687,['US'],en,The Smurfs,"Classic Saturday-morning cartoon series featuring magical blue elf-like creatures called Smurfs. The Smurfs, named for their personalities, inhabit a village of mushroom houses in an enchanted forest. These loveable creatures are led by Papa Smurf and live carefree... except for one major threat to their existance: Gargamel, an evil but inept wizard who lives in a stone-built house in the forest; and his feline companion, the equally nasty Azrael. ",48.8888,/cezQyM5cO454vUdLiLOkv78K64D.jpg,1981-09-12,False,The Smurfs,6.997,595
False,/e3F1DhLs90kk1hWZhoTUanrxjMu.jpg,"[16, 35, 10751, 10765, 10759]",2355,['US'],en,Lilo & Stitch: The Series,"This animated series chronicles the further adventures of renegade scientist Dr. Jumba Jookiba's beloved Experiment 626, who is now living happily as Lilo's alien buddy Stitch. Jumba’s remaining experiments have landed all over Hawaii in the form of dehydrated pods. Lilo and Stitch’s mission is to catch Stitch’s ""cousins"" before they fall into the clutches of the evil Dr. Jacques von Hamsterviel!",45.0014,/hmNpwSKZzStqO4bfOFeYNTn2B7.jpg,2003-09-20,False,Lilo & Stitch: The Series,7.42,665
False,/lyAx1XlcrPaenfwvSYnOl4h4WMk.jpg,[35],3845,['US'],en,Happy Days,"In 1950s Milwaukee the Cunningham family must contend with Fonzie, a motorcycle riding Casanova.",52.6122,/sepIwNPCEhkKvFOQSjXK6tekkjR.jpg,1974-01-15,False,Happy Days,7.633,320
False,/hIcdjwYzMUDeF1m48IJvxHjFNve.jpg,[35],1809,['US'],en,The Odd Couple,"Felix and Oscar are two divorced men. Felix is neat and tidy while Oscar is sloppy and casual. They share a Manhattan apartment, and their different lifestyles inevitably lead to conflicts.",37.5228,/5NYUeWc7lXq6pbHDP0Pz3xxKhPC.jpg,1970-09-24,False,The Odd Couple,7.797,69
False,/tc1YJLMCMFyvA1OsFyzMMJ2wIfL.jpg,"[18, 9648]",12447,['US'],en,Climax!,Climax! is an American anthology series that aired on CBS from 1954 to 1958. The series was hosted by William Lundigan and later co-hosted by Mary Costa. It was one of the few CBS programs of that era to be broadcast in color. Many of the episodes were performed and broadcast live.,52.2874,/fO9xn3sIVQHs5ap4gUnQ4AacONE.jpg,1954-10-07,False,Climax!,3.833,12
False,/9pGzG5CYx2XM8JFFQvMk9Z3z9ze.jpg,"[80, 18, 35]",208569,['US'],en,Will Trent,"Special Agent Will Trent was abandoned at birth and endured a harsh coming-of-age in Atlanta's overwhelmed foster care system. Determined to make sure no one feels as he did, he now has the highest clearance rate.",47.047,/qG5O46gUxxYGImld03tl2zLhvrg.jpg,2023-01-03,False,Will Trent,7.3,209
False,/nvm6q6p0y7CdRG1JQuGzWLdV7p7.jpg,"[10751, 18, 10765]",2440,['US'],en,Highway to Heaven,A probationary angel is sent back to Earth to team up with an ex-cop and help people.,49.3926,/mcAqVE5RY2KBA9JYC1wqb37wquB.jpg,1984-09-19,False,Highway to Heaven,7.44,207
False,/cw8B3TTL8LSmAu31Db9MzFNJ273.jpg,"[16, 10759, 10765]",61440,['JP'],ja,ストライク・ザ・ブラッド,"Kojou Akatsuki's days as an ordinary high school student in the Demon District of Itogami Island come to an abrupt end after a fateful encounter leaves him with the remarkable abilities of a vampire.  It isn't long before he is thrust into the center of attention when it is discovered that he is the fourth primogenitor, an immensely powerful vampire whom most consider to be merely a legend. Fearing Kojou's destructive potential, the Lion King Organization sends in an apprentice sword-shaman, Yukina Himeragi, to monitor, and should he become a threat, kill the boy deemed the world's most powerful vampire. Forced together by circumstance, the two form an unlikely alliance as Kojou comes to terms with his abilities and they both struggle to protect the city from various emerging chaotic forces.",47.4891,/rbGaCkEVS7PE5fKKMAmvO4XZXyA.jpg,2013-10-04,False,Strike the Blood,6.892,83
False,/n61sgsYJj02oO4AWFWLrGq9toqe.jpg,[18],55582,['JP'],ja,孤独のグルメ,"Centered around typical Japanese food, a solitary salesman travelling through the country for business purposes, eats at its various establishments and experiences the various delicacies of Japanese cuisine.",44.4815,/3DEWsJv0OxHON7AEy4Us6m3e7fS.jpg,2012-01-04,False,Solitary Gourmet,8.9,24
False,/uBp9d5J58yzjafKiWsz7cdctmIY.jpg,[10764],73036,['KR'],ko,냉장고를 부탁해,The best chefs of Korea compete to create impromptu dishes that feature ingredients found inside the guest stars' personal refrigerators.,43.6578,/zc7qvd7CVuYpWMXZxuSbhG8n8g1.jpg,2014-11-17,False,Chef & My Fridge,8.667,6
False,/r7tiRgwCz4orOoYZIdbRdIGkfU3.jpg,"[35, 10751]",4610,['US'],en,Hannah Montana,"At home and school, she's Miley Stewart, a typical teenager, but when the lights go down and the curtain goes up, she emerges as the glamorous and talented Hannah Montana. Having the ""Best of Both Worlds"" is a complicated proposition, and keeping her identity under wraps leads Miley and her friends into some hilarious capers as she tries to balance her normal life with her rock star persona.",47.3267,/usJAQAA7s9lJGGOGehIZdzKPCke.jpg,2006-03-24,False,Hannah Montana,7.1,749
False,/6ppfLWu0b7bmiH8AZRqZStT14C7.jpg,[99],1181,['US'],en,American Experience,TV's most-watched history series brings to life the compelling stories from our past that inform our understanding of the world today.,51.3627,/YkcFBVYG6jvvHBRL1BxraAcOxh.jpg,1988-10-04,False,American Experience,6.5,48
False,/6GzNuxHWvaEzNNVZ5xI0LsqxFCl.jpg,"[10765, 18, 10759]",4414,['US'],en,Highlander: The Series,"Duncan MacLeod cannot die -- he is a 400-year-old immortal, who has seen his share of humanity's history. Still, he risks his life in battle against other immortals and tries to save people from harm.",48.5239,/rlJzuTbdMAa6jOdpKxxTx8KVN88.jpg,1992-10-03,False,Highlander: The Series,7.391,434
False,/ulXewCeBreYuw1fpjpibYQ66RRv.jpg,[18],72071,['US'],en,The Chi,"A relevant, timely and distinctive coming-of-age story following a half dozen interrelated characters in the South Side of Chicago. The story centers on Brandon, an ambitious and confident young man who dreams about opening a restaurant of his own someday, but is conflicted between the promise of a new life and his responsibility to his mother and teenage brother back in the South Side.",48.4979,/niD8X5pEXpmRUDhSPdDOgI3Gw5Q.jpg,2018-01-07,False,The Chi,7.84,225
False,/rtJrrlUeiMtzQ6lJLGHHyYHYhnK.jpg,"[35, 18, 10751, 10766]",1446,['AR'],es,Floricienta,"Florencia is a singer and orphan, who falls in love with Federico, a businessman. They will be able to overcome all obstacles, but their love will take an unexpected turn.",48.4986,/jHpGf342KoTemqxiGCtZw0pejqm.jpg,2004-03-15,False,Flinderella,8.177,175
False,/9Mk99zaaymurtHuYCW6r8SBVXW0.jpg,"[35, 10751]",1530,['US'],en,My Three Sons,"A widower and aeronautical engineer named Steven Douglas raises three sons with the help of his father-in-law, and later the boys' great-uncle. An adopted son, a stepdaughter, wives, and another generation of sons join the loving family in later seasons.",49.8006,/2BGjuEKFtq43P3HeYSPWcX9E5et.jpg,1960-09-29,False,My Three Sons,6.598,41
False,/gRm6VeU3glb0bV0wPJYaTysdfbz.jpg,"[10768, 18]",4316,['US'],en,Combat!,"Combat! is an American television program that originally aired on ABC from 1962 until 1967. The show covered the grim lives of a squad of American soldiers fighting the Germans in France during World War II. The program starred Rick Jason as platoon leader Second Lieutenant Gil Hanley and Vic Morrow as Sergeant ""Chip"" Saunders.",48.6627,/4Xk9VQ5Xa6jkRHBINkHiRzRNgde.jpg,1962-10-02,False,Combat!,7.9,119
False,/nBrkOZyI75artyizuBFeya48KbO.jpg,"[16, 10765]",86831,['US'],en,"Love, Death & Robots","Terrifying creatures, wicked surprises and dark comedy converge in this NSFW anthology of animated stories presented by Tim Miller and David Fincher.",45.7035,/vL5BQvXH96cJzmNK5n7QliQxy90.jpg,2019-03-15,False,"Love, Death & Robots",8.204,4180
False,/ogk00dzWSBK57rfwJjqBilvTfbe.jpg,"[10766, 18, 9648, 80]",45815,['BR'],pt,Avenida Brasil,"Brazil Avenue is a dynamic, lifelike, and modern telenovela that reveals how unrelenting ambition and inflicted cruelty can change a young girl’s destiny and lead her to seek revenge.

",46.1461,/3wH4kZ0hdoizAcgqCgp3gUD1fFq.jpg,2012-03-26,False,Brazil Avenue,8.1,1328
False,/shXdGFZIEaSmiOkVW2BeEaPihuA.jpg,"[16, 35]",223564,['JP'],ja,君のことが大大大大大好きな100人の彼女,"Rentaro Aijo was rejected 100 times in middle school. He visits a shrine and prays for better luck in high school. The God of Love appears and promises that he'll soon meet 100 people he's destined to date. But there's a catch—once destiny introduces someone to him, the two must happily love each other. If they don't, they'll die. What will befall Rentaro and his 100 girlfriends in high school?",48.0131,/wr3mS1pifbUVLgCloqf1B9QwZ4E.jpg,2023-10-08,False,"The 100 Girlfriends Who Really, Really, Really, Really, REALLY Love You",8.3,222
False,/iWS5Z9wsQT8hC0HYAUN6WXLmFNP.jpg,"[10759, 10765, 16]",110181,['CN'],zh,武神主宰,"The protagonist Qin Chen, who was originally the top genius in the military domain, was conspired by the people to fall into the death canyon in the forbidden land of the mainland. Qin Chen, who was inevitably dead, unexpectedly triggered the power of the mysterious ancient sword.

Three hundred years later, in a remote part of the Tianwu mainland, a boy of the same name accidentally inherited Qin Chen’s will. As the beloved grandson of King Dingwu of the Daqi National Army, due to the birth father’s birth, the mother and son were treated coldly in Dingwu’s palace and lived together. In order to rewrite the myth of the strong man in hope of the sun, and to protect everything he loves, Qin Chen resolutely took up the responsibility of maintaining the five kingdoms of the world and set foot on the road of martial arts again.",43.6015,/ihVkKv0QBPK8kf8SUajc4cK1Km6.jpg,2020-03-07,False,The God of War Dominates,7.444,9
False,/3q7cCjq2cEcYjuOIpL46n11l1Gs.jpg,[99],1966,['GB'],en,Horizon,"Horizon tells amazing science stories, unravels mysteries and reveals worlds you've never seen before.",48.2712,/uX8pic7asQBdnwMB9QjPvTsn1Dw.jpg,1964-02-04,False,Horizon,7.471,35
False,/fs5VXKvIUcfTn3nsc3g4s3OIcV4.jpg,[18],46880,['US'],en,The Fosters,"Stef Foster, a dedicated police officer, and her partner Lena Adams, a school vice principal, have built a close-knit, loving family with Stef's biological son from a previous marriage, Brandon, and their adopted twins, Mariana and Jesus. Their lives are disrupted in unexpected ways when Lena meets Callie, a hardened teen with an abusive past who has spent her life in and out of foster homes. Lena and Stef welcome Callie and her brother, Jude, into their home thinking it's just for a few weeks, until a more permanent placement can be found. But life has something else in store for the Fosters.",47.4421,/iRCmazqaUNNsgZyR6tNDl88pXp3.jpg,2013-06-03,False,The Fosters,7.5,339
False,/a97Q8f3dWiaMg2nq79zG5oZVotp.jpg,"[10768, 35]",4068,['US'],en,Hogan's Heroes,"From a German prisoner of war camp during World War II, Colonel Robert E. Hogan coordinates an international crew of Allied prisoners running a Special Operations group.",47.431,/qifpp3AmNx54Ko4obdwxOWNf0lo.jpg,1965-09-17,False,Hogan's Heroes,7.544,193
False,/qdVdWLUAj9Xxrx0OIT76gWVI4fg.jpg,[10764],2612,['US'],en,Deadliest Catch,"Forty-foot waves, 700 pound crab pots, freezing temperatures and your mortality staring you in the face…it's all in a day's work for these modern day prospectors. During each episode we will watch crews race to meet their quota and make it home safely.",47.3481,/aqF7wHfA2n89zbBqG6DLuDjrHut.jpg,2005-04-12,False,Deadliest Catch,7.243,179
False,/8rEKZ1PdiglSi0jTyookQtZaQOo.jpg,[99],113630,['FR'],fr,Enquêtes criminelles,,47.3201,/eQNT1q6BNJt55IHk0sI1O5grUhE.jpg,2008-10-08,False,Enquêtes criminelles,8.0,1
False,/xIYUHL2KEYNMAsjFuUCQQZsH7D1.jpg,"[16, 35, 10762]",112527,['JP'],ja,オバケのQ太郎,"Q-taro, a monster, is living with the Ohara family. He can fly and make his body transparent, but he cannot turn his body into other things like other monsters do. He is a scattered mind, and he always makes mistakes and causes trouble.

Sequel of Shin Obake no Q-tarou.",47.2093,/acb9g0rlsFhy3LBPDvMF7Tso9Q0.jpg,1985-04-01,False,Obake no Q-tarō,8.0,3
False,/bVml4IQKIS5DfPqgDoaZoRLlxIY.jpg,"[16, 10751, 10762, 35, 10759]",64783,['US'],en,Dawn of the Croods,"The world's first family is back for more laughs as they discover sports, sleepovers and other wonders in a world of exotic creatures and adventures. This 2D animated cartoon is based on the 3D animated feature film, ""The Croods"".",47.1301,/cyCAsMLGECvEAFDfKcxcWy7YTOW.jpg,2015-12-24,False,Dawn of the Croods,7.44,100
False,/mP0LywGWY77Qa9rmfWZPJDEGaY2.jpg,"[18, 10751, 35, 10759, 10766]",86310,['IN'],hi,राधाकृष्ण,"The story of Radha and Krishna is the epitome of eternal love, which transcends eras and emotions.",47.0688,/3SiMmfY0663JmjpAfftmj1h6XGP.jpg,2018-10-01,False,RadhaKrishn,9.0,4
False,/iohe4KtMpFKYzuA3QIBRrcbJIbz.jpg,"[16, 35, 10762]",3611,['US'],en,Cow and Chicken,"Follows the surreal adventures of a cow, named Cow, and her chicken brother, named Chicken. They are often antagonized by ""The Red Guy"", who poses as various characters to scam them.",47.0546,/1vsIbN9FOsr97vIAGLYpRu7ZiSq.jpg,1997-09-16,False,Cow and Chicken,7.082,536
False,/32kAbClMKp2BmwNPH5j8OKzyYt9.jpg,"[18, 80]",40758,['DE'],de,Großstadtrevier,Follow the everyday work of a fictional police station on the Kiez of Hamburg.,47.0132,/fVsntDN3mQAuaDFGiJTKar7fRcu.jpg,1986-12-16,False,Großstadtrevier,6.0,14
False,/bcdbAtYOHoE2KDXjgmWxWgSJ1gP.jpg,[10767],90648,['DE'],de,ZDF-Fernsehgarten,,47.0022,/kUnK5nohn8YSoG4yMWGvEKCYSuM.jpg,1986-06-29,False,ZDF-Fernsehgarten,2.8,5
